2: SERVER -> CLIENT: 220 smtp.gmail.com ESMTP d9443c01a7336-29b5b1070c3sm50469355ad.12 - gsmtp

1: CLIENT -> SERVER: EHLO localhost

2: SERVER -> CLIENT: 250-smtp.gmail.com at your service, [103.5.6.50]
250-SIZE 35882577
250-8BITMIME
250-STARTTLS
250-ENHANCEDSTATUSCODES
250-PIPELINING
250-CHUNKING
250 SMTPUTF8

1: CLIENT -> SERVER: STARTTLS

2: SERVER -> CLIENT: 220 2.0.0 Ready to start TLS

1: CLIENT -> SERVER: EHLO localhost

2: SERVER -> CLIENT: 250-smtp.gmail.com at your service, [103.5.6.50]
250-SIZE 35882577
250-8BITMIME
250-AUTH LOGIN PLAIN XOAUTH2 PLAIN-CLIENTTOKEN OAUTHBEARER XOAUTH
250-ENHANCEDSTATUSCODES
250-PIPELINING
250-CHUNKING
250 SMTPUTF8

1: CLIENT -> SERVER: AUTH LOGIN

2: SERVER -> CLIENT: 334 VXNlcm5hbWU6

1: CLIENT -> SERVER: [credentials hidden]
2: SERVER -> CLIENT: 334 UGFzc3dvcmQ6

1: CLIENT -> SERVER: [credentials hidden]
2: SERVER -> CLIENT: 235 2.7.0 Accepted

1: CLIENT -> SERVER: MAIL FROM:<denuevojhemar.sjfb@gmail.com>

2: SERVER -> CLIENT: 250 2.1.0 OK d9443c01a7336-29b5b1070c3sm50469355ad.12 - gsmtp

1: CLIENT -> SERVER: RCPT TO:<denuevojhemar.sjfb@gmail.com>

2: SERVER -> CLIENT: 250 2.1.5 OK d9443c01a7336-29b5b1070c3sm50469355ad.12 - gsmtp

1: CLIENT -> SERVER: DATA

2: SERVER -> CLIENT: 354 Go ahead d9443c01a7336-29b5b1070c3sm50469355ad.12 - gsmtp

1: CLIENT -> SERVER: Date: Fri, 21 Nov 2025 09:41:54 +0100

1: CLIENT -> SERVER: To: "St. Joseph Fish Brokerage Inc." <denuevojhemar.sjfb@gmail.com>

1: CLIENT -> SERVER: From: "St. Joseph Fish Brokerage Inc." <denuevojhemar.sjfb@gmail.com>

1: CLIENT -> SERVER: Reply-To: Victoria Calhoun <denuevojhemar.bsit@gmail.com>

1: CLIENT -> SERVER: Subject: New Contact Form: Id vitae in rerum vo

1: CLIENT -> SERVER: Message-ID: <Kd73vGWdsb2G1mDHo2WTn2o1iuvxLt3tmffvNJzg@localhost>

1: CLIENT -> SERVER: X-Mailer: PHPMailer 6.9.2 (https://github.com/PHPMailer/PHPMailer)

1: CLIENT -> SERVER: MIME-Version: 1.0

1: CLIENT -> SERVER: Content-Type: multipart/mixed;

1: CLIENT -> SERVER:  boundary="b1=_Kd73vGWdsb2G1mDHo2WTn2o1iuvxLt3tmffvNJzg"

1: CLIENT -> SERVER: Content-Transfer-Encoding: 8bit

1: CLIENT -> SERVER: 

1: CLIENT -> SERVER: --b1=_Kd73vGWdsb2G1mDHo2WTn2o1iuvxLt3tmffvNJzg

1: CLIENT -> SERVER: Content-Type: multipart/alternative;

1: CLIENT -> SERVER:  boundary="b2=_Kd73vGWdsb2G1mDHo2WTn2o1iuvxLt3tmffvNJzg"

1: CLIENT -> SERVER: 

1: CLIENT -> SERVER: --b2=_Kd73vGWdsb2G1mDHo2WTn2o1iuvxLt3tmffvNJzg

1: CLIENT -> SERVER: Content-Type: text/plain; charset=us-ascii

1: CLIENT -> SERVER: 

1: CLIENT -> SERVER: New Contact Form Submission

1: CLIENT -> SERVER: Name: Victoria Calhoun

1: CLIENT -> SERVER: Email: denuevojhemar.bsit@gmail.com

1: CLIENT -> SERVER: Contact: 09603418427

1: CLIENT -> SERVER: Subject: Id vitae in rerum vo

1: CLIENT -> SERVER: Message: Alias assumenda cupi

1: CLIENT -> SERVER: 

1: CLIENT -> SERVER: --b2=_Kd73vGWdsb2G1mDHo2WTn2o1iuvxLt3tmffvNJzg

1: CLIENT -> SERVER: Content-Type: text/html; charset=us-ascii

1: CLIENT -> SERVER: 

1: CLIENT -> SERVER: 

1: CLIENT -> SERVER:             <!DOCTYPE html>

1: CLIENT -> SERVER:             <html>

1: CLIENT -> SERVER:             <head>

1: CLIENT -> SERVER:                 <style>

1: CLIENT -> SERVER:                     body {

1: CLIENT -> SERVER:                         font-family: Arial, sans-serif;

1: CLIENT -> SERVER:                         background-color: #f4f4f4;

1: CLIENT -> SERVER:                         margin: 0;

1: CLIENT -> SERVER:                         padding: 0;

1: CLIENT -> SERVER:                     }

1: CLIENT -> SERVER:                     .email-container {

1: CLIENT -> SERVER:                         max-width: 600px;

1: CLIENT -> SERVER:                         margin: 20px auto;

1: CLIENT -> SERVER:                         background-color: #fff;

1: CLIENT -> SERVER:                         border-radius: 8px;

1: CLIENT -> SERVER:                         box-shadow: 0 4px 8px rgba(0, 0, 0, 0.2);

1: CLIENT -> SERVER:                         overflow: hidden;

1: CLIENT -> SERVER:                     }

1: CLIENT -> SERVER:                     .email-header {

1: CLIENT -> SERVER:                         text-align: center;

1: CLIENT -> SERVER:                         background-color: #F2571B;

1: CLIENT -> SERVER:                         color: white;

1: CLIENT -> SERVER:                         padding: 10px 0;

1: CLIENT -> SERVER:                     }

1: CLIENT -> SERVER:                     .email-body {

1: CLIENT -> SERVER:                         padding: 20px;

1: CLIENT -> SERVER:                         color: #333;

1: CLIENT -> SERVER:                         line-height: 1.6;

1: CLIENT -> SERVER:                     }

1: CLIENT -> SERVER:                     .email-footer {

1: CLIENT -> SERVER:                         text-align: center;

1: CLIENT -> SERVER:                         padding: 10px 0;

1: CLIENT -> SERVER:                         background-color: #f4f4f4;

1: CLIENT -> SERVER:                         color: #666;

1: CLIENT -> SERVER:                         font-size: 14px;

1: CLIENT -> SERVER:                     }

1: CLIENT -> SERVER:                 </style>

1: CLIENT -> SERVER:             </head>

1: CLIENT -> SERVER:             <body>

1: CLIENT -> SERVER:                 <div class='email-container'>

1: CLIENT -> SERVER:                     <div class='email-header'>

1: CLIENT -> SERVER:                         <h2>Id vitae in rerum vo</h2>

1: CLIENT -> SERVER:                     </div>

1: CLIENT -> SERVER:                     <div class='email-body'>

1: CLIENT -> SERVER:                         <p><strong>Name:</strong> Victoria Calhoun</p>

1: CLIENT -> SERVER:                         <p><strong>Email:</strong> denuevojhemar.bsit@gmail.com</p>

1: CLIENT -> SERVER:                         <p><strong>Contact:</strong> 09603418427</p>

1: CLIENT -> SERVER:                         <p><strong>Message:</strong> Alias assumenda cupi</p>

1: CLIENT -> SERVER:                     </div>

1: CLIENT -> SERVER:                     <div class='email-footer'>

1: CLIENT -> SERVER:                         <p>St. Joseph Fish Brokerage Inc.</p>

1: CLIENT -> SERVER:                     </div>

1: CLIENT -> SERVER:                 </div>

1: CLIENT -> SERVER:             </body>

1: CLIENT -> SERVER:             </html>

1: CLIENT -> SERVER:         

1: CLIENT -> SERVER: 

1: CLIENT -> SERVER: 

1: CLIENT -> SERVER: --b2=_Kd73vGWdsb2G1mDHo2WTn2o1iuvxLt3tmffvNJzg--

1: CLIENT -> SERVER: 

1: CLIENT -> SERVER: --b1=_Kd73vGWdsb2G1mDHo2WTn2o1iuvxLt3tmffvNJzg

1: CLIENT -> SERVER: Content-Type: application/octet-stream; name=broker.png

1: CLIENT -> SERVER: Content-Transfer-Encoding: base64

1: CLIENT -> SERVER: Content-Disposition: attachment; filename=broker.png

1: CLIENT -> SERVER: 

1: CLIENT -> SERVER: iVBORw0KGgoAAAANSUhEUgAABrIAAAIOCAYAAAD0qJ0MAAAAAXNSR0IArs4c6QAAAARnQU1BAACx

1: CLIENT -> SERVER: jwv8YQUAAAAJcEhZcwAALiMAAC4jAXilP3YAAP+lSURBVHhe7P0JmGXJWd8JR8Q55665Z9Ze3V29

1: CLIENT -> SERVER: q7W1ViRQC0loZRESICwLMGB77DGemc/jge+beZ4ZD/Z4ZjxeMGD7s/DyYWxjw2ODwRgDNkhIqAUC

1: CLIENT -> SERVER: ba1drdbSe3ftWy53Ocv3/78Rce+5WZlVWdVZXZmV7+/me0/sESdOnLg33/dGHKMoiqIoiqIoiqIo

1: CLIENT -> SERVER: iqIoiqIoiqIoOxEbjoqibC+8t9ZLZCM/KSHNJE1un5rpvMBa27DOZpQkdU0c6U9NhVTWOJe4hrPw

1: CLIENT -> SERVER: w420CY4WBVmkSeBwUqKpmPoqCVlBWZY5imC7TIVKJHDUXESUVQ4ZVjiiJiQJkRvVGrNtERvKqKqq

1: CLIENT -> SERVER: YNneB9aXcw1nqCjKzYPMO5z5wvzDKYFzBucOOmU+RDzmzKZLDOZQeFLXKfrFxeWzq1/orfS+NuwP

1: CLIENT -> SERVER: P868iqIoiqIoiqIoiqIoys7jKlXLiqJskSlr7RTuMGeNbeKYWWsShKfG2hQ3Hg1QdbejHcg5125P

1: CLIENT -> SERVER: tW9bOjB3t8tcyzmbVs6kiTMNmyQZ3Szc4c8mNkM8y0QdlShxxdjkqgThYo0qS2+EumYqW5iqlDKo

1: CLIENT -> SERVER: JqbDBUNXVaHw0hRFafKqWGfI2oyxjezKhJbj3MqqimYtRVGUSTDt2cphdoxg7hBDFlycp8TGhYnL

1: CLIENT -> SERVER: ZbZROpPYqsJUm7TLtfL8+aeXP37h1MXPLJ9b/tWQW1EURVEURVEURVEURdlhqCFLUa4OKksbEBqQ

1: CLIENT -> SERVER: eP9QHN4ZTqExal+727q3M9U6UtmqkTaSKZe4tktdyya2lWSuhZRNk3L1levYxDQra5KqrBKbmUbW

1: CLIENT -> SERVER: bsy0OsmMcVVmktKVZSGl5gal2cKJhhZB1M5WJWqm0pYtgAMxxrnSUneLtrBFGxqARourrkBZuMqN

1: CLIENT -> SERVER: kloUNs4nNUBKa0tnvLGrgkdSoNb1FUvEVRiyEpQo5is5h1AZ/6SCMdRWUxRF2Z3Eezrex/EW3/Jt

1: CLIENT -> SERVER: jYkCs5NkY56C67A4U2J+tJw/OFvjUGB2xNFWg9IMi2HWqaZW0jPJx889cfFjz3zj+E8ylaIoiqIo

1: CLIENT -> SERVER: iqIoiqIoirLzWKcSVpQ9z0b3xCjMOns4a6S3JWkya0yVGCerolousV24W9aZZme2dXTx4NzdnYXO

1: CLIENT -> SERVER: gbwcNmxmWiYps9LClVSZTatG6fKsrOBD+qIobFlVYgoqitwM8jXTzwfGL6aiaQpxleXSApNLEC03

1: CLIENT -> SERVER: EjV2B2jKom2LJqfLwaVTmzPOK5Y5JB3bn8RuJipjHqVn1hUl3lBEvRVi4rp8syaQumP6YJdj4WrI

1: CLIENT -> SERVER: UpSbCN7P8Z7GfTzaUpRh9fu6luYSaMgK8TJflutmwARJEC9F5ogflKaA7O/Ol4v5vocuPL38h098

1: CLIENT -> SERVER: 6en/wSdWFEVRFEVRFEVRFEVRdhpRNaQoit/ir2uN5fZ9FD53StzWmoa1tj292P3mg8f2vTrrpotF

1: CLIENT -> SERVER: UThrq6Zpum6jaaerZjJtk7xVpVVzUFUN4/ppPy+4HZ81VWXLIffpK0yZ4lginApV7s1XIqwqIahp

1: CLIENT -> SERVER: 5KZByitlRSGLNxprxHgUYUQIv5yOd0Ou4s6PCuDIRBuudgYJbd4qo+JreTYyZCmKskvB/TyyU+Ne

1: CLIENT -> SERVER: pvCWpkzc6tFzmfs9zg2yPrSeLqyfZXSV460PKYw5MDO7Nre2+OFzT1z88PHHT/4/CFUURVEURVEU

1: CLIENT -> SERVER: RVEURVF2IBN6IkXZs1iz0Gg2XtiZbt/pUtN1ieskqWsnmZ1ymZ22TTudttzs7IHO7a35xqHCFa3C

1: CLIENT -> SERVER: VHZYlK4o8tS6Ks1NIUapQTE0g3xo8rzk051MQcNUOVbOin4Vb34VFtNA4PamqzGSrn6HSgBAmDyM

1: CLIENT -> SERVER: KvpHEWPXOOS5s9EkcaWJo9bUSRjxHBu3PvuV2qIoyg4nWqBkHpSDMN7W9MowKdeici2WzLcog8Uw

1: CLIENT -> SERVER: vEzCxoMMHOIISYwzt08fOjX4hvlXJ588/dtrK73fQ4yiKIqiKIqiKIqiKIqyA7kKNZGi7Hpa1tkF

1: CLIENT -> SERVER: 5+y0ta7rEhwT26W0us1bl47O3T97aPYOlxbd0ppW0uBzrIpOlVadMh20S1emK4NVs9rvm+GQytLK

1: CLIENT -> SERVER: FAWOBVdR4Wi9MUoUqDUp+CaMVa38E+MVxK9AYBpuCsgkYVssRGykyJUt+vxfAKmDR+r0IdsGix7X

1: CLIENT -> SERVER: 5Rkb0TYmRq/Pd7WNiys1Jliff6M0iqLsEmRGFPz0gPdwj0f7lhDv+03udz4mkPMSZ0/Og1zhGqfe

1: CLIENT -> SERVER: PLF8lp8PGGDOHRoz3Wqbo+XBzzz16VN/98LZ5d/FXHzCp1YURVEURVEURVEURVF2GqoCVm5GMkgD

1: CLIENT -> SERVER: ozvDAOfWgM46N9tsN+6cnuve1Win+7N2spR1GotZN1lybbfgOtWi7RQLZVp18ryweZWbssjlmVXD

1: CLIENT -> SERVER: aigrrYZFaQb0D0vuACi/+i9kP0CvYxUX76hwV/Gw/jkvPhovOGjE8tDvTVkS7xPJcUKRC2L8+nCJ

1: CLIENT -> SERVER: ANGQtZ1cyWh1VbCsqylv/XmS9fk3SqMoyq4h3sKjWzs66vf2RmE1Rs/Ug8ghpOc61wKRBSZNCRtU

1: CLIENT -> SERVER: JsuT6lB734p7MvuVJ7/8zM/mw/yzIamiKIqiKIqiKIqiKIqyA1EVsHKz0U3S5LZWu3F7kiWLSSOZ

1: CLIENT -> SERVER: damdaU43D00fmL6zPds4nLTymTwtWpUpmwNXtSyOvbJn+8OeHea5qapCtgPktoAVjoVByoqGK24T

1: CLIENT -> SERVER: 6A1YVHlSKRrsWHIniXEpiHXeGYluMULx6L0jHJWsIVTSBOuRlDmCHqSSeB/iGXtGtrErsuWEoF7Z

1: CLIENT -> SERVER: 1eTbAGa/1qoj6/NvlEZRlF1AWI0VJq7Rs7LCTT0274vHv21wv8fUsiJLCgkhOBSQHBGY2f3cPTBm

1: CLIENT -> SERVER: 1rSH+/IDXzj1ubP/+NzJC79SVdVZyaAoiqIoiqIoiqIoiqLsSLy2R1F2K9bMJc7tN9a2rbPdZqdx

1: CLIENT -> SERVER: 6/zSzEvm9k/f41pmqWpUU1XDzlTNYq7vBlO9qp/ZapjkNrdFUdq8onKTWwTm/llW8IeN/YylsQpH

1: CLIENT -> SERVER: EdwpEoo3Hl2IqOlMvXEpSLLekIVIxyUDAakjlEWlrTdkyZoCH7ehIYv4cEk3iosOv6VWVAJfnljO

1: CLIENT -> SERVER: lYkGNs/W823K1RSx0amsz7+V01UUZUfBeSrOVSXmXoFeCI1RfGFGxpxWv8FpyI/+OBHQT/fYkIUZ

1: CLIENT -> SERVER: VaTiSiy8hpjMhyXnd2OyMjVz1Uyv8WT315/8/DN/dzjIH0Lm0ABFURRFURRFURRFURRlJ1LXECnK

1: CLIENT -> SERVER: bqAByTByM2vtQnem8+q5fTMvSZpmMWklC53ZxuHmTHq0aFcLg3ytObRl2jeDpJevmdW8b4ZFYbil

1: CLIENT -> SERVER: n/wyv/LaS94EciOEu4EHb1KKwEXDlFivfJzEVzYYsqg9RZi48Rfd3uvLQQAVsHT7UvAeViGI0pVL

1: CLIENT -> SERVER: uEYlh8ZdAsNiuC9vkroha33cejYqf2O23ZClKMqex897fkYsZEJGGLwyf4UjDVxhmhyxsSGLyORn

1: CLIENT -> SERVER: bImSqzCn4i+3helVQzMoSpmqp7Mps1gsnT75Jxf/4anHz/wcPg+OhwIURVEURVEURVEURVGUHUrU

1: CLIENT -> SERVER: ACnKToZGq9kkdQfTLD3oGm4hyZL59kzjtqWj86+Yu6V7b5WWM4Uz3UG11rzYu2BWemtmkOdmWOSG

1: CLIENT -> SERVER: z7vi9lLcFpBKUVGZRh0ooF6UK6hoQhJFqD8E+xQD8M54OnEcxcs7QcJEkvnwEOzTeKlCJN1CTTvr

1: CLIENT -> SERVER: 60ABEkthXIgfJwvEgPrKhDH+uVuxnB3I1TbrkvMH68vYKI2iKDsbzqsyh/GHBcGQFV5yj0Nke9fa

1: CLIENT -> SERVER: De7jGAniHDqaB+HHH39gkEQjGebrgSnMWjEw/bySla+Hu/uL1unZzzz2R0/99PLZld9Axgs+v6Io

1: CLIENT -> SERVER: iqIoiqIoiqIoirJTiRogRdkpcEw2rbUdHFvcLjBNk/3dmc7ds/umX9iabx5Lp5MDadcuVe1qsbD9

1: CLIENT -> SERVER: uaHNm3mem7zIg/GKv74fmrws5Jf+XDW13nglzjD6aaBKEhypBGUYhW5kkiTOK0W9chR+2pzqhZGQ

1: CLIENT -> SERVER: T9IHBWsI8khGTz0N8cpZmtHGaS4pf0QtvJ48ItEbRSiKouwgOO1xXsScFbcWlLnQOzyImzBkhQna

1: CLIENT -> SERVER: T58+3IeFdCjG0ZCF+ZTzeoVJfVAUZiUfmn5uTCNNza3Z4dP9r5pfe/KLz/z8sD/8FLL2pQBFURRF

1: CLIENT -> SERVER: URRFURRFURRlxxLVRYqyU5jJGundrU7rWKvbONroZkc6881j3fnm7cmsO1Kmvele2c/WnEmG/YEb

1: CLIENT -> SERVER: VAM7zAtbFpUpK24bWBq8ww0ZKTrl4I8Qmoxo3PJea5yDJNyOiqkQxgTUq4qfCZEKksrRB9WVqyMY

1: CLIENT -> SERVER: BySOmlb8XaKYBfL4q1p2RsmKrQlqCTZjfRayhWyKoig3HMxf0QjF5xSS0ZQWHQiuT2lMT+HKU7/6

1: CLIENT -> SERVER: NJQhYfDgTQxZKCBBWIGJvF/kZnVYGPyZqXbLHC1vfeSZj536+2eOn/33KOMMc0lBiqIoiqIoiqIo

1: CLIENT -> SERVER: iqIoyo5lpDdSlBuEs84eSNPkSNpMj7ZnGnfO7599wfRS95jr2CWb5vN5Mphdyde6A7uWUSk5gAyr

1: CLIENT -> SERVER: 0uRFJRL0mUYMSBzRzhur6OZWUtRzOoZZbscX4/zQpxKUhizLBPRLGN5oyPKLBCSNpGOEzyZ1SX0b

1: CLIENT -> SERVER: IDGiVGXykKGWVgxZo3DPJSX5RIqiKDcxYU6Nk/gVEKMViEYs4oOsn0Pxxpk8qTBf45hjEu8NC7M2

1: CLIENT -> SERVER: LGU63zc9Z6aPL/zuo3/y1N/sr/U/hqAhRFEURVEURVEURVEURdnhTGrTFeX5Y8YlbqnRatw5szD1

1: CLIENT -> SERVER: oul93fvai+ld6Uxyi20NF8tGMTUsykZ/0DP93prp4Tgs+ft6Y3K88Qf8Bdyiz+QohohCkwYrSghO

1: CLIENT -> SERVER: aKRChNigRoYsv0Ugs3L7KRqx4ooovlNEUcoEwS9l0BXSXbUhq654rb2TDUtRQ5aiKDc9cR7c2ny3

1: CLIENT -> SERVER: qSELXq6y5Rvnfod4mrb4g4fVQWkGQ/9ZcEvnwPn+w+7fPPmlZ3+qLMpHkTT8XEFRFEVRFEVRFEVR

1: CLIENT -> SERVER: FEXZyYy16Ypy/UkhjSRNbm1PtV7SXWy/ZPbQ1IumDrbvSWbc4cIN5lbzFbfSW5VnXRV5Ic+9MkUh

1: CLIENT -> SERVER: D/2nIYpQ80g9ZoHRKwM4WK2o0BTxXogT5SUDJWeIoyFLHAxCmaIAjQGALm5ROAa5UYaVhDGjb4t/

1: CLIENT -> SERVER: 3wBGxEq3ghquFEXZo2xkoIrEOBLj62Gknk+mfMzf/EHBIC/N2sAYfJyY6UbDHCyPfv74p8/+k7PP

1: CLIENT -> SERVER: nv23yHIWyXXiVRRFURRFURRFURRF2QVsUcuuKNcMxxgfVzLtkuRw2kgOz+6befXBuxZfny1VL1hp

1: CLIENT -> SERVER: DvYNqtVubzg0QzFe4ViWopik8SoasFJTeQWlFFmJQ+xK48CR03u94YkKT662KmuKT8cUIy/1mJO6

1: CLIENT -> SERVER: TB/COibDrdi2QkY5jMu8hFHWy6Spo4YsRVH2KFdjyKIwzHLCl8BaPgRxC1l8cMhzt3rDyvQHCMfc

1: CLIENT -> SERVER: vX961kwfX/zNb3zqqb/fW+1/BKG55FEURVEURVEURVEURVF2PFvUsivKNZFBUpe4o53p9svn98/e

1: CLIENT -> SERVER: 35xv3NlaSu6zs/ntK+VqZzlfc/3hwNJ4VRaVKB/FXiS/qPcDNMVb4mgNoxEqGKxkFRYD6PEJZctA

1: CLIENT -> SERVER: OElYpCUihiy4RrpOKkG90xusxlanka+iMnScCIK3WpDUPfZtjl/udSmXBLMSRVGUvcflDFl16gYr

1: CLIENT -> SERVER: GrJkJufUHMKto5GLRiw+Q9GYHldjQRpJYo4uHqgGn0n+0WNfeOrvIv4JyaAoiqIoiqIoiqIoiqLs

1: CLIENT -> SERVER: CjbRsivKc6KdpMltjVZ2rNnJbu8udl48f2T2RZ3F9JZeOphbMaszq71z6WqvZwZlZfLKm5Pkh/QU

1: CLIENT -> SERVER: jkpINFqJASsJ/hBGJaajNYuR+PNGJjhEn1khHZ+RghcKpWtTQ1ZIP3pnBA1f9RVScS9DBgUDF7ct

1: CLIENT -> SERVER: HJcyxp/JlVlv36pXpyiKspfYiiGrbsTyczDnd3mXOIpzmKwxmRZlafpDY3p95CusmWu3zcHk0BPP

1: CLIENT -> SERVER: /NGZ/+f0M2f/OUrgOi1FURRFURRFURRFURRll3CpJl5Rro2GdXZ/miVHO1PtexcOzr60Od+4o7WQ

1: CLIENT -> SERVER: 3Wmn81v6aX+2l/fsMB+a3qBn+sO+PLekpG6So9AFAxVLolKTCspop2Ig9/VDWnFKksQ4FzIFLAsT

1: CLIENT -> SERVER: Xaes6TIJPMy73pBFI9Jo7ZZYlHyEvNOLTGWIFjY1ZF2KGrIURVGujqs1ZMX0Y0MWPBVmeXxOVK6S

1: CLIENT -> SERVER: 7WlpxKI0XGIOdxZWs2em/+vjDz31D3qr/d+XzIqiKIqiKIqiKIqiKMquYSNdvKJcDZm1ZjprZPfM

1: CLIENT -> SERVER: Lk2/evbQ9Dd1DjRenEybo4OkN7Vmeq2VwZoZDPtGNg3kX1GYYqyTNI7KSK644nIr8cND9WQIo3Go

1: CLIENT -> SERVER: qgpRZPpsiKucsS4ZKTSFksYu0Wj6cnGknYu+AlLXkVL5uSEMRpkThqZgyJL8IVwUqBsUcTlFbB01

1: CLIENT -> SERVER: ZCmKoniuxpDl516ffpyPcygn6tLkmEwHRTnaVnA2bRf70v2Pn//Mys+dfOL0v63K6knJpCiKoiiK

1: CLIENT -> SERVER: oiiKoiiKouwaNlDFK8qWmU7T5NbWVPNFi4fnX7t4++xr3ZK5b9VcnLuwesH08h4kN3kwMI1WXNV0

1: CLIENT -> SERVER: lQyjIcslEBqyREnpREEpdi28cZu/ikrKupKThiwu2QqKTEGWd0GQTtZgsT5GV2FFliQC4vD5arkB

1: CLIENT -> SERVER: M/jDRIRUHQ1ZPmJU9jq2bsiqZ0Z7kU2Ma7XgrZa1q1hvwVMUZc8iszKmBJkPOd+Nprz18wR/xOAj

1: CLIENT -> SERVER: oyFL5kvg50kfR3eOz4pe7rcW5LrZ+dZcf+7C7Cce/6Nn/vf+av+DklBRFEVRFEVRFEVRFEXZVahW

1: CLIENT -> SERVER: WbkWZpLUHe3OdO5fODT/yvZS44XJUnJXrzk8MqhWOmv9FdPPe2ZYFqYI9icONBqtRlsFAh7oplIy

1: CLIENT -> SERVER: gfA5WD7AGRcMHjxU3spjrCg6vcJSLFxSkE/n9Zh8i/HVqJ7o8Enwzh/uh3wxiQc+BkSJBEOWrJpC

1: CLIENT -> SERVER: WVIOk9bTBLZsyJow6Pi2xtUFETVkKYpyMxPnvLoxyjM5PxKG0OC13ohVluFHC/AX8Mu2gnlphkNj

1: CLIENT -> SERVER: us3M7Gvsv1h+zfzmE5995ifLonxEMiqKoiiKoiiKoiiKoii7irq2SFGuRDNJktu6s51XzR2ceu3s

1: CLIENT -> SERVER: 0alXN+bNbRdsb3bFrbRX+mu2n+emLHIkDUpJjDCurKLQTiWrsjjqRBnpEcWkiHdzPdXYkIVyJD2E

1: CLIENT -> SERVER: BqiRcQclstDoDUf51X5I70sALDjC/GLIitTiCPMxqB6MLCNDVoiQdm2FLRlufJujUjeihixFUW5m

1: CLIENT -> SERVER: 4py3lblOUvIDBK44i2xkyOoNuRqrlAW6S53pcl954GsnPnP2F089duafIP1xn1NRFEVRFEVRFEVR

1: CLIENT -> SERVER: FEXZTUR9kKJcjpZL3OFWp/nChUOz37xwy+y3uMXiRSvp+X3nVy+Ytbww/ao0uSnFRkSlYgpJaGvC

1: CLIENT -> SERVER: UVZiIdwbsuDBn38Th1dmQqjKtGLooNHIx40MWeKhRA+oOSVODiE9ZBTN8iNUmG7FkLWOsSHLs2V7

1: CLIENT -> SERVER: zJYS+jarIUtRlL3EdhiyqmDIIsOiNKuD0gzzyqT4wDkys7TWfnb2Dx576Jl/snJ+9QNIcsGnVBRF

1: CLIENT -> SERVER: URRFURRFURRFUXYTUR+kKOvheqeuS9yBZqtxbP7A7Gtmbpn55nTJvDTPekeW8/NubbhiesPC4M8U

1: CLIENT -> SERVER: GEkUPrYqpcCdpDRe+WddUTjY/HOtotIyDD/RQgZ3FZSUSDIySo0I6UY6z/XKz/AUlZAsMjIQMZIK

1: CLIENT -> SERVER: 04lstYSEzeNxXdEs2TfbR0w+4+oyqCFrEjVkKYoSGE3NW5nqkNbx82MEZuUwn7OcEm5+Hq31S1Mg

1: CLIENT -> SERVER: rNtIzC3twyfWvlz98hNfeuYfF3nxVWTCp5WiKIqiKIqiKIqiKIqy21CtsrIh1tp97anWq2f3T71m

1: CLIENT -> SERVER: 9tD0SzuHOy/utdYOLQ+WW73BcpLnfVNUuWzfRKVhiZFEGwUHlHM0ZlkcaZSiIQvvVDb6giHwBIOQ

1: CLIENT -> SERVER: IMpJFoBDSGeDsSum9D6Jqa2MGjkQTFMT/FLJJGIgGhdyzYSnYwnc/lDasq6+azM+Mc8GDd+AurHr

1: CLIENT -> SERVER: pjR0KYqyt8A0xs+J+hQYfpLgp0Yinxv+s4T4eM7CklPy5iWNWBSfab7bMYeqg1965mNnf/r0s2f/

1: CLIENT -> SERVER: DYJWJUJRFEVRFEVRFEVRFEXZddRUR4oiNJI0uX1u38wbD9y18Ha3ZF88aPYOrpbD7mrRc/1B35Tl

1: CLIENT -> SERVER: EAOn8FsHQqg2lB2fwnCyNGBR6QiR9Vhe5+hj8eafL1Xf3y8YskhIZ62P91mjCSmULx66fajPVIVy

1: CLIENT -> SERVER: L8WrOiEbR2+ZaFwjlaws4nl6f2TrxqX16dYVtAlqyFIU5WYhzmGOHyQ1RnNbnOI47/EzJXijoUs+

1: CLIENT -> SERVER: Z4J/WBRmpV+Y/sCYDOUdnFvMp56e+q/f+OQzf39tpff7SDaxqayiKIqiKIqiKIqiKIqye+BjixSF

1: CLIENT -> SERVER: WOvs0Xa39eoDtyy+88BLFt9THRi89rw7d+jU2rnmhd6yXRsMzDD3T8Ki4Uq2DnRhK8HEmsxYk1iH

1: CLIENT -> SERVER: sESMWXTTiCQv6wXVyN8kITxAs5UkHUFV5WT8mOCeLGICed7WZIHXxGQRvsJtKDawtYLqhixFUZSb

1: CLIENT -> SERVER: gSvOa4hmknoquuVzRXyVyYvSDPLKlKUxnUZmlszCiZXHBr977viFD1ZVdUaSKYqiKIqiKIqiKIqi

1: CLIENT -> SERVER: KLuS+ANnZW/TzRrpK5cOz73vtpce/gv7759732D/yjcdH5ycOrNy3tCARSVhVdGAVZnE8hf0fvDQ

1: CLIENT -> SERVER: VCXGK7jEDYmv546oKr1zRDRi8Vg3aG3MaBHVlZMqiqIoO4l1HwEbz/o0XlWmgNCIxc+lVtYwbjV9

1: CLIENT -> SERVER: /PyJiw8VRfGMT6coiqIoiqIoiqIoiqLsVnRF1t4msdbu6063X3f07v3vPXDfzPea/cWrLmYXD5xb

1: CLIENT -> SERVER: vWB6+cAUpX82foKRkkEakDT1q7CQWbaEsrLyiuLxu+7xbfwkk4goIcVLlySMAZ7oDVv3VSgnOCHI

1: CLIENT -> SERVER: U9vezwd7k1k0nHl/7SXJqdpEvLRpC6BCefHX/jXxu12F2tgUurdY5KX4csayNXw7xn2gKIqyW6nP

1: CLIENT -> SERVER: ryRuGRi5JD7OfQzjQaQyeVmZ/rAyBT6uGmli5tuzpT2RfvTkY2f/U1mUj0keRVEURVEURVEURVEU

1: CLIENT -> SERVER: ZddCDb+yN3Hg6PzS9Hcee/mBv9y+J3nvqebZu071T7bPLJ8zq4OeyYvC0EiVJc40EmuaqZcG/AxL

1: CLIENT -> SERVER: aMSSIQSpqE50ImJ5qipTQuRlwxEvqiq9jNWQGxPCR8nqeaOsZ5S4Jn6lWDBlXQXrywnUq766AhVF

1: CLIENT -> SERVER: UZTLsdnUXkemZH6u4DMHUiJDUXBrQf8J02ykpmU7p84fX/liPsifkjyKoiiKoiiKoiiKoijKrkYN

1: CLIENT -> SERVER: WXuTdqvTeOPRu/b9xdtevu+/KQ703vBs/5mFkxfOpmdWVu1yr2/6w0K2axLzlKtM6qw8B0sEbsdf

1: CLIENT -> SERVER: yEcbTzDoiA4SbpHgJyH6OTIuMVa5pXLll/vhheyX5onljssXYsINourUo70alVnHr61wxVRMEGWy

1: CLIENT -> SERVER: Qi+XUM+wkSiKopCNJhQKufK8IR8DmFijiIFJXhuUOPLgTVZWQZg+FB2DR9EMq0sMJGLEqkwJyRE+

1: CLIENT -> SERVER: xGdVniMYX2majU6/OmW/sHx65fPIczbkUBRFURRFURRFURRFUXYxasjaY1hr90/Ntd91+/1H/tKB

1: CLIENT -> SERVER: V8398Nri8mtP9k51l/sDMyz52/bK2GCo8uINWfJMLP8GsUFQIISKyJLHINR51lSO10xUcHp8iWhO

1: CLIENT -> SERVER: UKtORG6JsWmprElsqS81ckn7NzkhBtfF42uKr82INV6SYvMs18i2F3h13ODqFUXZiPWzV5RInJ2i

1: CLIENT -> SERVER: XIrE4I1CTzRjbVhqcIyNVN4QFX/4IIQ0dScNWFFiuNQF4QxeIITGLEbzM6qTTedrx4ef66/2H0Z0

1: CLIENT -> SERVER: n8kVRVEURVEURVEURVGU3Q3NDsreoOGcPbqwf+b7bnvlwb+c3e2+61l78ugzq2fdap4bmxjTbBrT

1: CLIENT -> SERVER: bjpIYpqNxDRSJyuwEmNpABNtZdzOSZSPcqQ6Ei9RSAY3XlQ0+jxMR39NtkC9PNFQ1rNTWLCIZ9Lo

1: CLIENT -> SERVER: VSMkW5e6JpGYIpybbFg1afCS9WkT518vJ5Y1roVYJKRciq9LDF0oL/avyLoy6lVIf4S8E4QgliMx

1: CLIENT -> SERVER: MQ9hOA/oR8qV8Ofm3XKKlyFek7qQWIaIDxI2Sh9FUZTrRP2GHE8I46B1hJlpLLw/N0oo+FSTt7Bk

1: CLIENT -> SERVER: 8E4C5zjEp6VwZhWXr0B8E8jcH4ReSYsj5jkKn+BYIqj0BZk0TUzLNNdWz649UuSlbiuoKIqiKIqi

1: CLIENT -> SERVER: KIqiKIpyk6CGrJsfahmbaZbcve/Q/Pfd9rL9f6Y8VHzzUyvPtE9euGCWB7koA11qTCNzJqMkfA6W

1: CLIENT -> SERVER: lWPqnKzMCuYRgSpFr1YcE8PqcV696eVq2VRnKtTaAqesBgtB0SgiEuLp8PahchwRw3lAopjHNz46

1: CLIENT -> SERVER: 6nIVxPLXwbasl3q66I3NJGKYirJRoYFR3pqQS1vvQ0b1g3julBgm+E7zgTWpKBO1bESM93lErpGY

1: CLIENT -> SERVER: fTNRFOVSeGvE28O7/bufAbxE/NyHeLmhIOEgEhg5w2Th/eNEY5fH+2k8h6PyJniGbDSPxbw+dvza

1: CLIENT -> SERVER: CB/uDVk0YhWYL8WQBXc3beb2vHly7cLaY1VVrUoGRVEURVEURVEURVEUZdejhqybHGvNXKvdeO2h

1: CLIENT -> SERVER: 25b+9MEXzfzg8szK/SdXT6YX19ZMj0assgy/irdit6AkI+ETR5w3olB3uCNgQ66uMX5tld82MSpT

1: CLIENT -> SERVER: J+XaeW6518HG+YvxHGFBm8nzCKsLCmZFUXYmYmjadD6M88YmNzGDS+Sp8BkBcRSUEcWXdmlexvAV

1: CLIENT -> SERVER: 008Y0UYSXHgTEX8tHMVWmF+KAjI0JkVJnbx9vvdM/3P9tcHjSIJQRVEURVEURVEURVEU5WZADVk3

1: CLIENT -> SERVER: MUni7l3YP/un73jZ4f9h4YWd9y3PLd9/ZnC6c7G3Js8UoXIwwQigiKEKIjs41QV45SEjcdhInhdC

1: CLIENT -> SERVER: G2qMdJ9XgOYrmrFkGyrxxxVFHP6XlrtVwsKECSHeYIYXArxcvp0TfX45NitjIq/3+DOMEbE9cF2h

1: CLIENT -> SERVER: LZdwuXZTamVOlB2rVhTlhhBvv9H87T0T93R93vL4BP729e+XCgkFyU0PJ41ZEBqzuBVtImkY5V/j

1: CLIENT -> SERVER: fAGks1WCdEjNBysyv5QZCFl8aDCM2Wga8+k4b5ZFaYohHLkxU1nDtFdaj5998sJHirx4hkkkoaIo

1: CLIENT -> SERVER: iqIoiqIoiqIoirLrUUPWzUkjzZKXHTy2+Gdu/6alH0vvWH3n6ezEnWfWzjVWh30xWjVSY9oNC0lM

1: CLIENT -> SERVER: C5KmHAp+OAQdYk0LuPOGychgskVowKpLhXOKEtWlUUG6ZTZRkzJ4sq7N4dZYkuByibbCqAzvqBux

1: CLIENT -> SERVER: YitE53yVp3hZQnnrRVGUnc+kAWsSP3PUnxMYE9czhZsdQVwZFVdmjT8tYtpYRp2wZqukIN9GSUKY

1: CLIENT -> SERVER: QzHBlOXDgRixytIURWnKYWUyxM3YzurgbPXFC6cvfrSqqrMhqaIoiqIoiqIoiqIoinITEH84rdw8

1: CLIENT -> SERVER: NLJGev/Ru/b9yKGXzbz3QvfcPceXzyTL/YHp80EizpiMz8OCZAmfh5WaFEfnqJTk790nLRHcVpBB

1: CLIENT -> SERVER: smqohk8Z0k9mGXE5RekVWVem1CN1+frEYEKpcUmQBHiTzkhHKglCu70nvHtCNP7qjffp+UyWCF3R

1: CLIENT -> SERVER: F93ir0eQ9f4RCGQVoZrNkkj/r4dB64KjV6Immz6WEeOA9VF1Q5ScdT0yIEHrM9aQKBQUk4yS1QM2

1: CLIENT -> SERVER: ks24XBy4QrSi7Fn8rcUXjfacw3ygX4nl16XWU/Hl59j6JOJjJZ1kjCHjuZUGeX5GxFxxJRZfjPfh

1: CLIENT -> SERVER: khHpmC8kRiYawUZbv9IfhHECsrHd9ElZCC8heV6a4aCSbQW7SdPMVgvHLzy+8jvL51b+M5INmFVR

1: CLIENT -> SERVER: FEVRFEVRFEVRFEW5OVBD1k1GmiYvPnrHvh/a/+K577mQLt9yau2sXc0Lk1MvaP02gimueuKcbNXk

1: CLIENT -> SERVER: bFRR4rWB1WIUxvx8g9dv8DR++dwSNSHPhUvKwltUwvqASbxiNngiSMeWeZ1oLXM4ZzIOjdvx0RPj

1: CLIENT -> SERVER: YyzfcZzon+hnjD96d2DkCDGov56OvSkuvE2cV12uxLr0LGvUgg06axwSX3Cv7zMwyhX6IfZLXYjX

1: CLIENT -> SERVER: aa+Pw0vOdRxH2Bw5V7wm8Wk3I7bPl7exKMpewz+3cCybwdVMvEt4JwYnxPvGubyRK96JUhwkJPUx

1: CLIENT -> SERVER: sZ5RXf5YIGdBw1LpjU9+C9dShMYmb+BiHGqkwUrCfJ4CkSN3CGc5MQ2FL1kXFvxMl6OgIT7QaMTK

1: CLIENT -> SERVER: IdXQmLnOlOn0u4+cffLCBwZrg0+jaWHmUBRFURRFURRFURRFUW4Gxnv1KLudJMuSVx+4de5Hlu6d

1: CLIENT -> SERVER: fvdJe/bI8bWzbjnPTW6NqWi8SqxJIWK8EmNDVEo+R6gy3MFqQ56n35gKr4riz9wLGx7XDFBir4xT

1: CLIENT -> SERVER: eLmUTU85FlVjfWmxREkGDw09dblqYl44S3gooq4OBa5/bYYYjta1fSNYwualTMbHIn3bxrKFagRR

1: CLIENT -> SERVER: ptdEUZSrgTdNFN55kXiX+js1piDx3vUufk2ARAsXEINVRWNVafKyMMPKy6AszaCgVGZYVoijwcqI

1: CLIENT -> SERVER: 0argVoAihc8DGRRehginfywsd73EPCh/6Fdj0YjFU8ps42L/3PBL/ZX+wz5EURRFURRFURRFURRF

1: CLIENT -> SERVER: uZlQQ9bNQbPVajxwy91Lf2nm7vaffqY6efuz50+n59fWzIC/ZE9woVNrsgxCY5ajMSvk3APUVLEj

1: CLIENT -> SERVER: Gatknz/Wt+N61B8NRFFl7RXTYsKTo5cbg2qXFeVGwbtv/R0YZ6TN4XaqIwMXV0hxVVQ0SlXBMMUj

1: CLIENT -> SERVER: yh4GyZG0CHn8PIt3Wc3lw8ZzVFhtJS6+YriPk2MtD8uUs0BACU/FAJDic61VNE8un1z95GAw/KIP

1: CLIENT -> SERVER: VRRFURRFURRFURRFUW4mbpxWW9kupjqd5utvvWfpz87c3fiek9XpQ8+cO2fWBrko/CpcYZtwy0Fr

1: CLIENT -> SERVER: ksR54baCkL2DV436dUpRuRq5NGRzWI6HqS/Xg1dT6vON743ANjU0lilyhbK2oTpFUa6KibseXO4O

1: CLIENT -> SERVER: nEwrxiOuiMq9DAtIPOJDRuIhBSbEEsXK/R+K53aEXAGc2PHnDv0iSM+tbil0+7AgyA/vOC0K9CtJ

1: CLIENT -> SERVER: IWhaFSp1qTEzM21je/ap5fOrX0TcealYURRFURRFURRFURRFualw4ajsTtJmM3vJ4bvmfrh5e/Vd

1: CLIENT -> SERVER: J4pT88tFz1QpLiy3EuQKLK7EstakQSFIlWAll90rBisqBeEbqy1vVuJZljjUT9pvwScKUhEJ3ATZ

1: CLIENT -> SERVER: rG8iNWU96GYfh6JG4qM2JZYVZStcS3qe3YRcoRCmuRIblTlRbq3sTYIVRbkOxHuScF4a78250R2I

1: CLIENT -> SERVER: uDhhwc3VV7QYldzSLy/MIC9NX44VxJjB0JhhYeT5izRgsTj+aIL1yIpf+mnAQmAqkoZjgjB+JjmT

1: CLIENT -> SERVER: OS8J0srzGyFZELolHGl9egr8bGqgmaVmaWaxHC4XTwz7w+MhWFEURVEURVEURVEURbnJqOuElF2G

1: CLIENT -> SERVER: c/bowoHud8/e1fyetXTtwHLZc4UtTZIZkzUgmTNpmpjUJbjQcXu52i/bgSgrtwKSxwf++4f+i6pT

1: CLIENT -> SERVER: bEKeyodvEyPjD+tZV2yMq4tAB05xbEjxZyqbVKFfKH6jLCb1T82iy58PhMsC4rkxioTzk3Icy6mC

1: CLIENT -> SERVER: QZAhjJhsjA8dB8TXBBvk2eicrii1PCSG0RFOwx+DxH6R6yYZfMTo/ENp0UVGfT+OnhBfJspbF14n

1: CLIENT -> SERVER: ennk88ni6gpf02Q2CfHBnvWR9ThFUSaI83MU3jC81/397ufo+CISHpDUfkpEOh4rWYlVFqXJR8+8

1: CLIENT -> SERVER: MqYo+Mwr41f8sgCm5w8nIJnzBiovqXz2ROMVw7gyywWhO6URCyJ+fk4xveRhnHczzAWxEFZYoAE0

1: CLIENT -> SERVER: ls10O9VCtnjiwtcvfmj5zOrH8Hl2FgkURVEURVEURVEURVGUmwyqq5RdiLVm3/RU9pbuHd0ftEfK

1: CLIENT -> SERVER: b1s1a+0BHxqSVCZNK+MSa2T7QOvNBrzUYuSAiI0GQTRiVbJH0xiv/LyUjcJ9/rEqdLO814K0FXhD

1: CLIENT -> SERVER: CR3SZE+ssl5dcEt67+QZy7lW8jCVEmVWECagMjSReKal0UrqkDL8qisx9TAydA9PraQxDEiPIpOv

1: CLIENT -> SERVER: Z9x/9NNQ4zcwHDfPp6vBk0Mkwymh2i0zMsahrnEdsQDExsCAeEN9bG28ZtYxv0/Md9rp4ulID6Cd

1: CLIENT -> SERVER: LCteC49PHw9M459xM0ZKZdtqDYkuXoOtUspAZR5/VBTl8lwyB+PekXla7tBgyMJnQvDKgTfn6B7D

1: CLIENT -> SERVER: JCD3vWwZWJm8KE3BlVc57kemZzqmT2hgwkxIA1ZqTTNLTLvVMu1GyyS4cW346URapVWVl3laJWWB

1: CLIENT -> SERVER: KTO1ucuLCh9NyJxhBgrNLVlwcMttH9vDBGwPnDKLwzFEY9Z6fZlrZ5Pu2f43qt9+/DNP/4u1ld6D

1: CLIENT -> SERVER: SNJjNkVRFEVRFEVRFEVRFOXmIqiOlF1E6qzZP91JXzd/uPGuUweHb+g3isOlK53jNoJNYxoNE375

1: CLIENT -> SERVER: bo2lNaDypo+oIBQdIa78zWTIijYT2eIK8ECDCs+Zhiyal/yCKvZJgiIQg/aKYYddJJ1DWHgQHkL3

1: CLIENT -> SERVER: 8NSiIUuqEEMWXev6T/o6NALUShMReHLjJKE8cW4JfzW9UW7U7BEbG7IYJrnwxmvG8/FKbZ+Y79I/

1: CLIENT -> SERVER: 4XSoOt7IkDU6Nx4gTBcNWTGZN/R5iUSXGrIU5fpxyRyMe2dsyOJ9iBeXMoV7ys8FwY8breQLYYWs

1: CLIENT -> SERVER: vsKxwH1ICxIFyWi8yrKG6bTaptvqFqlJBi7NBlnfLveWh6cH5wenqkHVL8sqN7nLbWmHKHDISbgq

1: CLIENT -> SERVER: 8WFjrTwuy9oqsanDRxRchI0JrDsDQeIxoZTWIW/ZQO4pNLfIzxcPn3viwn9eu9j7KEo5J4kVRVEU

1: CLIENT -> SERVER: RVEURVEURVGUm46NdEbKziVLnL11ppu+duZQ9o7lA4PXn83yoyUfIcJtnbilYNuaNIMYJ79Yd4U1

1: CLIENT -> SERVER: Nlh3or5ybNSoIOsMMesVoYGNwn3+sQpys7zXQjRexLaSUen1gBAfg6LtxEcFQw/1p0iR4lTFwMKl

1: CLIENT -> SERVER: AQjBQUTyjCxCNMswHd4goTihsj5OegyZRkYdCQ11SmE+nOlCMSMRWHitYHGOIq/M2JDlm+2LigVu

1: CLIENT -> SERVER: bMiK0bzcvGa8VHzujDgA30VGwwHXNraz1rbROePAerwRi69xMlGWI1JkFBaOEyrry6OGLEW5Oi6Z

1: CLIENT -> SERVER: g3Hv8Jbzd6jcmf6Wh9BsxUganivcq5zfirIMWwj6bQS5mNXhyGdWNdLUTLVmTDft9tK8capcqZ7K

1: CLIENT -> SERVER: 1+xp2zfnVs6sPX7uxLkv9Vb7j2OOGaAGTg2cTbz4Dwq6UV1sgewOKC27AjGJPwFjUhTRRHBZFdWp

1: CLIENT -> SERVER: Ii8fQ9iypFAURVEURVEURVEURVFuSqgUUnYH/CH9gZlO+obpQ9k7LhwqX3e+0z9mKnkUVpWKIYvq

1: CLIENT -> SERVER: PVxSJJTNnWjhKvyR0PAwEvqrCkLd4pjNjFEbhT9fhqxLGKs1ReRcgsQR7aOiIauS1UYJTjVhgegP

1: CLIENT -> SERVER: njW6xhQJzoGJkdCXEfoDgdFQFGGcbG8lvklDlq8PUmsw08WnckURooEoIM5RpCd6a8lGxBJj+3wb

1: CLIENT -> SERVER: fUq2ZH2f0ctLI32KRlGpzTDZ1ytcM0kTwnEQrmjIwmEjQxYjvRHL93/IIVzOkLW+3YRh0m5FUa7I

1: CLIENT -> SERVER: JXMw7p3xLcc43JU4yL2N2UzuedxkNGRxJVZelmYAyTHRMR+mR9OwznQaDTPbnC2nkrmz+Tn7lTOP

1: CLIENT -> SERVER: X/jk+RMXPjfs5SfKvDo37A+fLIvyCRTaZ02KoiiKoiiKoiiKoiiKsp1soDpWdihT3Yb7pun92Xet

1: CLIENT -> SERVER: HixfvzyT31O6aipxxrT4jJKmdXwuVgXhKiPC1VipGLL8hY7PgqIK0wvfJ6EitG6cikQF6UZx14sJ

1: CLIENT -> SERVER: paw02Nc9agHPJSSRaDpCHr6zG2jQY4Q3ZHnjFMuhASaHR/qKSdg3cHJrLULFbjTERHjucZetWG+s

1: CLIENT -> SERVER: OBQj4t9iVHxm1rrerllnJPmoQE8odkO8MQglI4s/RwmVd0ZJvlpxdMrZIIL9MC4ZMSEdD/GpX/RJ

1: CLIENT -> SERVER: mRKHMBQ6jvGl+TjG+jj2Wq1UeHz/hdRjaue9nnVdMOIyWRRFuRKc98Is4W9I3FAyEYS7FocSkucQ

1: CLIENT -> SERVER: rshCGP00dLeT1My2umYqmxo2e+0nLz4x+OMzT1x88MLpC38yHOQPowBOh8g5OiqKoiiKoiiKoiiK

1: CLIENT -> SERVER: oijKtrOJ6ljZaWTO3re4v/He3mHztovdwZ1FUs26hnFZamzLOZc1reOSLW7HVsqGTUYMWUnhVyIx

1: CLIENT -> SERVER: JBqygvqy/uZB3FYNWRNGJrDdBi6205tBpFm+maEOeWcghG46GTUKDweqbr0xxeGFYzhxmpZyOIY4

1: CLIENT -> SERVER: clUWEzIvo2ngoq/kM7Csj5BTtdFg441ZUkPsC39gCIQZvIfBXO1AQxbTMFhgvpp1RlzrrDj00pi2

1: CLIENT -> SERVER: Hp/Lv1uU4c+R0MU8aCfbGrLyIHXzmWlUTjMwtLtOPEdZSQVPwpzyxzBviiPsS9+nEZQVimP/ER9X

1: CLIENT -> SERVER: f/flyDXylrQatZLGzjFIvlFwrftGbJhfUfYA4/nY3xh8l9uc9zPmsnjHcs6oLGYw3uu4F/kqaMAa

1: CLIENT -> SERVER: VGYwNGZQYO5D0iwxpttsmoWpuWpqOPvU8NnqMye+duoj508ufzQf5I9gnjmD4pBDURRFURRFURRF

1: CLIENT -> SERVER: URRFUa4/qvrdBVhrFuem0u8ujyU/cGG+eLExeddWJsna1jUbLk0bNvGPzacCEy8xZFGBacR4QQMO

1: CLIENT -> SERVER: Q6jop4wMDqLz9IpPAXEsZKcYstggHsTJ4kMd8h4ieBA/T4oOSTw64IiXc2gvjVLh3Gwhhqy88oYs

1: CLIENT -> SERVER: 9hlhESWdSFMgfWHCGiWeKwuUQkNqpOHKKLpjXd6N95A2ZpFnlIlCGR6BaeiRq4Uj470hSkCcxNbD

1: CLIENT -> SERVER: gM/hXSyX+WLTIjy/kmVPBMJLQxacI0MWTpZlMZmUCQcNYLyuNGJ505+Bm9sysicCLAdp6Ge8RYfF

1: CLIENT -> SERVER: 6qQcuPjy+BCufxM365R6vIQS6BB82DpC2euR7lvHhvkVZQ8wno/jPQeRN9zNYsgCcn8XiKMhqzR8

1: CLIENT -> SERVER: riKN5YNBafo9I4YsGrUcwmenWuZgd6mfnG1//OxXlz9w5tlzf9xb6X22KqunWJSiKIqiKIqiKIqi

1: CLIENT -> SERVER: KIqiPJ+o6ndnQ/XkdLeVvCE9kr7n/FL+LZUr5lNnXNayWbOVZGniUtcUlaQYMUR3GXIyc9xByofx

1: CLIENT -> SERVER: LbiBNwZEH7iK0bCTDFk8D0bJ+UjikEZgPzh0hDe98DkwheWzrthX4YgwZpM8oSw+PYbrkGiDovGm

1: CLIENT -> SERVER: wvnKM6WQgAYsxzxMyAwIDi4jpi/4mRQXxaSQDIWkOCEnhQFpaCn1ygowJg5GK0lBLw5cFUYTEPE5

1: CLIENT -> SERVER: vLDl3m+D0ZI+/x4NWT5kjG97KB+xNG6y+UzHFWbs72jI4qtuyEqqUs5L8qIvmCYaslzpnz8W/f7d

1: CLIENT -> SERVER: u/x5sn/9ubISf11jfbW0IMaNQxCGbHV/RIpeR8yvKHuNrRiyrPyqoWbIQmCBOanfr0yvb2RrwQT3

1: CLIENT -> SERVER: 90ynbRbaC8uNk82PP/25k//y/OkL/7Uqq+MoIk5HiqIoiqIoiqIoiqIoivK8oqrfnc1UK3P3d/cl

1: CLIENT -> SERVER: 7zq/VH1rnuWHbWoajcxmWce1uk2X2UbiTGpcVVa2LOMTngANEi5c4IpKTWo1Jy/32BgQHFcxGp53

1: CLIENT -> SERVER: QxYRY0hobQhkM8RYB+H5RGOGN/iEEmwiBh+G0WhTwEV1ru+tYJiCS0xJUhZXbkmML48PIoObxh26

1: CLIENT -> SERVER: 0qo0CQ04SOHicjdJUZnMO8SI1YCjgwI6SNKtnGmUXO1EvCmKRiw+VIZ1uNDw+E4jlW8rjW++3Xx2

1: CLIENT -> SERVER: DVeQDXCifbj7OKchOoDGOSmHgjj66Sa0nbHoeumSEoVyNQbLZd5c0iFcknhTFp08J2/ICnBcUeiE

1: CLIENT -> SERVER: 1A1ZPLcY44uRFqEeb8jy10dipE3RkOVDABy8IuJn1nAYxdeQotcRulBR9hyXGLJ4r4nTr69kLA1Z

1: CLIENT -> SERVER: 3FawqvzsR2i86g14xH2I9HPdKXOgvXhx7fHyI8e/cOqXVs6t/Q7u3VOSWFEURVEURVEURVEURVFu

1: CLIENT -> SERVER: EKr63bmkibN3Tc2mbykOlG9d7pT3Glt1soZpZC3bbnWSRqvl0orqycTasqwsDQZELiq1kmGLQa/b

1: CLIENT -> SERVER: pEFBHAEqLuPlD+FXMRpuhCGL5hnWIv7YZBxjGjFoAeaV1VQQvmgwKdAXNNjIc7FEmDgaYSoxwiTI

1: CLIENT -> SERVER: GOuK5VIF7JwzTZTRKp3pIk0X59qEcLVSioQNJJyBfxZxDVaOPxp2miijA0+7tGa6Qhnwsx5/HrIu

1: CLIENT -> SERVER: QoRZ2A7W56H5yLdXzgNxYmxC6BCJaMgawL2MNp1GxrPw9yUXDVfcMtEbtgaQHhoyZHqk66MihrPu

1: CLIENT -> SERVER: EkOFRjJvIIMbmQukI74d3nQlLUF5UrYPgIz7iY1Lwnlx9Rn7iy8ugJMVaxSeBcugUzL6FW4sx7cm

1: CLIENT -> SERVER: EBxyCBX4FJ54lLAYj8DQ7FGYouw1Njdk4W7kKkq+cE+KIavEDIjPigI3f3/on43F/FPNtjk4tdQv

1: CLIENT -> SERVER: HjcfeuqzJ39h7ULvA8GIFe4wRVEURVEURVEURVEURbkxqOp3Z2KdNYda7eSb7VLyhrW5/OVlVh5M

1: CLIENT -> SERVER: U9NuN20zabpW1rCNtOGSMuVjsPgIfxC0l3JREUJjgX9JpKmt1/Khsp3dpTrKqzZSMfk2qzrrhorI

1: CLIENT -> SERVER: ekOFxEF4FoyaMGThHGgEYm/wmKNDadjJDZ+PhX4IfSUGLAhXTzUhDbi5qipDdIbcUyidBqp5pJrB

1: CLIENT -> SERVER: cbF0Zh5xU5AG4ln3DNyHS2v2IT+NYTgIdQNPytVYISqahRDtBW/s8pBNYJoYT3jl6OaROXnsQZ7B

1: CLIENT -> SERVER: 1X8KFa3BzbbIii3EM24ZchGdsoKOolygIG4V4X0UNkCl7BMawegeypaL3rjl6/JGJl5/HqPRTSoC

1: CLIENT -> SERVER: dFZhRVbsR67/oMTz4YI1bpBIQ1YCYThD4moswrLrjPyoR1KE+kfhPtuI+hhRFKUO78XwKYA5kDMH

1: CLIENT -> SERVER: DVneiFWYNUwENGp3mqk5MH8obzzb/MiTn3j6n6ycX/0vSHwuFKIoiqIoiqIoiqIoiqIoN5R1KmFl

1: CLIENT -> SERVER: J4CLMt1qutek88mbVufyFxYdc0uSVfOthu22m65lmy5LnM3KxCQFrQY0C8jqK1IZyyU8PhQHUWFK

1: CLIENT -> SERVER: OM0UEQkVq0TMN+Z6r7baCiN7UK1qaW6NaMhicBSmoRQ4h9FzrpCmgMTVSGIGwjlxJVYD4Vw1NQPf

1: CLIENT -> SERVER: ImSBboRNIb6D4yH4b0FHL5RO0k1LnDUtlEUDFdvAdPPSOMpz4JLsKHgCnlxwBvi8rzPOr6pidl5h

1: CLIENT -> SERVER: rqyigYrGrTVk6CGihzC6uYLrOI7nEDZAjhUcLyAdjVx0ryGe+XroI6bvIyzHudFwxjpy1Cf2T8Cm

1: CLIENT -> SERVER: 0JBFB4MoNGbJ+o/aGEqQ2RuyaHJFgH8LLw+P68+WBUp8MGRFpKtryDhQFGUD/L1I4X3DqbwqS5MP

1: CLIENT -> SERVER: cX/3CzMYYg5sZGZparaYW1385NOfOP5Pz5449yu44c6HAhRFURRFURRFURRFURTlhrNOJaxsM/X+

1: CLIENT -> SERVER: 3aq63aXOvqA9l3zn8r7qdVWzPGga1WzasN2pdtJttrhwyCVJw6Z5aRy3kTNp5eLzsGQdD8PoowIz

1: CLIENT -> SERVER: NGG8piaC8E2ML1dtyIrRlxZ17aAsKa5edSh/FERH8IiBCvGls7Iai2eaIwMNMNL+0q+D4rOoMoS2

1: CLIENT -> SERVER: EDQN/1zpzFLlzGHjzC2Qg4ifQ9wsMnZxPAL/kTIRY5UQ2rARMcmVWF8E821U7JXKu0xTxkghMWVl

1: CLIENT -> SERVER: VjBOnralOW25/aA3ZJ1BOLcnvIC4Fa7goh9yhmEQGra4aourvNZc6bcpRF6u/CrRr7RlkfGwodI8

1: CLIENT -> SERVER: 9D2EK7ZobLLBkEWh0Uu2bYTErQvjWB0VUzNk1eF1roewbEVRNkbmc4jMj7gpaXwe9HLT6+N+xHy5

1: CLIENT -> SERVER: MD2fzw3nv3rmofP//NSTp/8t4p8JWRVFURRFURRFURRFURRlRzDSGSvPmfV9GdXrMXxC9x6EYRNq

1: CLIENT -> SERVER: eAQudtrJm8oD9jvXpop7TcNMWUjWdp2plmunzmYmMYlzfqELVxpVNGQho68obkrnf4UvoUwj2n6a

1: CLIENT -> SERVER: FiIM9znWs6Ehqx7EoigjQuQ2WhT8+eCNVYdiZQNFH+QFpxO32eOzoUpn/LOwkJmGrLgai4YQW5Ym

1: CLIENT -> SERVER: RVpuH8gVVYch9+QOkphb0aG3Vs4cQFgHyVl3ijyyWgthXH3FBW8Tp4dECIJ4EyHbwKMPuzzr42M+

1: CLIENT -> SERVER: cdTw5p3JwEvCcM40FNWRNBIWI8Y1clUaV2dxpRUZIgmNVP16GOQc/Mch510p7rMI4xKNs6jsFMJO

1: CLIENT -> SERVER: 4HgR5dOQyj72/e2FBrIh+kdWwIUmsE99e/yzxdifXExIgxa3YGQ0jVqyoqs2LiVfLCTAaJHgp2Oc

1: CLIENT -> SERVER: Q1H2LpyV1t0tENwduJHoKmh4LnLT75XybKx2q2EOdQ6dXvv88OeffeT4/6/Ii6+ETIqiKIqiKIqi

1: CLIENT -> SERVER: KIqiKIqyY1D973OD/ReVfpv15fpwpqe+voGIxFrTtMa2E2u6iTNTWeaOVbP21aszxcuqKXPQNlzb

1: CLIENT -> SERVER: Nmyn2YS0bDOhEausXOVMUqXetgKxtvKGFe/z5g6v1IQwUUwZkNTwjkNAaOlGhqwYJmabyaIA4iR6

1: CLIENT -> SERVER: IvA5weLiGYkbRYvRCJ5YPdtSQGh44XZ6BXqVz8LiloK+JUhcUryZhc++OoQC7i4T82IkfmnuzN04

1: CLIENT -> SERVER: 7jN87pUzXcQzHw06XCXErQcpRAwvyEvDi2+XF1+TT0NizOUYx/t8fJ/IE4pk7TFNhOdfT8zTo7ee

1: CLIENT -> SERVER: StIwfwjkIRqZYrpKEnk/JYeXRkEJxbXm1oTLtjRrkGX07Qr8fLbWRSQ45SrztCtlxdYyKlmF8Hlc

1: CLIENT -> SERVER: 3K7wNMrgg3X6KIPP65LCfadJudIKWiCRl8E0wmEYi1GLNwW3a6Qhi+M5ZmMhsd0RnneEcTWvouxZ

1: CLIENT -> SERVER: 1s/dJScB3uv44z1fFIXJ89z0eYMjcKm72Ju9MP/gY3/8xN9ZW+59GIESoyiKoiiKoiiKoiiKoig7

1: CLIENT -> SERVER: CdX/XjvsOwr16Ot16dTBk5hmpMqnABqxuLpqupHYxanUHZpp2iO24fadbxeHzjTKw8NWua+Ruemk

1: CLIENT -> SERVER: ZduNhuvg2LIN00iqypWuclU61vPLG5WVAppiaZDwL9FjMhhhdXyeEBcJRWxmyGIoTQqyQssXioNP

1: CLIENT -> SERVER: 67NM1vFc8TX6ZkkbUL4YY1AZayrx4qofEedXZPH5TT4lc0FKa9KyMF3kP4o+egkSvaJMzQuLxBwr

1: CLIENT -> SERVER: nFlAfAPp5FFj+Isri5KyMon0I324gIijkYXpxMTCigS2xJ93qDH4JpHUMQKJvNOXTbfkrWdEVDka

1: CLIENT -> SERVER: RmO4haQkDkiWUXkerr7jajQJRDn0R+Oe1BgyRTePNGTl8IhhDCfLVVIshdd7iDD2C+GlX4X/Ivr7

1: CLIENT -> SERVER: PI7nEXAR5Z9B3NOQR21hnkD4MtMgL49rKEyMWjJIWDlL81eIhiz2rd9mkMZC7/ZGQwiTh7QxN4nD

1: CLIENT -> SERVER: PRwkYnQLbIlY0lVlUp5PeIni5dHLtTHr+mVjQxYcEG4rmNOQBQfd3daUmV1d+uyZz5x7//nj538V

1: CLIENT -> SERVER: c+xJn0tRFEVRFEVRFEVRFEVRdhaqFrx22Hfr+49+6uOjBYIrrlIEJ4iQhSfW2CxxtpM6122lbnE2

1: CLIENT -> SERVER: c4eX2vZYo+tuOd0s9z2VDmYvurzrEttpZq6dNVy72XQt07SNxFZZmVSuTEdWFKlf3q6TIcvHh/Lg

1: CLIENT -> SERVER: oTmEL24nx2dRiYkBEfFZRz6HzzXuBl80hTHj0umvp/dw5UA0VhG6CpTNl5hAEEfjy0hQIFdksTo2

1: CLIENT -> SERVER: 3Xc29150po3I/Uh0BzLSiPWSKjF3Fc7sQx1tWdbmjSRSdjhvrtzKkIeGK9ZNQ4u1pawYIpOGLBJb

1: CLIENT -> SERVER: OnkeEzBqfEJe6oE88GSINMi3JSQcU6+WMN+oPI9k5bmEMuV6hQSxGp413bxk7FMaq4YIyVE++9Nv

1: CLIENT -> SERVER: 8edT+fQ+LEPhso8l4NINeX4W+v4CjschT6KfnkTqcyjnBI5PutI8mxRi0GL/8jrlKLEQ8eWyvb5E

1: CLIENT -> SERVER: wPLhk20H6YYwzjm/Ok5ajQZxjNLINcoH2G6WNyJG1gLFKeH+uo/7Wdlx8GKtv4Z6uSZZ3y+4L+pd

1: CLIENT -> SERVER: xB8AVFXp5+sc9x5uOmZpNdpm3i2cWv784N+ceOTkT5dl+QSC4wykKIqiKIqiKIqiKIqiKDsKVQte

1: CLIENT -> SERVER: O+y7utDEQBtKYqysmxF7irW26bgCC+KcbaTOdRqJm2qlyUw3cwuzmTnYapQHl1vF4hNZMXvW5bNl

1: CLIENT -> SERVER: o5xLE9ttNZJGo5E0k6Zt2tSkLqmSkiuyxoYsgZWPFfIVAqikpx8Cr+g6aeip4fOEuDqIiKpQxkmx

1: CLIENT -> SERVER: EFk5QwMCQv0KHxomQjzwq2eQiBrTWCq6IZYVipEYedZVgEYWWlNCMWJYoSGLRjIaJgi3D6Txgyuv

1: CLIENT -> SERVER: 6kYYGmdYv/Q2oH2FzmkIDVX7i9QcKBJzBxr6osKZe0pnDiFRF5mZjmXRkMVnZ8lzm0IrxWAj5+ob

1: CLIENT -> SERVER: IM8XY5/W+zB2jBDDa/GRzaJiVgGRjJ9IM5FgzCbBE+HsiOgP5Y57OEYFf6ia1zM+Z4z94vuZ/e4N

1: CLIENT -> SERVER: Wdy+kUf2UQbhePBF+2tBoxa3HbwA30VxV+YU5LGkMI/ZwpxGHFd9cdvG8yjpLMIu0I/0DJexxPLQ

1: CLIENT -> SERVER: rxQasBLUJiMIcd6QxTVqEDSEK7ZSpgvnAac3ZIVrJO8+Knj8oR4uLcefZJGIwMTdxahY0CTMF6qb

1: CLIENT -> SERVER: hO3AYbLPN0p4E1I/zY27bYKJ/uOFBjIneMelRSANr/H63tzwOoAYzvGxk4lzTZ1LzhJJYoicVy1a

1: CLIENT -> SERVER: zk8CfUmj0mjIwj2TF7jPcBNzJVZiM7Nv+mDpnsl+98lPPv0P15bXfospfQZFURRFURRFURRFURRF

1: CLIENT -> SERVER: 2Xlcqj1TrkS9z+im2puSWWszBKSGR2tSGrAS5zqJs60sSbqZc204pjuNdKaduOnp1C600nxpNcsX

1: CLIENT -> SERVER: nsmGsyfSwcxKUs5UTTuVJa7ZyWyjkSSNKjNp2kC5NGQZUW9u33Vbr+G11Uj5S6MGVz9Recyt9sSQ

1: CLIENT -> SERVER: hTi2oHDeAEHjAZPQoCDxNGTJM5BYFkIZSWdoNJXQIUiQLQOZHkgw0hWVC6t3vPGEq3doyIrGFA9T

1: CLIENT -> SERVER: o4G+cr+KigL3kcKYlw+decUwNXeWqTmGE1lCmSmzQLg0jmlTlJagbhrgZLUP45mABhLpg5AhHHBy

1: CLIENT -> SERVER: cu5E+mjUdz7s2kF+Kc/7PKHea4EncsW8IUGtzmggiEE8PRoRxbCI9D6cR1wbeGj88s8ns2aAtGvI

1: CLIENT -> SERVER: 36Mfwj4dwn8BfXYSx/OQHLKGdE+jtK+6wjyGAXMWYSsI44owGsNy1IWsgEsZacjiNea18YasBJJi

1: CLIENT -> SERVER: EGQYeLyOI0MWknEsxvGx0V3CYtn2MUgt4w9OqZMgHmWNA5h+XUEB5pO860FyX+Q4394xZNX6asPO

1: CLIENT -> SERVER: mWQiSRi3o6B4bSIsGml4bdeXvFlVMbzerJ3IVgxZ67tWzg1hHPMSh4BwCPOXL6PAHJdzNVbOcGea

1: CLIENT -> SERVER: accsukNPnP30hX988vET/xRzMHcGVRRFURRFURRFURRFUZQdy6XaM+VqoMqbxisasVrW2ZazruWc

1: CLIENT -> SERVER: X4WVOtfK0mSqkbhOK0267SyZmm42ZqcbyWwntTMtl8+uucHs43Zt+hvJcGo1yaeKrOpkDdtqNJJW

1: CLIENT -> SERVER: M7ONpLJpmole0lZ4ldTeb+d1q2lHRS9KLWhQgk4YsqrKJAUbwZhKnkklhqbQGjE5iLGL+cugWKUR

1: CLIENT -> SERVER: gn94k8JZni+c0XT5Z7iMzVMM9IYsCpW0fKE+OXrY6VTZysI3CLtkBmkPojG3Ql6OjK/NnbkvT8wc

1: CLIENT -> SERVER: yppCY5iWxpYc58ItAzPUQ0OWk7pLxMfSaUiRhrIG+P05UND7qJetXm/8uFZYMEH9l5TFs9yILVQa

1: CLIENT -> SERVER: DALbgZyvXEya+uTM2VpZeEc/V8lFQxZXW/HIXvJbNpYIK80y/DRw8SR5nsuIedyV5qtJKcasZxD4

1: CLIENT -> SERVER: DI4nkHcNZZUsHGkcFzeyFMQXcn38yjkaVb0hK4w7ls3LJJ0YTUZoOfuhBs+FrRqDMmX8wekzsRB/

1: CLIENT -> SERVER: GAeEMEoM87A6qXI9SMrgepQvdQ8gYyWwYedMMpGE/Rz6TtiiIUtq3KSqmL/erJ2In2smmTzLyXPg

1: CLIENT -> SERVER: ecVz8/O0D4zh/FGBLwFzZ4n7EDdqgfm7mWRmtr2UZ890PvDkJ5/6O/3V3geZUlEURVEURVEURVEU

1: CLIENT -> SERVER: RVF2Mjtcvbfj4SKflrW27ZzrpkkyTcNV6lw7TVyrkbpOO0un21nS7aRJZ6qZTc82s9m5LJl1yXC6

1: CLIENT -> SERVER: b4ZTT9mV7lfKlc7Tdtgps6ppnWk22raJzM22cZm1lTyaiQYgGo2q62TIok6U4qgFpQPUDVlUH6c0

1: CLIENT -> SERVER: ZJWsnJtVsT2+TYynOcErUJm5FCMUDRxsqRgF+Ae3f64WoZkDYRXK8NEe+AvJAUF61sR3PueFaRBk

1: CLIENT -> SERVER: GnB0TGJmUOe8TcwijoeR+BgqvRNyH7LcUTmzgMYxDw0vOTqWbeUKHhpAxNBCI0ZIIScWa0BZNGat

1: CLIENT -> SERVER: N2SVkoaEvEw+ARNeDTF9UNhPZIfnkvLJhoGTsJyrbcpGSFVsBwsTc5GH/TNyUlXuV8/x+VrxWVty

1: CLIENT -> SERVER: XfHK0WfcPrBkGUjLZ2wxPbcVfNaV5jjiach6DPIoRvppHM8h7ALS9DBWuOKLK//iFofEltxeMGwH

1: CLIENT -> SERVER: ybEn48/fjLIy0KeSF/8I2+vV+qHlOMSxJUEh2ButmG0UEMJYamyBB0311209SO6LHEf6sbQHkLES

1: CLIENT -> SERVER: 2LBzJplIwn4OfSfIPRrchEUjTe0qCrwycitvQMxfb9ZOZKPxMXmWk+fA8xqdG+4bmYeRPob7eRgl

1: CLIENT -> SERVER: 4JhD1nKkwfCdaU6V+xqHjp/51IWfP/H1k/+0LMvHmVNRFEVRFEVRFEVRFEVRdjI7XL23o6GBqeGc

1: CLIENT -> SERVER: m04gWZrONbN0rtXIZppp0m1lCY1Y3almOt31hqz2bJZOLTQbM5nLp3rVaudZs9Z52K10vl6uts6b

1: CLIENT -> SERVER: oonyuPoqa7Zso+1SFOmc5aIhav/NSO1OntN1m1DuBu3oyEjAtV/Bw+3a6oYs2nFcadEgpOFKJh7Z

1: CLIENT -> SERVER: MsstBIMJAWFsKQ0YNG5UfmkAHL5YrrSiIYNSoG4Ww3CviCVRfcs6eCxNggY3Cq6iqkwLIXOo5zC6

1: CLIENT -> SERVER: //YyNXdVOKKso6Uz+1DINPJ0kK6BPN5owrL9OXB9j1/FA+QcxME3xPN8QluRTvqF+XxqCRobsuBl

1: CLIENT -> SERVER: tpB1O2BNV81m9ccLvBXqFW+Yjdc09EEkjBnJIM5wRDIxaMGTo3+5io4rqcQIhTw0fHI80VA5RJYB

1: CLIENT -> SERVER: /DmOXK11GvI0xt7TGC9PJKV5HHfXccSfRzi3HlzGsYd8Ba4xTaBVxQ0McXOgTraONyOf3cXnZmUI

1: CLIENT -> SERVER: STDO/DVEBISjyo8s5sUBIiFy3eEXQmIE0FDpDWFeZJXeun5lVj/CaiBZ3KJxMjnLvfmxo7EB6Axe

1: CLIENT -> SERVER: GjY3pB48Sj8uY8JgHOLFRhPgNWKw7/FL8bG+CMol12uXIuflT8jfohhsNPX7/ufK2NJY3CIln42F

1: CLIENT -> SERVER: Dutx6WTizMLMwmD6xPwfPvGJp/7ByvnV/4LQVYiiKIqiKIqiKIqiKIqi7Gi8lk+5GthnFG4fOJUk

1: CLIENT -> SERVER: yWwjS+fbzcbiVKu52G02ZjuNdKqdpp3pZjI108ymp7Ok3U1dezZJOx1nurntdU4VF5qPlBdan7O9

1: CLIENT -> SERVER: 9lO23xyairr3tGlN0m66rJEmiSkdLS9c6oT6vAJ2bEq5dqKCXUqlkt57BfpG9hzCM0UzPFbyyjOl

1: CLIENT -> SERVER: Cr/FG6EhixYFOYpCtTR8rhUNPyKSiG3nyh2aHbxhoCiRB0fGSxpWg/yxRayLz0RqwT9dGHMAiQ4j

1: CLIENT -> SERVER: /ChCj1WpuatMzN2VM0cRPoNcCcriaiBZAQSh0UpWX+Ec+WLNFMFXEWDFbAEDY4Q0piY8T2mlMKGw

1: CLIENT -> SERVER: HzFR6PVns+o2ato1gx5bf67iReXROEF/TRhaII7bRtLcRD8NDTRkDTBO+rgesmoLLzGMQvh8rGXk

1: CLIENT -> SERVER: PR+MWY+npXkC6Y8jzbM4Po64U7jWPbSF4yO3BZqF0nFNWG00ZDWQpgFfIleaMbF+poML6dnseCXF

1: CLIENT -> SERVER: wCLJmIpOeCQDx6EPoSFLnvXGtDUkWcgXEk+WNZE8Jri5ic/EW8+1GrJGCWI6RNWL8nc2GV2JdcRY

1: CLIENT -> SERVER: T5xbdjty1vVugpv3lz89jF0uv+IqLBqycsyJuFUa7YY5MHXo3OpDw1949uHjP1fkxcOSV1EURVEU

1: CLIENT -> SERVER: RVEURVEURVF2OHVVmLIx69SFoiFvOGu7aZouNLN0odNqLs102vtmu63FmWZzZqqRTnVT15luJN3Z

1: CLIENT -> SERVER: Ztqdzmyr65LWnLWdxOad08XFxqODs+ln7XLz82atdcYUXEji0tQmHUjTJYlztMtQK1yv3iv/nzMo

1: CLIENT -> SERVER: QkrFGw1Z0YRDuF5KFMUxDaEtw43MS2J4SAtuNVjJw7ukDDS4tM4UCY0MNGSJKUteAtJ5k0MoFSdc

1: CLIENT -> SERVER: VolfqSO1Biy3i6tME+m6aMh0VZp5pDnMZ14h0T1wH61Ss4jjEvItIKyDbMzPVT5omtQg285BaAjz

1: CLIENT -> SERVER: qm68TyjTGTY2dngYj/bWgwQEoL69C8/90vOncYjvYrtYH42+ppGy3uN+e0waM61sQUiDIw1eXJnH

1: CLIENT -> SERVER: VVre6GXNKso9m5bmDMbRScQ/ibQPI+9juF6nGQ/3eZebFYdRBmEuGiyzijdNIrbfRFaR4ZqHdvGA

1: CLIENT -> SERVER: EYr3YsIQIqMT5UUkObz1NLwNNzVkMW+oYxKcySg927I3uGpD1kawjFDMRvkmu9zf3ZvNjNEcGblp

1: CLIENT -> SERVER: DFkb9DOnKOkF9llZGi5aLPPKDDExckHW7Oy0mc/3f/npB0/81MWTy/8BfXvG51QURVEURVEURVEU

1: CLIENT -> SERVER: RVGUnc2l2jClDvsniiz6sNZmNGJlNGA1m/un2q19M9324sJ0d99it7Uw18ymp7K008lse67hunON

1: CLIENT -> SERVER: pN1BnlZpsk41aOXD5dbjw/PZp6qV5NPlhcZXyn7Wy0yaWGMb1srDtbLU0gZjZUs8Vi26V75trxKW

1: CLIENT -> SERVER: pVORL8r8AFcvie4Y4k0BlTwrS0RyODFkZYWRZ2axU6g8LZw1Q0jfVRAasmjm4OqXQhTP0vLKK51Z

1: CLIENT -> SERVER: Ljci5JZ1NDfxMWA0PPkONqaJDAcQfgyZjqGOWwtnbs+duQv5DyCf7LSI9FzcxUeG0YghuttQNstJ

1: CLIENT -> SERVER: ZfUU1dg4Mj2zcJWC5GWq+pHCA1tJwwj8cI9V4yFNaP/eI5w/iV0CZAs9dLzF8RK9ugwi9m8dhImR

1: CLIENT -> SERVER: AlcFB245OEC6HP3K7QjZ8zSYFlVphrh+OcqloXMN4SeR9mmk4cqsr2F8fSUpzTeSoTmTDmV1l1xX

1: CLIENT -> SERVER: jCdHwcvK0crzs1ilX51HwytqYTPYHI4NcYT83jWS+O6NBj5+EsRL3CQ+F+4W6QOyrh9CXSNk3O0N

1: CLIENT -> SERVER: 6qcqtsb1/cr4GCTjC8d69yCOqyGZZJzTm1TX47OFVKEMjtWbFY5TMeSj0yrMdWWBe2hIQxYi0dcH

1: CLIENT -> SERVER: pvetJMenPvDkJ576h/3VwYMI5a6eiqIoiqIoiqIoiqIoirLjGesClY2I+lIasJqQbuJcl1sJTrVb

1: CLIENT -> SERVER: B2anOgcWprr75rrt+YXpzsK+TmtuNnPd6dS2u4ltzjezzlzm2k1TpbafO1suN871zmVf6J9JHqwu

1: CLIENT -> SERVER: pp82g+S4HaY2MUmrsi7LnG04boFn/aNhogL9Em3u9kHjQYS1ieI/VMXVVmLIwqtwSMvtA2k6Kp1p

1: CLIENT -> SERVER: lMakJdvKxDQ8VKafVGYN6foQMQKJ4YhHJGEyuFmHrJ5BQAN1NVBCu0pka0CustqHdPNw34LwO1H+

1: CLIENT -> SERVER: MchBVL6E47TkZnGV6UGGqIcqbTFSsHzA52lRuIWcr5Rt8Pm8pUTOElI/hng58SBwyzkIIb4S89se

1: CLIENT -> SERVER: JJ41jrGLRk70L/oq2nNG/SNdN/IFEMiEFInHJcFxtCILl4PjiAYslsux18R1byINfXyYD7cZ/Drk

1: CLIENT -> SERVER: y0lpPpPm5gtZ3zzuSnMR10aeuYajFC1WEm/Iwi2F8eYlwRj05lNefV+HtDKMEeblyKHERnrjh4+f

1: CLIENT -> SERVER: BGHxxGv4XGrI2oj6qW5oyKqDxJdMfexy9B9zjXNuzZAlrpu4r8XgypNEp5WYe/OaIauRJuZQ68iT

1: CLIENT -> SERVER: Fz/b//nj3zj5i2VRfh0p69O/oiiKoiiKoiiKoiiKouxYxrpAZTMSdFLbOjedpclcs9FYnGq39i9M

1: CLIENT -> SERVER: dw8uTXf3L0x1FpZmOvPzncbMXJpMzaZJeyYxrU7mGrOpa81lpp2VVZbnPXdxeDH9xvIZ++n+6eSD

1: CLIENT -> SERVER: 5WrySNlPeq5yjYZxXessn+vjqHUHXn/rFbZem7v9sFQahQjrYW1U/Eec2CiYwhuycnkOVoawxKSl

1: CLIENT -> SERVER: k2dk0SjA9VdDV5iBLU0fvZVbb/BxZSmrtxKUk0IaOA8+76oN6UJmkWgBJcyjvCXIUZR5C5oj2wZC

1: CLIENT -> SERVER: FiBTFZ95xHbwjWYH32YqrulOUBNXYInZAvWL0YENZ6xkgpuGAwYVOMLtzRjSQjln744H5mFe3zOU

1: CLIENT -> SERVER: CFf5hJR7FJw9+zJ0ivQPDYbs51oXSp/WO65OSOdhOm4x6XNhqIgRqxBh/+MOQPE0UrLnWSS3I1zG

1: CLIENT -> SERVER: 8ZSrzFeSwvxJNjSfxPFpjI01lLOG+BXED5CYl5zKfYfxyCvOccKm0tBJf4oUHL8JwhguFbAdeGdb

1: CLIENT -> SERVER: pFkI9DVvBM5U7hdJOMLfrqMCA7U0vuAxUvneoH6q3ta4ri/IKA0cwT0KQnKH/qvnqpuc6/gwn5L1

1: CLIENT -> SERVER: iguOjdLeDHAssju5SjKnISsvzTDHXJkbM93qmP39Q5964mPH/++L55Z/G8lpF1YURVEURVEURVEU

1: CLIENT -> SERVER: RVGUXUFdH6hcCvunwZVYWZostZvNA9Od9oH5qe6BA3NTh/bPTO+b77ZmFruNmdlGMjXfyLpTSdma

1: CLIENT -> SERVER: tabZTKt02rlG17pmYspsrb+aPJWfTj67esp+tL/sPlWsuGfs0BXWcJmX6YjxB9VREYlK68rW66Xn

1: CLIENT -> SERVER: 9vX4wnmirN8r5j2urFC3VxPTBlQ6ayrrN2lzVeLbVdGMlSN+aEoElNwj0fI5RVaMV53CmClknoHM

1: CLIENT -> SERVER: I/2CKc0SytuHrIcrZ46UzsyaxHQqK8+6akG4Wov5G0jP5x2xXfIsIkDdt6wUC8YAvjNMHGJUgYgh

1: CLIENT -> SERVER: i34kRPvEcOD3RhQ31+HEnHLO4g5B0h9SQXSNiCtB9h6xF3D2od8ZJP3DPhbxwUR6NGapg7wxvU8u

1: CLIENT -> SERVER: loxQplxFXBu8EB/HJY8lxiDNWnzOD3dJ60O48u880j2Ba/1wUpnH4T6NgfEsrv8zSM2tCJmWWxWy

1: CLIENT -> SERVER: DubFcBY3DVMO+WnQ4naDHKcp6uCw8WYrb1SLpxpDLz0llLXekMVE3pLlg+GUnJIkpBsX7EE79gr1

1: CLIENT -> SERVER: U11vyIpRozTox3pPyV2NABqy6mx0ZYgP9fcsy+RRtsOU8JuPaMgquTVnUZoBjViFN9QudRer5tPT

1: CLIENT -> SERVER: v/GNjz/5N4aD/LNIrquxFEVRFEVRFEVRFEVRlF0DFykom8PVWM0kSWYbjcbSdLdzaGF66uCB+elD

1: CLIENT -> SERVER: h+ZnDxye6y7u6zRn9081Zw92GrPzzbS7kKad2YZtzad8Nlba6KY2s3aQrRWr6RPDC8kXy7X0YddL

1: CLIENT -> SERVER: njQD1zOV5Qqolk1MI6xiog5cFK30BGrObYdlx/Kp8qUyVBTGJGh8R/VTUUof2+qcGLf4fCJ5npEp

1: CLIENT -> SERVER: aILAgHJmBu+HKv9cq/tKZ16Rp+Y1OL4SYS+lwH1/lZqXlCniE3MEYftKa+ZRRUPKR8U4iMrZeeUs

1: CLIENT -> SERVER: JaUwCA2kMtsbtJCJQqJHjh4aQagx53aI3oAgZgw5UuJLkEPIywolAMJ8EGmHRO4tfK/6dwxYCaOX

1: CLIENT -> SERVER: LvZJ6NYR7M/Qi+v6Cz5JH0tDeZMJJD3z8wpxHRWV8C5cV76LMYv5IRwr3G5yEdd2HxrBlXx+FR8N

1: CLIENT -> SERVER: oHhDYSXGpoxRCJ/bJqu9ULgYZqUt/ur7VX1+ZPAoBiqJ8/Gs/1IQJyfgUwi+qQKbLcYFxteSrPPA

1: CLIENT -> SERVER: Ox6PI+G4XZfsZmDilORULz3JesglsQiYNG9dCZ/az67garLuMqIhiyuyCm4rWOI+wTDKksQsJLMX

1: CLIENT -> SERVER: V54sHrxw4uLvIf4CkodRqiiKoiiKoiiKoiiKoig7HzVkbYzXfRrTdM5NNxrZ/ulO5/DS7PSRgwuz

1: CLIENT -> SERVER: h48szB08NDe1tNRtzu7vdmaW2s2ZxVYytdhMuzNp1ZpJstZ0mjQ6WZpl1qT9apCcLNbSb1TL7kvl

1: CLIENT -> SERVER: svtK2bNnq1wMRpl1pskVTF4DiTCvXwzq7+C+PrBcX090BeBgK7zAEyKoDJZN2tDmCjJEOI0KA1mT

1: CLIENT -> SERVER: xbOpZJvAe8rUvCpPzKuHifkmHL85GLHuwfFIZc1BlLMPMgN3AxLNHtymjoaHyvk1Uwn6hAOUwnVg

1: CLIENT -> SERVER: PIpxwCcHoWFEnL4N0maUS7cY3WjIgjAR48ZnDGG/R88EPFsfMUp/SZqbHxkDsX/k/NGDsR9qfSfO

1: CLIENT -> SERVER: IN4wM4ZBfJey8IorrnjkxfSGKoIjg+Tl+19eGBMOwrTcOpLW5RSN4qq9DNe1jeMUKp7FcQn5adSa

1: CLIENT -> SERVER: Q0ENaQtHhTdi9blNZqiTK7VK5PGGLJSJpAmO/rlWsWbfhnj+0bg18vtA74mwmTiMRPKIAwc4JPMk

1: CLIENT -> SERVER: 3tgVkgUZcWnyXc2mp8MIdn0N6Yt1YT4Qb3KUkBCEPqyJINfST+QM4r3vnzu4+/Fj0J+fP/jzpp2Z

1: CLIENT -> SERVER: xvui5PaCEm1aWdPMDOaeOP/YyodWL6z9CYJ0W0FFURRFURRFURRFURRlV6GGrI1hv7SctVNZli1N

1: CLIENT -> SERVER: ddqH983N3LJ/fvrQ4fnZg0cXZvbt77bnF9uN6flW2l1qJ92FzHVoxGonJuvaqtFOXNosLcrpJ2cH

1: CLIENT -> SERVER: q+6xctl+dXjRfilfMU+UQ7MqRhdj2qiqKQpIqtP58lC1/XzqXCeqCh6uWKGb+mAqg/k8Km8QciZ3

1: CLIENT -> SERVER: 1gzg4mqsAi+HRAuIv79MzLcVqXl9zhVX1txVOnOUhgWcTJP5mRtvPLIHBnj3z0ViObQCFCaFP0MK

1: CLIENT -> SERVER: rrihsYL1ynZiqIP2DE/sKR4hos2FhGCvw5bamDu0m37KmM372Kf1r5Br07Q3ObXzHvUF30PnjQwI

1: CLIENT -> SERVER: 4RVTkLHPv4upNhilKkfTQkgjFyxcvFouAelp7KJkCOY4ogGURqz4XDkaghnO7SkXUAy3rpyHfw5p

1: CLIENT -> SERVER: ZjAOG35fQb/dIB1suzzzjTXRgMUItA5HmlFjy2TYidP76+LPlUhmLxyjcHlTHlxxsF+GkeFlI66Q

1: CLIENT -> SERVER: d9fB84lCYteRdecaveuPG6W7XB+O4i/Xz7uN2qnI+Y1e3DOQRiyMZd5mGIh8PlbzbOeh04+d/51B

1: CLIENT -> SERVER: b/glJOHCRkVRFEVRFEVRFEVRFEXZNagh61Kog5aVWGmaLnTbrUMLs1NHDy7MHT04N7P/wGx34eBs

1: CLIENT -> SERVER: Z+FgN5udbyfd2TRtz2Vpez6pWq2kyBpVlSJzklXOpfnQrQ579vHhqnm4oBFr2X61WDMny9wUFZ8F

1: CLIENT -> SERVER: 5UwLkvGBPUCU/OLyCknRvYr/+uGVoGMhrNdvuxaOaBS38RODEl5c1ZAj3G/ZViKuNLPwv7xMzTvy

1: CLIENT -> SERVER: 1Ly5yMwLkJnPxOIzr/gwllXEr+I0/bZwXGFFQwT6AOKfukUpITRW1AxYeImC1ts+ROnNg4ByRrIO

1: CLIENT -> SERVER: H+Qj5SWrhOCP6YPwEN8niYlqbJRsL1A779CbwUfgloHKsCiBelRAjLW8kLgcMY7Rcm0F8dUE74yE

1: CLIENT -> SERVER: k2nFLIkBxBVZNGQ1EEIjFscLtwTkc6+aONKAtR9yqMSxcGYexxn4uzi2cHQYD351jq+Dq1io/Keh

1: CLIENT -> SERVER: K0dYgTiu2BK7KdON0o7zyMiUpnnjlQDHKHkYcuFtU7yRhY6x8DBiwrO74b2/4TkC6bNNiF3pk/jx

1: CLIENT -> SERVER: MIb39+aZJV+8KJsnu7FII9fJ5ajF0xlmSfEXfEZWWYohi9sKzrVni+Hj9oOnnzr3n6qyekYSKYqi

1: CLIENT -> SERVER: KIqiKIqiKIqiKMouQg1Zk1AT2LDWdrM0XWg3mwfmpqeO7J+fPXJoYebggdmpxaVuZ26hlU3PN7Pu

1: CLIENT -> SERVER: YiPtzqW2PZ1WzXZWNtKyTBJTuNRYlw0LPhzLnS969rHigv1KftF+abhsHi/7ZrkqDVcINapEFPH+

1: CLIENT -> SERVER: IsSt1uj2KsngvK6MDQgBaYNfiVI6b8iin88qShBIhSnDcvhztrmqTBfu2xD4jiIxbx9m5s4ykXOS

1: CLIENT -> SERVER: 5xshTTQw0FDVhHDVTBvpW2KM8AYrMVqhXG4bJ1sBsnL0jxcEUoIymgcUOmpfPRrvIR1V3xDLkgMs

1: CLIENT -> SERVER: kh5a5gJx5c0ozaawzHG+vYL0C089vqQD2bc8BuFhHT5VzcADtxfG4cVLg0iWxJB4SRjnrx+l3t+x

1: CLIENT -> SERVER: JBzlgmOM4Mj8fHZaA0eOuQx10J0iJkWaJtJM40ij1m0Yl3dUqdmHMUXD1xB10MhKaLAaIoyrsQoM

1: CLIENT -> SERVER: xIrGZWlDqDkaQoPQsCsCnx/jDEUAolGVDFsGSndJHjA6nfp5IVaKDGnqSLh37hb4fKbIhsalWlA8

1: CLIENT -> SERVER: vVHPsvtCvJQCtxg96cSB84l4Q7/y2vHIevzrMrDgjdqzQ/DjZJLLn084Ajr92XP8Vibn87H4SwkE

1: CLIENT -> SERVER: NdPMTLfm11Yf6f/mhdMX/wsS0VarKIqiKIqiKIqiKIqiKLsKqlsVDzWBqbV2OkvTfZ1265AYsRZm

1: CLIENT -> SERVER: jx5dWjhyeH523/6Z7vxSpzWzr92YWmwmU7Opbc+mabOTFI2WtWlmvR3GlYXL4MyHQ/vMYMU8nF+E

1: CLIENT -> SERVER: LJtHilVzqhyaYUmlrDNNdH9DlLB+LZasEAnKVu8c+7cTUZqyaH+oETTFEuFXpNAUMTIYhCjqSAs4

1: CLIENT -> SERVER: +Fws+g/B/5rCmTcXqWwtOAM/V97I6iqRUrYLbMBN41ULubgSS1YRoI6RIlq2YWNNQbUtxqygtWZb

1: CLIENT -> SERVER: WBljxM32sUEUn1z6K3pEUAPLFq9PR2dN1w58Wr5vTsiI9u9FwtWR13jwhKPIJH7UeJeH/TYOk2uC

1: CLIENT -> SERVER: y8oiJIxlyuVhQBQmlZBRr9MdrRhSGq5pTMoRw/HWxJHbUnKFXwP3VxOutozJxCxgLB1AyoM4zkO4

1: CLIENT -> SERVER: PWGOwbCGtFwxKIYRKde3kU4OSZYtxlUcCY8Mk/CR+JVmciohQTgtxCHWOzYWHsJxxHr/LsTfj+uo

1: CLIENT -> SERVER: BdEQyNsyEq8/720vvv+Iw5wp6enBGw2PfmrgtQrhtbKIv/cZGROAdWl2DLF9NTYIGiORfOMPAHwf

1: CLIENT -> SERVER: 0M2tMYuylOdj8cOo02yamXL29PmvLf/nteXex5hKURRFURRFURRFURRFUXYb1MUqHhqxummSLHTb

1: CLIENT -> SERVER: 7cOLszO3HlyYv+XQ4sLhQ/Nz+/bPTs0vTbVm9rfbshprJnOt6SxtttIqa9kkTcvSpVyNZUvXTFO4

1: CLIENT -> SERVER: S9svcnOuGJpTRd+cKftmpcpHxh9ZsCHKR69bpWL2EkL8dsP6rkWfyzZS2c9nsHhfaRqQg5U1ry4S

1: CLIENT -> SERVER: cye3bUMoFdBcFcMt3hjfQI4Wji34m8ialNGoAaJDrAJ8ixKXtOCwrrG+5k24pGBAp2jMWW+9sFoa

1: CLIENT -> SERVER: sq6eceWobfxwLuWqGXesXApK4US8sVKiRsRen0CsGhgTtF74wYK/kLLCdYXQkNWAtw2ZQlpuJTiH

1: CLIENT -> SERVER: 8ueRfhYyhxT7EX4X5DUIf9PQmddD7ofchrbMYcxxu0+WzZV+svIQ0ocMUDafCceHC3EkcCRdMiKQ

1: CLIENT -> SERVER: jsKmMi5KXPU1OqeQbiRCOJeR7F1GXbIZo47fIGWt+7wNS95C8M3Wtzz/aKzzIYTGLJI4Z5oN3BE9

1: CLIENT -> SERVER: e7rfG5zzoYqiKIqiKIqiKIqiKIqy+6DWVkE/WGOaiXPznVbz4Nz01OH9C/NHDi3NHzq8OLdv32xn

1: CLIENT -> SERVER: bqnbmT4AWWg1unPNrD2VpI2Oc1mbjyGR7QQLl5TWJlViLR9OAhmUublY9s35om8uFEPTLwvZio9q

1: CLIENT -> SERVER: VfkFPXqfenwK3fIsIPxxBZRs4UbvNutdpbhQplTBdtREDtIGNIkCP4V5qD/mc7FyW8JdSvgs5JbK

1: CLIENT -> SERVER: mbvLxCxy1QpOjAaADOGytSBOQMpBZidGCBIrDNS9SEuPrMiQgPXE8BjrM7OOEQyiHyLmBm7lGIJH

1: CLIENT -> SERVER: xJNnm+sdEZTCVHr7dXJeGHKp7BVq5xwHRz1MWO+vw74dH/xSGsrYMMVxI9H1YmTw837hi+mZAsK0

1: CLIENT -> SERVER: PMA3opaP44zP0OKKK25j2Q1CIysNrLhnzX6kezEu6xu4HSZXE+aJeUWRmtvK1CwhP9NwBPRx7dco

1: CLIENT -> SERVER: GPM89hDeh9CgxS0IC+dw/3ph9ZFac0bi4fmw7eOXhCLBpIxzEOkfnvQOJ7ZzK231t53vDREOhZBt

1: CLIENT -> SERVER: NMSkh2ppgvDFNXIU8U92l4RGpKhReTuTeFvV5XKMeiWcaPDJ54t8/CC/w5hMTSvPV/LT+TBf8SkV

1: CLIENT -> SERVER: RVEURVEURVEURVEUZfdB1aFiTNM5N9tqNPbPTE0dXpqfPXRwYe7AwbnZpf3Tnbmlqe7MYjubms2y

1: CLIENT -> SERVER: 9lzbtWa4naCzaWqNSyvrGoVLGpVzWVXZrCotNYnc3qlXDYIha2AulLnp0ZBVUt0I8EYdfuksjvBA

1: CLIENT -> SERVER: qJQUp48WxesV9JnPCZYdJSL18ohAGp8SSBwkXFkyRIQYsyCtqjJHcbr3QJaQs4MT8s+8CqWKRp5O

1: CLIENT -> SERVER: lCDC0llaPMNQm2hto3h8Nm7VBtcoPuL9XCQlBjL2KcqffCEc9Vuu/qJWt5Y9tsChPRS2S8wLE8r3

1: CLIENT -> SERVER: WOdmstfYqA/qshns0/XXvC6jqxEESJF4o2xWNrOuL5NjbBRGmNevGpyCzEC6EG51yS0v55HuHlz7

1: CLIENT -> SERVER: 11WJeVuRmnfkiXlTmZpXlYm5vbCmi/ply0+8uJJyGIRjn/cCt97MccOKwF2gbgxFz6jpvg3eGErZ

1: CLIENT -> SERVER: 5Hz2IvHShcsWbkXpoVqwv5ohjkZy2U4QHrn/caRcMkXc5LBPotShAZTGrIpzopXta9eKvjlXFCV3

1: CLIENT -> SERVER: 0FQURVEURVEURVEURVGUXQn1hHsdMWI1snRpeqpzaGlumkasgwdmpxcXp9uzc53O1EK72Z3vNrsz

1: CLIENT -> SERVER: raTVTtKs7UzaqKq0UZRJWlF7XhhTQorSWEhZVmatGsoqrHPFwJzB8UKRm15RiW6e26Bx9RWNNGVK

1: CLIENT -> SERVER: sX4nPSAKWXBD9bKoWIxYOCUxZMFPBfIAwm3WhhBuuTaFpPeUzryU27dVNGD50+BKLG+EIAwJKulL

1: CLIENT -> SERVER: DA3EGwriawSTUOJyrpGmWkxO4pUoEb8yY+KFRH6FG/L6bF5ALRVeyvODXMwgcgVrYXHkrB8bkdrF

1: CLIENT -> SERVER: u4R6WVEiyENrhy2MgzRtLoasGYTPYmzMQOaQ6lCRmBflqXnjMDXvwvG788S8Hsc7C4tx7bcq5LaF

1: CLIENT -> SERVER: XN1nMZ445ghKFhlisA2DMYtr//w9joggFY2pkj9kVEZwSoirUnEbT/QQryT7mkemGwbhXMRQue9x

1: CLIENT -> SERVER: AeL12NNwnNGAxb5gn6GPXJmWpsj6+Wp+pioqXZGlKIqiKIqiKIqiKIqi7FpcOO5VMmftTDPLDsxM

1: CLIENT -> SERVER: T926f2H+1iP7Fo8eXeJqrOmF/dNTcwenWrPcTnAmSVrTadrsOtNomCptWJs4M7SpzW1aDa3Jc2Py

1: CLIENT -> SERVER: QqQc5ma5GJrTZd+cKAfmZDU0500h25Gxw2no4aolr9imAGoevcoWQvU4tZE4eFdMdd3wtcc2+JZx

1: CLIENT -> SERVER: szRZ1UQFKcJowOoHZTKTzVXW3F1ac2/hzDQCaIoQTWrUpoay/FmHTCQGQ2LKunjgojVABF4caZgS

1: CLIENT -> SERVER: Ee/YFEW/MFkAqHtYWRDJMcq1zreecWwsfqKKm57tPOONe7oe4lPwGtfrje5oOgrh3lpJR5BNkHQc

1: CLIENT -> SERVER: O3wQXiXPa+tWfoXWPMqiMWsBchByL4r/ltyZdw8T895Bat6WJ+aFGDMHILOog1sVimErNIn3NGWI

1: CLIENT -> SERVER: OBqyeJRNN8VCg7OQJURIoAjo/pEQHqLUrqxHPN68jUticClMjo6nEZ1hcUbxZfkRsxGSxjtvUnDu

1: CLIENT -> SERVER: GHu+u8bGrNQllS2TtcFKcaIqq4uMVhRFURRFURRFURRFUZTdyM2t39scnjeNWLPNRnZ4bmbm9oNL

1: CLIENT -> SERVER: C8eO7lu85dYDC4cOzs4szHcbUzRgLTSb3Zmma89b15pyVaNlq6yR95O06LukHLqMmwPmA2MHXJVF

1: CLIENT -> SERVER: PWJpekVunsnXzGf6Z80f9E+ZB4dnzVeLNbNWlCZFmgZq5/NLTEIR84/fJosrurgNHhWTeOeWg6KU

1: CLIENT -> SERVER: DCra7bhYviQcQ2GiVMaRSmHvGitCachiCLdQ61lnVpF4yIYifArx35Q788ODhvmOIjNNpGmi0ExW

1: CLIENT -> SERVER: rCANC5ZKoro5UHMSqqll+8BANFD5VRfBaEUn3PzzLvYLV2FFEEErBVP6xAhierkgPo57NkbYLhF6

1: CLIENT -> SERVER: QjgPsR04jp9R5ONlBV0I43t8Ns/ND8829gV5LueNK7auKF4GlsZxQIOpXK+QiNdZnrUkQSGjXHTm

1: CLIENT -> SERVER: iMI8MYzjjm7Cewgi157+Aj6uqMJ9ynFBJK0z/Soxqzj22DyUxW0HmeZZV5kvucJ8PinNo3A/g/Qn

1: CLIENT -> SERVER: EHUGZV6EmwbdHOOiRBybwJVBNPzSyMX73A8n1AkHF11KdXzHvRR9ZP3zsDYiPnNqK2l3Mr5PPLT1

1: CLIENT -> SERVER: 1Z+Fx6P0DBySDufKuYFbOQ5Tb8zigEkLaxoU9GHsRV7RAu/MxjB2l+8yX77vNz+f+BS7m/ozyNgL

1: CLIENT -> SERVER: cnb47OgPctMb+vG9OD2XL+UHvvbsJ079s1NPnfllxD8lEcpWSG1mHghuk3Tty1xmafO+Jsphda5Y

1: CLIENT -> SERVER: qR4KXlMNDd3nvE9RFEVRrok5fFa9LLiNTexcOm1H/mslv1g9VBXV6DMKn1kP4sDfbSnK1TDxXco1

1: CLIENT -> SERVER: 7bGkbY8F71VzyXep3DyKL8CPBq+iKIqiKHuE3a/Ru3p4zk1ZidXIDs/PTN9x9OCBu47sWzpydP/8

1: CLIENT -> SERVER: /sNzM4uLM82Z6UbamsqS1mzq2rNZs73gqlaWD5OWK9J0OHBpOXBuWNjUDKyV1VilaFOrIjerxdB8

1: CLIENT -> SERVER: Y7hs/mRw1nx4eNp8PD9vHi/6ZjisTAtpmmgBDVlVCkmcPJif/x7QAGTFgsMEKAsHUZEz3oduG6FI

1: CLIENT -> SERVER: lOmVwbFs1scXFcmybRfCChcMWQlXnHDztNIcQNyb88T8mUHDPFCk0tYUaRtVhXyIZA2isKeMoULZ

1: CLIENT -> SERVER: 62B9OBXVco4BUWLjJSETJ8zOxWGU1JuSRkx4CBIGpb8YM+qKXzYvEFXbHp9ekopz3HZ/LYrg89WN

1: CLIENT -> SERVER: 1eg3O6NOB/6c2R+bIUaIS/A9Vr/WZNyHDA/jZkTof15HBjNpvCSyTeX6RsQLy3qsKWwSrj3/csgQ

1: CLIENT -> SERVER: bSu8odUnQzqHmMT04ekjiOYuGnC5YnII/zkcn8UJHU8q8xTSPwz5nKvM1zGILiJ8FUcasvygsSYJ

1: CLIENT -> SERVER: hpYMVdB26vBflkM63DqsTtLg5o8elM7Tq5+zj5J+kdMex9WNF7vBoLV+jMi9PWo2rhG6gddnfDuG

1: CLIENT -> SERVER: eQfnxi6lv0DAAH08SIwZcIIpnWkUmEfRx80q8atAURanTRq8aMqK1dZHiA/d+X12LdSNnL1BYfoD

1: CLIENT -> SERVER: Gk+Nme8sDpeG+77w5B8/+4/Onzj/HxB/VhIqAqaHl9nMHqPSz3ar27IZdyxZMMcaS+6alSzXwuoj

1: CLIENT -> SERVER: xYO2svng2epBDvn8fPlgOTRfhVuVM4qiKHsXMQJE4xTcs9mSfRn+b0o7dycj48DzSblizvWfKsWQ

1: CLIENT -> SERVER: UP/MwlfrU5CRgUHZO+y071LDU9VD3AhHx6WiKIqi3LxEPd9eQlZiNdLk4PzM1F23HNx/z7GjR44d

1: CLIENT -> SERVER: WZzft39menZxpjWz2Mm6Lesa3cw2Z9K0NZe5dttUWWMwdNkwd2kxEDFV33BbQcstBYsSUpmyKMzF

1: CLIENT -> SERVER: om++3L9oHszPmA8V58xDxbI5kfeNGVamg2QtNCIJhiyuMkA2gy9aorzlc1/ksnA1lqUaGxmCRni7

1: CLIENT -> SERVER: L1YstV4uFcF8UaEsz8dCWIG3XpKYVbR5iDiHVHehve8eJOY9g8y8iBppFJLiLaUSWgxZYN3KE3Kp

1: CLIENT -> SERVER: IQuCF9+JX5EVkLgYw9U0jBcP8PlHxEwSP84lZaAdbHVkZGgbvU/iVwGxwHEeXouS1wI5GOOF73sT

1: CLIENT -> SERVER: f90uRfrlkojYY8zDyDA+gB0ZpBBOC+NEZsTRS8PTuAgAh1wfCtJIeCgXB14hGaW47hQfn6Nob8iy

1: CLIENT -> SERVER: pvBXlsXARbMVTZQjQRs4TkvUMUCiVaRbwZjg8SnEPeRK8wm09esuN0/bwiyzmYinCSzB+aSlHd07

1: CLIENT -> SERVER: jnUhrTyvDSnkNbZqeVBXPGsGe8G7nEuMQZi/cYSdbMhiK9k6uUQ12AXjy0tDFuc4PxokPV6M99uZ

1: CLIENT -> SERVER: 0l/iWpSy6o1GrGHCOL8aqzU0plGiv2nKQkfzGVv8qbBfkyWZ/XyKvL4ZHBMU4t93NbVTiNMsP0d6

1: CLIENT -> SERVER: fW/ISjFWlqbn+zMXlz75xMee/umLZ5d/C6lWJcMehIoW17GvTBfNA4399mWtW5Pn/Iv15wMqZvKT

1: CLIENT -> SERVER: 5hP5heoz5Rp/Ia8KGUW5IThzV9KxD2y2mqBYqx4t+9Xljc+lObeb7mHOmzjvy65EvdwKCzHKD2Ql

1: CLIENT -> SERVER: T8+HKJshn1Ft+7J0xt5PY1XziHuZ616+73civceLh4oL1aP5afuZcP0/gWBdfXyzEOZBjtN0n3nV

1: CLIENT -> SERVER: jTKoXi3yXep89dXinPlMcbGigYvjcndwhc8esn6l2uXYlTsCWHPMpmbbDKP4FylNZ93zOnbFsMpN

1: CLIENT -> SERVER: RgLbeB1armEe2Ox8rjQ2dvSqxqu47tf7mk5cv132XW47vr/uqtWvVxg3m61cZz8Uq9WDuL5fDUHX

1: CLIENT -> SERVER: m8veu5H1K+Q3ZWePy4nV2Rux2f8Tl7su61SNNz1UBU9naXJwdqp7160H9913961H77rt8MFDS9Pd

1: CLIENT -> SERVER: mcXp9tRcM+3MNVy7ldhGy9hsKrXN6cQ1s+HAZf3CZUXhuK1gWvWsKQZyZ3tDFqSsTAn3qaJnPj04

1: CLIENT -> SERVER: bz6YnzF/UJ43Xy7WzPk8N9mwMlOlMW10OxdlFAkGJ4+8DKX12wtGBX0wZHFUjpWW23u5fGmTZbIq

1: CLIENT -> SERVER: Crd5S0o+7aeSdvZcalYhXKXCFS2vzCvzvkFivjNPzS1oM3WpshpFCvDqdzsyIowRQxYDmYF+uhEW

1: CLIENT -> SERVER: 8cklt/xJcRJ2Iw1ZOB9U7M/K52CsnMcehd2zYd9RatfTw370fSWGWRGmQQ+KISv0s1zg8bUh3EJS

1: CLIENT -> SERVER: /JLdlyHvEh7EBwOkC2PPG6i8IUuSyn2E0VviPrWFrJDytToZp7FGHkuMb66S5LeVHsYCpc9vSCiI

1: CLIENT -> SERVER: 4/9JlPVZV5rPoZyHXWGeSEtzBvcrV3VVOB/ewzwN37rCVM63KfZCgrQcYtIsIdZe7ymWxeM4bpy+

1: CLIENT -> SERVER: HrozqLeNSPs2CBzdv+gAMSwhDYOiAV2iQ7oKnVggpoSHc1CJi8a+bXI1Fi5EhiPv1RL9WSKeRkiO

1: CLIENT -> SERVER: HiJDiXMNHP46h/rE7d93NbVTiIYsfLyYtX5uBv3KNBNnDs8srDWOz33oG3/8xN/urfY/glSxe256

1: CLIENT -> SERVER: 8AX2demcfWO63z3QOuYeSDtmKkTtavJVs9x7tHwwPwE5V30IXz8+GqIURdlurFlq323f37g1faAx

1: CLIENT -> SERVER: J4/RvCHUV8FsFduq5naKwb7/WPGJ1a9Uv5Cfr/6/IWhvY80B17IPZPP2gd1kDLhWBqfKR/uPVw8O

1: CLIENT -> SERVER: T1UPlsvVg/iK/YUQpexw5LvUjH2gccB/l9qNxtWNyHumN3y8/BhXFebnRgb3FR+7A9ghnz0bcaXP

1: CLIENT -> SERVER: oxu5YnS3QkPr8Fnjx2LffAhBVxyLNjGvmn6Fe3/ztuRVIeh5I65+DN4N2UnfQa4n/HwrzphHhxfK

1: CLIENT -> SERVER: R6sV+1g0OlQ3ejveHTKHxP4J3i1xI1b01hmcM88OHs8fXHuk+jFTmVMheNtoHHJ/t3XUvPFG3Lsb

1: CLIENT -> SERVER: cTX/Y9zIa7PRdVmvarzZSdPEHZ3pdrgS64X33XHrfffccuTWQ0vzC3OttD3TbLTnsqTVdkWjU1VZ

1: CLIENT -> SERVER: UhVJN60aWWmSRi93aT50WVG6tOpbwxVW5RCf2LmxVI7TkFWUZpgX5unhmvnDwVnzX/Mz5o/Ki+bR

1: CLIENT -> SERVER: amD6iGsOrZkuuSKrkuVOXOlU4ArIqhHujYW4kSGLil7ZXwuBI6Xl9l4uX9pkmWJYAhb/aXA1CY9F

1: CLIENT -> SERVER: Yk3fZWYV32ipLE3KynwrpuYfHTrz1iIx8wxDThqyHM8DR56GGIQmizcbG7K8e1w79a3RABGjvSGL

1: CLIENT -> SERVER: Hh8cCoiEtEH7T4c/sPhLDFlUeXti6jpjQ9aoUDiDkh3vPPrYGL/3YPds2HcI9Yaset+w772/mjQ3

1: CLIENT -> SERVER: IC3jwrUR6wPjQsk4yIiQC098OilJgkIdvF5CzMe1cwhD2cwvRi20yRvRUD/q4Coph3w0dPjrGMsA

1: CLIENT -> SERVER: NHSiKLZ0iDQ0Yg0dy6MhxZg1yCnkfxJ5v24L82Xcy19MS/NUYswFlNNHPJogQ7FAQVzhxefMsfUp

1: CLIENT -> SERVER: W0M3iqOwHp5f6IFaS9BuxkkCz6gbQLw3dgr15sRm4jQnkPMJkbzHxEiJPx/Mq8N+QvcjQFap0gBY

1: CLIENT -> SERVER: YQ5C57CvmIdzTCunMQuZ0McyhyJSDF3sMykd6aVQvKHTEAVkZIb4mGoXw1PzB+kfdmUOz2ovN4NB

1: CLIENT -> SERVER: ZVppYg5O7Vt232j8xqOfeupvFnnxZcl3s2LNkXTGvjs7YN449YL0XaZhshBzczMww5VvlB8ePlN+

1: CLIENT -> SERVER: KD9T/boqCBVle3At+66ZB9L3Z3PmUAhSniMXHyp+qffV8sfgPO9D9gj4fHId+8bGIhUX7g2NA+7u

1: CLIENT -> SERVER: ELMnyS+Yk71H8w8Pj5sPFRerD+nn1g4ijNXmEfPu1rH0DemM2RdibnpWHi5/T75L3eAfCelnj3L2

1: CLIENT -> SERVER: A/lP5GernwreS0jn7F+Zf0v6M8Gr7FC4QnlwonooP20eLFZkRcnDIeq6onPI9jA8Z5658GD+Y2Wv

1: CLIENT -> SERVER: +o8h6DlhE3N/9373/vYdyTeHIOUaqF8X6sL2DM7apdlu5yW3Hjzw4nvuvPXeF9197I5jB/ftX2w3

1: CLIENT -> SERVER: p6aStNlxVaPryqxRDtMpW2ZJVSZZOUjcoLJZXrikXLONonQmH+KbeG5MCeF2ZdSo0p2XZgXhjw5W

1: CLIENT -> SERVER: zYcHZ8zvDs6aT5Qr5llTIKoy7dKabmFMgypyR0OWV3DT0EINLnX43FqP3ySpBR6tyBqxvZfLl1Yv

1: CLIENT -> SERVER: c6wI5jk5W5gK/2Fw27SBy8xK5Q1ZDZzLm3Nr/nzhzJsgXYTR6OUNWQn6hM8mQhls/7omX9mQRQ+F

1: CLIENT -> SERVER: 51/PjLAQ5UPXFRy9Xvs/Bm2Q/q2lt3HrQ7AutTA2ZEXkwiDtZJ3eALI3meieEexNGhxjZD2Rv+De

1: CLIENT -> SERVER: mBT7Hz0ohiymg8h4J74c74rhOEq58dlosQzEjcZJOHLMYhxUuFV5jbhKikYTXsGKe/4hGQ20GLAy

1: CLIENT -> SERVER: Rr25K+aNwjccEJyj/AJjiKuxGMwtB3M4VnAPn0Xix3EffykpzJfT0jyG03kWN/Iy0vUgXKWF6UMM

1: CLIENT -> SERVER: NGxBBqGxesKQhfxcITYJ2+3bQBjN+WHUzEvS31jqzYmtXt9Ehserxv6W8xF3iEM/YFoRgwx/wsT5

1: CLIENT -> SERVER: jwbHBlJ0ccIddGIDR3Sz2Bp7KG0N/Z0HQ5YvNcAC2X8og2E+hleA+PddDU8tOHlrcXzR+BcNWd1W

1: CLIENT -> SERVER: wxzuLl5Y+Xz175/+/PG/UZXVEyH1zUQ3nbU/2rjVvbt7r3tLCNvTUEG49uX8P/afrn5BV2spyjVi

1: CLIENT -> SERVER: zdLcm7PPqhJg+wnGrB8I3psWrmTJ9rl3t++y79rrhqsrET+3BqfNh8qV6t+EYOV5BN+l/jv9LjXm

1: CLIENT -> SERVER: ho1J/exRAiufy39t9eHqe4N3BFdiLX1P9vHgVXYRz8uPOHQO2VZoNDn3geFLzTaszJp6hftDNWJt

1: CLIENT -> SERVER: D/G6jHRhNzlcBDHdbTXvu/PIkW964R2333ffPbcfu/PooQNLs52ZmTRptWyZtfJBmpZD162KtOWq

1: CLIENT -> SERVER: rFH2k6TIXblWVHYwMFmZu7QcWG/EKrxUNGaVcqzywpzO++aRwar5UP+0+eDgnPls0TNnMPqpU21D

1: CLIENT -> SERVER: WmVlUhqybCmKW1mNJcr5oNitorKVcxFdNCR5P0O8XA+CQYFVSjU0ZFGdzHUS3FItFUPWoLSmhZN5

1: CLIENT -> SERVER: W2HNX8ideX3pTBOpkmrSkOXLQGFihIhs1PZQp8BzpScaFtim54YYziYMYteCb9MkcoLeqYDYRxAe

1: CLIENT -> SERVER: pGvq1y/0lRhnggUDyFokuT7BQMVoefNjwY99jAY4RkZeCUIZYWz5d+JHjSzpQT1SFfOEVV9Sahjm

1: CLIENT -> SERVER: 0gbny/CGrBAs6cXBNzEQsH1MRSeLpjG3jxAasnrI30PEOchj8D+Ce/qrLjfPIP4swrhC6xzy+ocT

1: CLIENT -> SERVER: lSaTRoV20kUH2yDHWKuHhrfgkFOVPgjpeNiJjNpVP5GAX30a5jeeDzoznI7A6800NGZxhKQ4TiHh

1: CLIENT -> SERVER: Ii7aoSKBOJlDOZ9ye8cTGAPL6O8hrikvsax080X5+iGxD5/7HHB94fVdjwz3OvCPksGBU/d9h5Pm

1: CLIENT -> SERVER: OOW4FENWvzJz3Y451F28cO6h1X/37BfP/J9VWT0m+W4CXNf+IH8tPPXS9D0hSNkANWopyrXRvsf+

1: CLIENT -> SERVER: e51frh9nfzf/72/GbQZpvGoetj/afkH6rr20kmVbGZjhMj+3njK/rkat64t15kWtu+xf31Or2K+F

1: CLIENT -> SERVER: MCZ7X69+5np/l9LPHqXO+T8u3j94ovzLwSvMvNp9fKdsSaY8NwbHy0dWv1T+y+3cUUPnkO1n+bP5

1: CLIENT -> SERVER: r6x9pfr+4L0muJ3g7OuSnwheZRvgddnZ2r3nht9RCjhrF2a7nZfedcvRl999+7G777v9tttoxDq4

1: CLIENT -> SERVER: NDc7207aWVmkjXKQpMNB0qYRqxokWV66hukl1WCAmWZo7HBomlzaQf9oNRYNWRWkhOQIHphnB33z

1: CLIENT -> SERVER: xcFF86H+WfOh4XnzcNk3F6l0NDQAWZaBhvG5OcGQJapIxKJo2ZINf1Ti4oAYr2T32kqG0fHcL5kv

1: CLIENT -> SERVER: ISiURxpUhIoSP5SPtnFFFlvDFEO0erVKTb/kyojKvL2w5r8tEvM6+FPEJzwvJHQ0YonhAIimlbkh

1: CLIENT -> SERVER: PIzqoJvAHarzXA9DFqoY1REqRhviacqhruSWzqf627cjts8fxn46pJVSUEgr7/BTWV9LJyk5RkCM

1: CLIENT -> SERVER: 9wl8IrkSDKLHFwMk5S4hnn9oPA/SpxtcP0kSRzjeR6vl2E/1TsAVsBwP9Id+Dn3m+wtlSFzIEqFH

1: CLIENT -> SERVER: opBfIkI+uNmjFR9OJ/lYPg3KvMd8el8/Iym1uiVzPBfes5XpQVYw1NeQnyu1KKtIeQb+p1Du02jf

1: CLIENT -> SERVER: s8j/FLJ9HX3xNML7yEkjNmvinUXhqkNfI2pBmnguDIs+iWc6P4R8r0rbAsHNMnxZtbEjRfBcxRfw

1: CLIENT -> SERVER: nvqzzOiSvHLdxjDJKBnatx6fXnpoEjEmBjegoUW2AISbwRLFNKE6Fu3nOsyIvkgzhbe7MMe8tEzN

1: CLIENT -> SERVER: S4epuTf3RvM/SHLzey43X8YcugoZSmZrEmRMkEeKlIbzL/QiC/V/ofKdxQZdu+6aTfqZXoRhGIdi

1: CLIENT -> SERVER: yCoqs7pGQ5YxC1Ndc7B74PyZT1345eNfPv23bgZDFn8x3LnH/ujz9Q/c+/wyP+HFhTPTfvRcExcx

1: CLIENT -> SERVER: 6D7P1aCBj2LcPr7RRb9O0Ki1/Kn8Z4enq19AU54KwYqiXEp333uy5eBWrgPLny5+ee1r5fuCd1dD

1: CLIENT -> SERVER: Y0B2wP1o9yXJj9wI49Wt+GLwOvmFlmcW/hfW/NfKF/EZdb72GfVLCb+9Pc8MzPDiQ/m/7D9Z/cx1

1: CLIENT -> SERVER: +eX6HoU/Bpp6of0fb8R3qVvxZfXI6P+pq2f9d6lH8D/DJ6hreJ7gd6mVzxX/cni8/IXrMCb1s0e5

1: CLIENT -> SERVER: hNO/nf9QNOq7pvnOxXdmvykRyk0FlfLb8AMOnUOuEyd/ZchnbV/zcxTVAH19uHbNzM4idc7eYhN7

1: CLIENT -> SERVER: S1VWK1VRPYKvNRetNfOdLL3r4ML8C++7664X33vXvcduOXJw360Lc4uH5rszs51mO01y/A1cSun3

1: CLIENT -> SERVER: XFL0XNuUSZL3bGNgkmrYN2aYiyEr41qBPBqy8KVelKX4QhUMWatI+1h/xTw0uGg+PDhr/ihfNt8o

1: CLIENT -> SERVER: hwYlyGolGrIacFNhW7linSGLimr/ZYyrEuiiepjPnop49fT2XLKg7pXiRjXQgXZILP6BcWgj28Bg

1: CLIENT -> SERVER: dIVZwZfPPv5B6pSleUfhzF8QQ5YTQ5YYsyDyjC98UZX2S1FSqPjlDem98Scw8QUU6cI/TlEl/1zh

1: CLIENT -> SERVER: JZJ2CLV2BEQRP06A9lGYzr/YBEkikQgZJaUDrZSyxl+qxfSIDCIhzPEqB0OWL5Bf4im+MDEooKBa

1: CLIENT -> SERVER: swCu9mTADoYNrTWWTjnHDRCryDit3z4y9KUE8C2Af1BG/U1H8EjP1jqnnqXuGW3NF7pe7h+LURor

1: CLIENT -> SERVER: omUI5dAbS/Z1UBjv80t94uSbD+M92k+sGLQwI4iBhnkHiOZ2g2eCEuAU0n3dWfyzZcxxl5tlm0v4

1: CLIENT -> SERVER: OcialJxINXL2rFbKgRNuvw0jgMeiPzlOaCzmM+piWt993sMyWCJl1PtIypEVkgSCB+UhWpBiKJMJ

1: CLIENT -> SERVER: 5XKNbFJo6GRsTC89JNAnbt5DMRAUSIcpw+SIZV/JmTEeGSQdhNuZprgmMwg7irnmPswVr8wz82LM

1: CLIENT -> SERVER: M3dDDsHPvL+Z5uaXktz8SVqgPwt0O8/PIi+N6ugnKdvXzzOUZvhmhji+7Sw4BtYzGvuB6JdTYXoK

1: CLIENT -> SERVER: PRjS7INhUZrVtVIMWYtTXXOkc/DciU+e/cXjXzn7d3bz1oI0YE2/Jv3J7VYSvgPj6RiESr+DkP34

1: CLIENT -> SERVER: 3NqPcbdEq+DzyBeDgvCzGM/kj+C/nsqZbfpnSVFuSlzDvH3xu7PfCV7lOpCfrZ48+4H8luDdlTxf

1: CLIENT -> SERVER: xgAaAaJxagrHO/hFCrywZhx4PlnFd41H8f2W1D+zziL8d0L49aD/WPGJ5S9WP6OfW9fO9RqzO+27

1: CLIENT -> SERVER: 1NeTEv8bVNd9XPKZWr2vl7+wXWNSP3uUjeA4W/1c8Va6Gwfc35p9ffK/SIRyU/JcPut0Drl+nP6N

1: CLIENT -> SERVER: 4TvKgfkvwXu1tPa9J1sLbmUbeX6/ZWw/bH/lnL1tdr71rmRf43XlheFjF55d++d5WX0lS9zdr7nz

1: CLIENT -> SERVER: yA98+7c+8MCtd9+30J1easx3Ot25pmnPZqbVTqvMlH1brq0YVw6cW1u1ybBvW27obD4wWa9Kkmpo

1: CLIENT -> SERVER: +UwsGrIsDVhR6oYsfFHi6qwzgzXz5d4F8/HBBfPR4Xnz6XLVPFPmslVWhi93NGRlvslodCWKXQ/C

1: CLIENT -> SERVER: UAQNWVRW8ruf11EGQxY94mPe7cErvcUR1eXi98pnKoNRty2Mw7mx3j7CltG4uCLrTfgn6kfz1LwB

1: CLIENT -> SERVER: 59VFRuec7EvAlVl8gA0P3OiL58P+EXUyw5BvbMhCAL5gSlxgrEiPx+0jtELgJfM14J11xurYGbwO

1: CLIENT -> SERVER: MfUomglqhpWQob6qhbCvuH0at4z014tGhdI4jJOQA3+48DSoEFYhZaC20XggyH39/ifcZnz75dxG

1: CLIENT -> SERVER: 1N111qfdLB3DmW4zamVIsnFaurxE1xiufIz3kTzDjUd59/i4cCEk3htz4zUa4XCNucIIafhMJz6f

1: CLIENT -> SERVER: qMS9wSM/qVZx8XjfY/YwZ3C9+eysJ5LcPGNz86grzJPIdwYl91BXjiNmFKSlKcdXi6JRW8kRx4bi

1: CLIENT -> SERVER: D/ckjjRiJQUNo0yINGwqx5P3ynwxNisBZmcYI0d4zyXP4KJMJpT7WM6NHlQ6GRvTh7lEXJ4K7YzN

1: CLIENT -> SERVER: YC4asjBV4DzLYMjiNoLhfPGWIW0LvjmE34mb7DVVal6TJ+aFmGMOIOM0wjgrcQvH/5IW5t9lhfnD

1: CLIENT -> SERVER: dAh/7o17iJs0ZPm2h7tY2s6IGLfbif0s/UfbLM5vZMga0JA1ZQ429586+clzv3jikbN/D9d6163C

1: CLIENT -> SERVER: 2U6lCxUt9+MD95VFam6H+7bxh++OhooZKmUexpzxGRy3UyHDf5Yufqr8MXx1+UQIUpQ9T2O/+5uz

1: CLIENT -> SERVER: 35r8b8E7wf88TDddTfAUPsj4vMzLcb2V/dsN58358ZfeDbncCot/hc/ozQzyJ391eDs+ix8N3t2C

1: CLIENT -> SERVER: PJfxev2wgp9R95aJGKtoGOhcoe93Io/hc4rbPn8NRxoStnv1MVfEXPzj/G/cjFtTXi/4TJ3pV7j3

1: CLIENT -> SERVER: b8d3qVfhfn8z/o+P4/RGGVSvFn6XOoG56BF8l/oI/ofYid+lrvWzh6xfqXY5nu8dAbYDjru7L3P+

1: CLIENT -> SERVER: 18I3P89jl/Nhna1eh7xnemd/c9imu3u/+0jn7uQBiVjHPxjwp/KXcqWx8Xyvarwarva6X89rWr9+

1: CLIENT -> SERVER: z8d3OTFgfqH4Mfyj/9UQdEWu5/fXnTxO1nOlcbPZynX2w9/OqJG7lPN/UPyfgxPlXwveq8I1zFsW

1: CLIENT -> SERVER: vzv73eCdgD9WutK4Xb9CfjN2+v8Y9dXZG7HZ/xOXuy6771vyJNSjLs1NN942d2fnhy8upi+cfqb8

1: CLIENT -> SERVER: +JNfPvfXhkX5hXaWvOwvv+U1f+2v/ugPvdUu3GJOrRWr04202cpX06zIE1v0rMnXbNlbMXYwsK5c

1: CLIENT -> SERVER: tWZtrWobGrD61vZKm1R8JhaNWENZmWWKwhu0RFEbjFloRFUNzTODFfNQ75z548EF88fFsvlCuWZO

1: CLIENT -> SERVER: V1TdWtPAlz4asrhyifA6cautkVaVxdCAgiBcRwkVYxJd8s/MhHr6OVM3ZNXL9bptH8e6xZAF6SPE

1: CLIENT -> SERVER: G7Iq08I98uoiM+/NU/M2TASHqEjHufAjNOPZ0pCFdNzoi033q6x4HigZg3gnGrLkvkGY2CXZ/pBS

1: CLIENT -> SERVER: msMkkhrhPhPwjo0MWaKgR594tf/YkOVvTRYGV92QxTeUM3nvIvfOnYvWMdkHnlFHrWN92s3SXQmW

1: CLIENT -> SERVER: E/JKkeNy6fKC9/GFFvwWhehoJpBxORGNYPp47Xgf8t0bslK5zj69JOHA4P1LN8rEkOHUYAqk4zaD

1: CLIENT -> SERVER: A1w8rtpiuhzX+yLSnsVYfxblPepyTMrGnED0ORRwAc25AD+3JVzGkVML5wAx9uBdniuFMnhvOERG

1: CLIENT -> SERVER: Q5bMEyg3bk9I/KgL7SRw0s/mjvGerRiymF/aA6fvj5jb49OP6+dRhjEzheLZIjkH6XZurcgXUjIv

1: CLIENT -> SERVER: 0rRwIvM4HoLciopeUuG/bsyX92JuWURchowFhOu5n8CX8T9IS/PbDfzHmAzxoZ0b/iiYPxDwhiy2

1: CLIENT -> SERVER: xZfL08Of1BbHAdsngbscOQ/A6yLTCc4vxyCMhqyFqSlzIN13/OSnzv/iya+d/eldZshKW7fa909/

1: CLIENT -> SERVER: U/rfBP9VE5Ut34rPqBfhuBsVghvBX8N/Af9MPQTZLmXM2d/L/8f8XPWzwasoe5qplya/377HvTF4

1: CLIENT -> SERVER: J/jQavuGKG7rq2C2ShefEjfaYP9XOmubbkl36j8O34R/mz4UvDudbuOQ++vb9XwDbgf4HRhH3wTZ

1: CLIENT -> SERVER: TcaAa+WUoyK1MJ9McvMBHLdDGaYGra3RPOr+4cxrk/8+eK8ajtX35Yn8COibcLyZvktxTv1omu+Y

1: CLIENT -> SERVER: 71I78bNnI7byeXSzz2nbDQ2tP9zubWrYOvVrw1fTULrvPfzZ58acuMidz54f4urHy7ETvoM8H/Dz

1: CLIENT -> SERVER: jT/eoKH8WdwX0eiwXdvxXo0BZSfOIbF/roYbsaKXcFy/Ed9bN2LtK+WHlj9bvCl4r4rGPnx/fEPy

1: CLIENT -> SERVER: k8E7AQ3Qf7q/sRH6+eJq/se4UautN7suu/0bie2207feesfUnz11IH9guGbOTD1hfvvpp1b+YVlV

1: CLIENT -> SERVER: T3Ub6at+/Du+9a//+J/7gbc29h1Lzq/lvSypkrTXc8XwfGV6fWOLFZv0Bq4YrFQuH1ib902Dq7P6

1: CLIENT -> SERVER: lU359JUhtxIcBqGmmoYsb6ypG7JK/Ef2xOCi+UTvrPnY4IL5eLFqHi575pwobmnICiuykFwUuw5S

1: CLIENT -> SERVER: n09QzkaGLPkIuA5fHIO6d2IEsE6v3PaxbB4V4zRE9ZBuGVEDtJHncHeZmu/KM/NunMQLMKgtzqeF

1: CLIENT -> SERVER: 9A0abUqcM8+nqhuyADwWH2qXGLJGE1xsVa1R24hXoBPUAseoFXCMrgXOT64D249XWN8REl+FIUuu

1: CLIENT -> SERVER: HNMgBOe3qSELiOEB5UhJo/LhpDFAuTLrrgFH06gvZexFYVAYf5NZRvD6+VHP+1DeEVLKSsO4gsuX

1: CLIENT -> SERVER: S0e8xhBWKhUzjX8e1iqCB7zPabBxNGdyc91SfjFxAe4op+A/AXkcE/XTSYV4/6GyhrJoFBuifL8F

1: CLIENT -> SERVER: I9rFdnA1KOrgiOI8Mj4dtt6fwQiJYNvFF/Aef697GCIymdDnh3BOYn+Mc3j8/ephb/B+kXJqZTOM

1: CLIENT -> SERVER: bWS4w5xJA3kToV0ETqPgfZg/jmJ+vAPuY+iku0xqDiAtf36WISxBfI705+Dnr3wfTEvzwWxovpAO

1: CLIENT -> SERVER: 0X+Fgdc0UBaNWLyr4hzCJvhWoN1oO4MZc8lJ7HbkdCtT0JDVKw0/suZpyEr2PXvyU+f/9cmvn/1Z

1: CLIENT -> SERVER: XOtdYchKpu2fX3hT+v5refA4jVffwx9X4HNpL/zzRKKC8INpbn4Ocq3Ef5KDV1H2LLtFmbgbuBkM

1: CLIENT -> SERVER: Wem8/fH5N6d/L3ivGf4S9a34fHoJjnvl82kz6p9bv4Xjc1kdogatjeGK9ulXuJ9sHHB3h6Atsxe/

1: CLIENT -> SERVER: S/F/Lm5X/lzH5HP5LqWfPXubf9bsm/+1wf/6L+Xs7+V/NT9X/cxOMWQpW4MrlL/hyuf8I461R8rf

1: CLIENT -> SERVER: X/5c8RfNFVZn6Rzy3NirhqydzuWuy27/hmKzTnbH+YPJK1enykPzpV0bruSPVqbiY2tMK8sWpuZm

1: CLIENT -> SERVER: 2yZpwO2Sbts1GrZIXJXbtLAurUqX5dY1ksq1XZK0qyTpujTNKucSV1gus7DcVwtSwS1SUPCPGZXJ

1: CLIENT -> SERVER: cPulGD6uxJHbOw3hLioaPbwSm0pceRZUxXLghlO+IzG7P0ha0TYzDgFMHhWy2w3bQ6U0WijK7Cii

1: CLIENT -> SERVER: +ZUEFO+nLUW2FpM437A8qcwZTM6P4UvfszgOkYFK1FL6KuZndr7hLGjoovAlp4RwEbglDHGIGMex

1: CLIENT -> SERVER: R7aPcCpAWoBTYFu82p3Xp+A52cLkrjBFil5JK+NSpJAkyCgXA21C29jGcXvFw2LHAmjUTtAXFCrZ

1: CLIENT -> SERVER: E/xTwEiaRMQ0yQsg7WEw+p7nTCdf0l9eqpgunoA/CWU9o+vAe81fF0dBf46vtBd/JXyajYXFiIlI

1: CLIENT -> SERVER: jFd8tp3Dy4rhMUgFoeWT1zUKS3ZBUAiNKg1crgauP1cU0RjDaw+XmS6dOYIvE1RovB7y7fiH8TtF

1: CLIENT -> SERVER: EvNG/NP4UtR5FMUsoCw+E6GLMtq4rxqYWxLOQQjPMTj5/yXN5FF4P/MZVLwfR4KxNYD0gvRR7iDI

1: CLIENT -> SERVER: EOVwO0Maygaopw/poc1evH+AuCHGO6ZLnCaP9PstE734enL0VY7JgsJpkelytjPB/YX7CQ03Ke6v

1: CLIENT -> SERVER: JnpqBvG34Hxemlv8o5ya9wxT830497egT19apmLYYp/xPm2gv1L0PetfQZefw4fZecw7PQhXvLFf

1: CLIENT -> SERVER: ua0gmiGCpuA24XyGSnAdaXyUa8q4YKBWdiRTrTvcv154e/rPr8aIxV8Lc7sEfkH/rZWu+Qv95p5S

1: CLIENT -> SERVER: EvJXUW/E+f8fay3z6HLX/Ltey/wl3FNXC7cdCk5FUZQ9Dw0B82/LTjwXIxbnYs7JnJt/Fp9R3zXY

1: CLIENT -> SERVER: O4aBy1H/3PoE+uY/48jPcX6eXy3c4nH+rek/4oPUec1C8J6mcYv7x4vfnv7i1RqxeA14Lfbidymu

1: CLIENT -> SERVER: NNtoTF4t+l1KuVYuyD+qG1Pl8ltOZZfBOZTzyo/jewDn1S9Cfh5zK7cSvhrad7s3zX9H9tlkyv5I

1: CLIENT -> SERVER: CFIUBezmbyntLHEvak4n955Il2eLZJDcstQ88sDtC29707HFn3jTXYf+jx9402v+3Le86lV3ZnOL

1: CLIENT -> SERVER: ybDKq8yaJHGFs7ZnXTmwqRm4RjVMkv7ANovSZVS/5nntWVg0WJVjkRVYFG4xCBn5C1MWhRkgfM1A

1: CLIENT -> SERVER: 4B9UlRiAvDEirg7A20jjCkIcAhBDGbtEGBCSXjdiHbW6Jr1e+Ts2dMGNhp11hflGAjGFOWVK0w9p

1: CLIENT -> SERVER: Ypv9WfH86PfnKSthxOnL8AYcBnAYUuAWIYzbLnyjpE9jFaxWhAZHH09DAK6yPMsnXJZJRv4YiRJx

1: CLIENT -> SERVER: iDIK5gFFclXKSEaRUXydIyQf/DG4FqVsnfW9PJbx63LU7z9vetro2lE2GSRiNXFiSGsijv8cdXAt

1: CLIENT -> SERVER: 2zi2ET6FfLNVYubgn8G4n0HcErLdDv/Li8S8KU/Nt+P41tyZb8UXoG/BYPxmuF+eW3MvppqDSN9B

1: CLIENT -> SERVER: +gTV8I6R7T8pfsDFlo3sryIIjXLJC/WKnRaCYSqGaxGUGXuB5zjOT9+kSH10SJ4wfPGGomXxYQKZ

1: CLIENT -> SERVER: RhiVFK/Eub09z8x7ID+YN8y7cXwAYfdBboHsxxmxX9hfXLXVgGRSEI1mpVlDY5cx5/RQC+9VVhvP

1: CLIENT -> SERVER: ZcyoFUH2Jja1GIZW7HwhaEeCFt4/+4bks9OvSH4oBF0R/mKYv2L6g5WO/IOgvzKbVMREo9ZW/1ni

1: CLIENT -> SERVER: szNuaiWgM3fhH8AftZnhLxWvXjulKMqeAJ9Hr6JRhIaAa3kOFldeReMV52LOyTfLdmzXi1fjey8/

1: CLIENT -> SERVER: x6MB4Vp+jMHPMF6z1q32n8G7N+d4a26beY371Oxrkh8LIVeE38v5XYoKVl4DXgtlPCbjd6krPdsj

1: CLIENT -> SERVER: wnGYztr/LngVZctc7hlFZb/abc+TVDaAP+LgD1r+Ff535Zx7NT/gSFumvfCO9Beah93fD0GKsufZ

1: CLIENT -> SERVER: td+uE2tvObzUfm9xa/LOp/etvGxxtjn9/d2Dxfc1D/UWpw8NO7fcZ2fveGE2c/BoM3NVYoq+McM1

1: CLIENT -> SERVER: Y3qUnj+urZqU2wn2ETeAP8cxHxhuJ1jhaEtv0KooxcAbr3JuLVgYx2UHVJKKEcSaQTE0Dw8vmg8P

1: CLIENT -> SERVER: zpiPDZbN58uBeczkZhlpqGTm6owWJAsaXj7zpsB/TKJnkqtgUR/KHS3Z4vvWlFBXS5wzg+57AsaJ

1: CLIENT -> SERVER: 8Q34pnmVNlddcDVHz/KZPYyw5kiZmG/HJPyuYSaK6EOIaCOO6m85B55nKCX8AeSXo/dH45aPDPlC

1: CLIENT -> SERVER: 3pjjuRJXYcjWcFxmFZR7PK/S4doinKs7qLgXhT3OLUGA9I1kDS2W5vAtXhdG+v4hjGHfSf+xkxDM

1: CLIENT -> SERVER: MOtwzqLp9yJ6Zel8HhGEhL4uvIlRzyOGQSmbEmAeZetIx9ZB/60PmiD0dxgzcq1HfV7ve6bBYf3l

1: CLIENT -> SERVER: iH5vxZZryBVUZYJ7PXGmxNgoSow7hPttAwsMFX+dOWRyVLcM/0l8oT2DIjBTmRzDbw3xDH8K4Y/j

1: CLIENT -> SERVER: /yluPzhAfI4wrq6iYaeHsdiHH7OYlI3ZSprI4cjToZsNZG2xmfTJqUI4yuXeJignrHXCO7wMRxjv

1: CLIENT -> SERVER: Xo54ZuBIZYoU59PAsYnM3OLPPyvPmSYytpBoCnn3ozHHEH87TvA23FtHkO5Alcq8SCM425piTsx4

1: CLIENT -> SERVER: 7yGMZfNe5Io4rrLjCtBHk9x8DvfrR5LC/Anc3PojD2nYBraT+fyZQnyjReQ6SBj/GHYTIafIlXCT

1: CLIENT -> SERVER: WwsebO4/dfKT537xxFfP/lRVVk/6xDsL/rps5o3p+/kFPQRdFhqw/j+DpigHla3BrS1+JRuYX0ov

1: CLIENT -> SERVER: v12OPFj4c8Vbg3fXQ8Nc84h5d+PW9IHGnDkYgoW1bxQfGzxtHhw8U/6/Q5CiCLo1y/ax27YWbBxy

1: CLIENT -> SERVER: f/danoNFRdRP4P+gt0BuxHMdbka4/eDvZUPz9yBXvc3bwAzPfjj/q3tpu0HXsu+aeSB9fzZnDoWg

1: CLIENT -> SERVER: yxLH7HcPMjW0bhGOyV/Dd6l/kvn/PzZjcLx85PxHinuCd8voZ8/eZv/0cnBdyslfwc2Kf+t1a8Gb

1: CLIENT -> SERVER: D25r+huNq/usk60GP1N8W/CO0DnkuaFbC+5MbsatBdN25u5qH2p827np/gtdZrtHW3PVvQtL6V0L

1: CLIENT -> SERVER: 81P33X33/F0vvn/uwG33dDvTC6l1qUmdtUlVWFfmOOY2hTurSmup9RvQyIUjJYeUQ0juDVcQK1KM

1: CLIENT -> SERVER: RZ5RE4QrsuCXFVmQFbhXEd433O6r9uVQlI1exTpStIqECFJL7qO9kjnKdlGr8RL8s218ZVRYy7+g

1: CLIENT -> SERVER: 8MpzaMpqvOcTJttzrjRfSSrzZQwwGuyoCJe28h85eejUuJboEmXyphLhsNyshdcKykeRUhOKF1sW

1: CLIENT -> SERVER: vpSyFn5uwGkyBKZod4KJ3srWcRAmjiKqckoM80YBihgBIFKgRONM5QNJQn098iIIl4bw6N30eiQC

1: CLIENT -> SERVER: MioRhEJ37e16I/E9P5YrEdJcTRYgZhK53kFGxdDgU5oUd1KjKk0L4R2EeilNG9JEeIp0DUgLMofL

1: CLIENT -> SERVER: fkth5QvHK/PEvA7j8K2QdxWp+VN5w7wP/3j+Kcj343vt9+WZrGr6TrjfNkzMG5DnVZB7MZZvxX1I

1: CLIENT -> SERVER: 4/JBuA9A9kEWUPYCwubhnseRdc2iuVwxNY26pyAdCK0K7eDuQhg3A5lH+D6kPwA5irx3op0vKZx5

1: CLIENT -> SERVER: DevOU/NWtPEdqP87Ie8eJOb7IT8wSM0P4kP6PRA+I+LlOJdbIF12E8Y/u4p3FecWGraaCMtQdsIf

1: CLIENT -> SERVER: C6BvKktjH7cSRCTiZLtGTEyJLB3zc6QsCePtse568f9z+R89ys0M+wF9I0fKDoe/KuOvy7ZixIq/

1: CLIENT -> SERVER: GubWDGrEujq4tQV/WczVa+zDzeje7t4QnLsaGrDiioqpl6bvWW/EIu3bk9dSYc10XIERghVF2YNw

1: CLIENT -> SERVER: zph9ffKVqzVi8YcVXK3BlURURKgRa/tgX7JP2bfsY/b1lmmYjNsNtu+x/x7f+7jpwU1Nts/+74vf

1: CLIENT -> SERVER: lf76Vo1YcTU7+1eNWFuHY5JbLnJMXu67lGzpaOVRv4qyJWgk3YzBqZKrsfh7T+UmhHMw52LOyf/X

1: CLIENT -> SERVER: YGs763Orwan7kw8Gr6LsWXalZjyx9uD8TPaqUwv5favpYGGm1Urum513t3XmTKMzZaq0VfHpNsWw

1: CLIENT -> SERVER: qMywMCnX2AxzUw242qovK67EYFUMIYUckdhU+dCURW5KGrHEkBWNVzVjVhkMWXFbQbrL0pQVt9cr

1: CLIENT -> SERVER: TI9i/HOj6h9L8lVxw++LDNzki2RUSNZlm/BGlVh3rN9XQuU7j6Mq8cbH3DSoYMYxft72kO3JpDJf

1: CLIENT -> SERVER: Q8A5CFeDFJiQueokao/lGTXMIEFUSjNzTdb7hdiebQJ1sF7/jCrUIu3ANePRR/tnWaHNrkxwnRNT

1: CLIENT -> SERVER: 4VhWTlZ88DlBfR7t+JlCIkhP4bcL6o9F0HSK2L1w3jRoEdZRPyu6xQRGLTz//CEk9CIryHwL14my

1: CLIENT -> SERVER: ZWIX1mUrSFfjTVb1XIHRZeE9EyqgH2OA119WMWFeELOwxfzhSpO4wrTgn0KcNx4ZeX6UH4f4YoNB

1: CLIENT -> SERVER: NIvk0dC0gAIPY1C9oHRiqOJ2fN8KeVOemLdB3gX39xWZ+VPDzLw398/cemORmgdw/GbEvRr5XgZ5

1: CLIENT -> SERVER: Kcb1S3G8T4QGr8TcjbruRB3HUP8RCP/7olD7S/+tkNsRfxfac09hzYsL34bXQd6Out87bJgfyFE3

1: CLIENT -> SERVER: 6noP5HvgfiefeQX3GwapeV0/Ma9Enrsh+1FvE+fBeWIFg54Gf26NyHOnIS/hilSKzKuQijPpUJ5h

1: CLIENT -> SERVER: xx7kbdUsK9NCFJ89x/uGjJ4xiDTxevirEV4SFue8mws5NXSEF3jGXUBCD+0saMSa+ZbkrwbvZeE2

1: CLIENT -> SERVER: Q7+z6pUuyrUT/1nadBuLhslsal4TfLuOugGL2/uE4MvCdEvfk308nbc/HoIURdlDXMvzhLjNWHwu

1: CLIENT -> SERVER: o/6w4vrDPmZfX61Biz9k2PfO7Olk2v75EHTTwe9Sc29I/0bwXhaOW25npQas5w778HJj0bXsA8Gp

1: CLIENT -> SERVER: KFfkhKUGaWOKM0a3FdwDcE6mofzj+H93K9vC05jVPGZ/PngVZU+yGw1ZWbeV3N890nnDqhnwkSru

1: CLIENT -> SERVER: YKNjXtiYMbe1Zkw6BelO2TRJbFrm1vTXjOn3TTkYmmqQG8Pj0ButvCFrLFUJkS0EuSorGLOCcJtB

1: CLIENT -> SERVER: y2djlQXSlSJcDeClMEVVmD7CelUlkkPwJ/CrDkUUqjRuwLPztItskW+VbytOS47+i5qsmECgrJTA

1: CLIENT -> SERVER: kVsCFtaaU7YyT0BOQy4idR9xRVitNLbOEDpGnkl8FR7Jx4B64HYR28Azi+LP0PILaeFMieMA9XMB

1: CLIENT -> SERVER: 40UEnUXsacetzSA4nsY5n7XOnEf8BeSlMr6HMYARJNsTcps4Gs3EgCXCwoPE+qVfKAwbw5b41oR0

1: CLIENT -> SERVER: yg0g9rtcMFC/DvG6hDC5rvUwL/IKY4DfRTALiRFGDFp0WcwjtsDYKGWnyxTxTWTlc6G6CJ5FhhkM

1: CLIENT -> SERVER: pi7GIp8PxaFJI/FFfNEdQBrw89lai5ADiLwLaV8mhqVUjEfvHmbmeyHc8vNdeWa+G2HfAXk75G2Q

1: CLIENT -> SERVER: t9L4hbH+Zsi3Id8bceRKrm8tafRKzTeJJBBrXou2vA7pXw95A+TbIFxV9e2Q7x42UE9DjGfvhP/N

1: CLIENT -> SERVER: yEfjFvNyldYdOJclSIenip4Zot00BnPrTRqN+QyxFgXhDfQVt2C1/DIvxiz0kZiIfc9Jn4Z7ZrQu

1: CLIENT -> SERVER: Em55CJcYsAI1516Cp83uiLKT2aoRiwYXPi+DzxnRX7pvH//tZRSvyfSuU750+TyK+bdlJ67GgLWe

1: CLIENT -> SERVER: +Tenf69zr/0Pwasoys2OM3fxF81X8zwhKq5pwPpZ3aLnhnBNBq2GyRbenv7zm1HhdzXfpX6+35Rx

1: CLIENT -> SERVER: q9+lto+/jP9/NiObV0OWsnU+m+If5U0YPFs9GJzKHoC7aPAZWltZnTXzqvTPckVu8CrKnoP6xV2F

1: CLIENT -> SERVER: s2ZhZqbxsuOL5v5eNei4tGUON2fM7Y0psx/HbG6/sVOzxiT4J0O2DVw11WAN0oO7b+wghwyM5Yos

1: CLIENT -> SERVER: kb6R52dFAxaEq68Mt7WS1VqUaOzyxixrChypbEVckD7i1nBco2EDkgeNosMXSD7rhbpWigRTyR3c

1: CLIENT -> SERVER: k7+k9wpwr4z1qwfojLKdSHXeOYFvV4wNNYfK+W8bt/6iQSu2l3u7Hk8q84QrzUm4+UyfSxvry/Nm

1: CLIENT -> SERVER: migRuHw0hO7g31ZCX6JcWQHF+uW6+baQ0iaiZOcOxachz6AZjyLD15LSfDUpzFdwpND/dZzr47Y0

1: CLIENT -> SERVER: TyPvKYyFC6aUVXg5wmSNF/LJSjSUITp2/waRKN+GkUiwsqOI18tfM88GF2oU7cdR9I6GMYSGrBLX

1: CLIENT -> SERVER: n6sBvd0b4w5jBq5R/vgsqBT/YDbLRKSFLzI0bPEXOh3ko6GLBi9mSTBu+O9TFKqlKXxOFfPMQG6D

1: CLIENT -> SERVER: vASVvwLyKpT1LYXfdpCGqzdD3gqhMctvA5iad4YtCt87zMwPQn4IX6B+AEL/9w5ptPLGsHdAvg3C

1: CLIENT -> SERVER: lV6vQN67UP4c6xUJ7UEj2R7ZKjAcafxmu3n0ceFZWkyL/kkgNGTJDcK+kf7hEX7+wcnHjtFgTBHT

1: CLIENT -> SERVER: Fjsj3FtxpmRufyX8FaHBXYqMchPjz9rj3fx4jyE7g60qXvjLYW6zoA8e335o9N6MxgGzK5Qv1pkX

1: CLIENT -> SERVER: 8aH++96TLXMLqXTG7AtR10z3Jen3cHVG8Cp7lOGp6qHgvISv4/sf92qnXG4roL0I/xeIfRPlrHz4

1: CLIENT -> SERVER: bkJpzgXX8w5X6Oz7ruyL/EVzCLosNATQeEIjihqwbjw0aP3Kqt8qd9MVxuugwm/mNe5T+Ep0Wwja

1: CLIENT -> SERVER: 1Wz1uxR/2c8V7d+1xS2rlK1zB/6H2oxsyb4sOLfMVj57+MxTZY8RnvJBVh8pNjVqxc9d/W5yc8DV

1: CLIENT -> SERVER: WfzecSW4Itc1zJvp3ur3V51HxvB+if3CPtqMy/XtlSjWqk1XVT5lx9eFovevZ6vXZWdpua5Me7ad

1: CLIENT -> SERVER: ftvS7e0f+9qBwdvMsJ8d2r9k3nn4VvPefbeZlx+43TSO3GXaC4eNa3aMyXHi3C5wODDVYNWYtRVj

1: CLIENT -> SERVER: emvG0ag1XDWWR67Y6q36LQdp1JIVWMiHjw3ZTlC2IaSha+jDKRxjNELQgSNXCjyZD8wfFcvmA8V5

1: CLIENT -> SERVER: 8wmkfxrpUJvJnTUJLkZqucVhZVzJ9MzJf4YgsqIATipuK1F30yMKWEZINREf9NyRMvCGssf/Z7Je

1: CLIENT -> SERVER: rxymwp3xfiMvY9KKz/fx235xdckKglcTawbSdGeO4R+7tw0S8x3DzLwa/2AsVU5yOm6jxrp8McCv

1: CLIENT -> SERVER: rOCfbwRV+CQ2Ar5w3mPt83NH6qyVxWfusHypCfXxWgxtaparxJxBMhqyzuCancbNc9ENZRUMV5/x

1: CLIENT -> SERVER: WqVI3+RqmaIyU7jGsxgofG7QAs5xBkeuMHE28edPkdVpcPC8eJTxAwcrJy5BlFfAE2lTuBajfFJS

1: CLIENT -> SERVER: yLCN/aJsBvo6Xp94HUZ9PooITob7e5bQJ9vcCf7bJ1f5CRhTDmMpQfpoeDFh9aKsCBytZPTJPbhn

1: CLIENT -> SERVER: MIGXCcpCVI54bsuHO2siGbfnY5kc62wNRwyhm4Y0Jpa2Sai/z2OID0NASCeEI5NJ0tqR1EakrBij

1: CLIENT -> SERVER: m5+9vl60AWOcL/rFyIayE5yfpTA1y6ehCuMZt12oD2+8Nwr0D+8T+pEvx313HPPNIyjoS8jzCdy/

1: CLIENT -> SERVER: n0yG+CJmTR/3WoLyaBDDnYTifBnjs/Kt9D7fzpsNXjbOGTn6bXWtMkN8VC1MT5mDzYMnj3/i7L8+

1: CLIENT -> SERVER: 8fUzP12V1ZMh+Q1jq4oX/gqNX+B3GvzivzIaSZtzrHQ7etuef9bsm/+1QXPwpZz9QP4T+dnqp4J3

1: CLIENT -> SERVER: x8HtA1t3uB/t3uveEoK2ndO/nf9QuVL9m+BV9hiubb9v8TvTXwneLUFl+utw35NZuF8Y3Hw+5X58

1: CLIENT -> SERVER: QO7H595uXgnBfyRX8FnNH3KRP4Kf0FD1O86HXQ35qlk++1vD6eB9XuHKHBo1gveK0Fjy3fhM2i1b

1: CLIENT -> SERVER: sfGf/8ttU1Wni28O/PX3bobn+w/wmfZzKVfwX5ly2Zw9++H8L5Rr1a+GoF1HOmf/yvxb0p8J3k35

1: CLIENT -> SERVER: n/H/+I/hu9ROG7s3y3ep38T3qD+HsbcRF/6w+Jn+0+UVv+/WudrPHhop59E/fB7yEXzG3Il7ucvP

1: CLIENT -> SERVER: HzW27zr+SmfN/FL4XF3P6d8YvrUcmN+ju3HA/a3Z1yf/i0RsAa5cvZu6BRDHSfxeouNkd8D58vva

1: CLIENT -> SERVER: a+Zx0f9tzOBk+Y3zHy5eijnk7c/l+2scI1MIo6F+N3935Y+rHsX30xP4jvAsjtw17PPhO+xHZUHC

1: CLIENT -> SERVER: lT+D6pz+z/l7rvl7gzN37fve7JHg2zL1+5ePCYnXZad/Nl6O7b4uu6kXXJbYe2+5ZeYvrtxu3ne8

1: CLIENT -> SERVER: d/5Ao+HMa48cMd975E7z5gN3mlsP32uaR+8xjVk+UQYfCL0LpupxNdYAdzlkzRutxIA1hHu4GgxZ

1: CLIENT -> SERVER: PVMNe36VFhWoFP78n8/E2syQxY6mwhQyhDxW9s1Hi2Xz+8VF8xDKOYF0qxi5vP9pyHKu8ApsuVbR

1: CLIENT -> SERVER: SESlbvwnokRZjES5yMPwqPCNSll6t4uobOdp+DHj6+Zc5nXBjPdtSxHXQNtoyOLHbB/Bq86atYTq

1: CLIENT -> SERVER: U2fmcFO9GDfYDwxS8+34h+8QCqHSvYWTlVUWI8L5SRASWHyI0l1L4+vFmUvYOPy5gXKkKLyhXFH1

1: CLIENT -> SERVER: 4+h7gG1NzDLkJK7QUzj5JxH3DL5QHE8Lc9YNTR/pxRhgnUlwbm38vzSfV5jcS7Mf53gYUYdR2j7I

1: CLIENT -> SERVER: FCYcmrHQPXyXl9RNkSU5qJsdTFimc/5ahOvhiQp5uhk+GadcTzbqbwrHLqnFj8YoJAR5n/f4S8jr

1: CLIENT -> SERVER: TzMTSghbCmJWkHgxZEN4n1uMKzHy+KEJfEmYeDBGEJjCh2JZNg1jnJ5iKZIciBkcaWguZgsoTEMj

1: CLIENT -> SERVER: LI+xRDHzsCw0kGkJ0/oxKC5pw8hXd4cjZwYKs7C2GC/GJBnjbI0313OFVkKDfczFD2VWi5PlVpyc

1: CLIENT -> SERVER: c0agTQ7zrmMZPlEwZCXmK0llPoc8DyZD86ksN8/yvHDfpkjDVaKs2+PPS86BIiF8B75zbyr81OEN

1: CLIENT -> SERVER: WWtrFX+7YeZnpsz+bP/xE588/69Pfu3Mz+BaPyWJbxDJlP2RhXekvxC8m8Jfn93oZ45QacttPvgr

1: CLIENT -> SERVER: qcfx2b3ZP5dXIioZ+OWT/zjyM3In/EPww93VTZXPp359+NoqN38cvDsC3P4vyg64H+2+JPmRa115

1: CLIENT -> SERVER: xX/U3pcnW7qey5/Nf2XtK9X3B6+y17DmwL7vy54Nvm2FcwL/AeX2u9+GeW6n/iPKfzQ/iM/Yf5cN

1: CLIENT -> SERVER: r8lQdSWWv1j+ztoXi28P3ucHa26bemnyL7a6Courgv+nfnNHGnpovPkG/qekYfGLuD7ncb2u9XMq

1: CLIENT -> SERVER: EhUmUZH1UsyXu0lZ8vE0Nz/Z7JtPoG+2woU/LH66/3T5PwXvrsG17LsWvyv99eDdFG4leKNXYcVf

1: CLIENT -> SERVER: Uj+MsfpcvkvFsRm/S90O2Qn35f/e7m1qQL0mpec2fvbws+Z+9NEruVU87uXdqvTcK1z2e/mvDV9e

1: CLIENT -> SERVER: FUZWg7im+c7Fd2a/KRHbAMcJHw+wk7+PKFszZl38VPGLvW+UP7Hd31+joYuPldjp4+RD+N76QczJ

1: CLIENT -> SERVER: v4XPmqs1iFyJk786PGgqczx4r5rZt2TPNObk8fPbAj8XucPSt+K67PTda67nddlNs1Y2007fPnff

1: CLIENT -> SERVER: zF99YnHwpurisp2faZp3HrrFfN8tLzCvOPpiM3/LC01z/zGTdjvGDC+YavmUqXorhs/FElnryYqs

1: CLIENT -> SERVER: aMiqhn7bQdPvSZjLw2osSEWjgxiykI8GrrohSxSmkKoyRcXnYpXmG1XffLRcNR/MV8znyr45jfwD

1: CLIENT -> SERVER: 3PiVs8biwynh6iRRJzMru71uxAIsLqqbES2GrDBZyHaD28x41QjqYpU4B2kBdcxyar6NbAsV7xni

1: CLIENT -> SERVER: UwhbQsVyj4YslNFHPBXJh/GF6X2D1LwHH4h34MZi7mmkTifaHs4vli2pIJLGp/P1Iug6nLPsTyb1

1: CLIENT -> SERVER: hCPP1SU4j8ScgjyB0K8i7mv40v0kbrbjSW7O4dr18QVcclSJceigLobJ/rw0h3GNj6CddyLuTpzH

1: CLIENT -> SERVER: EcRzW7cGFfVArqEo8APsWG5VySZQeA34kCQcx9cjnL+/COJWnk/Y//FakHixOAJILX40biEhaBzC

1: CLIENT -> SERVER: wYV7H2OB44B3ToGXmIJlRSBT0wDEewUi6ZCSim5c97gFpjdkwc9hFIcSmkIjFGNZhjfS+AaM6/fw

1: CLIENT -> SERVER: KFsbslgIz4JtkRcifVqfmvWPDD4Ioj4gluyFLx6DGR4eDtsYT8RdYq7DvRbnOxnauM/GKSEom7E0

1: CLIENT -> SERVER: eEvb4CY8bxrME9xbvnst0jjzbOLwz3BpHsJ9+ZF0aD6ZFuYkCmbfcv7hlqfeXEjUkEVD1r7mvmdP

1: CLIENT -> SERVER: fpyGrLM/eyMNWTYzb5h7e/bbaUt2n9yUG2XEolLwY/iC9buQ56oMvBLxi+eNUi5QQX1simvFN2Bg

1: CLIENT -> SERVER: hid/4zIPfXie4bOvOvfYH73W514R/gP2E/hOUl9R8cvNgfl/NfCdbhMG58yz539veCh4lT3I7OuT

1: CLIENT -> SERVER: rzQOuLuD97rAsfmra+0dZyjhfPjD7dUtGwSuhXMfyv+34anq/wre6w6+3t8/80Dya4197vYQtCm8

1: CLIENT -> SERVER: Ln990NhRW7Hxmnwen01UBHwC/59cz2uzHn5mvar0zz59bZ7u6F9n8/Pt/c2++dvZxsaF9ax8Lv+1

1: CLIENT -> SERVER: 1Yer7w3enY81ty2+Pfu0m5KNQDblRn2XYv//Cb6bc5xudYXctRJ/nHIjDTWvwnepzZRy16r0vF6f

1: CLIENT -> SERVER: PTt1pwPFs3+aD7bYmJO/widMj+hyS+3g3jZ26veROjSMx1Uc8Qccj9jyip+HG/1IYzeuRuOPNb6z

1: CLIENT -> SERVER: 3Qu+jeGOEtOvcD95vb6/7tRxws+ev9RZuy4/vCKD4+Uj5z9S3BO810T7Hvvvp16avid4txUapH9u

1: CLIENT -> SERVER: tb3jjIzPx3XZud9IJ0lSZ48d3tf+wbVj6Y+cTJbvoGL3lv3z5r2LR8z33vYSc99drzGtoy80je68

1: CLIENT -> SERVER: sfx5fv+0qVZOmmoN832/wNlyRVZ/ZLSyXJE1WDVFziPD+sYN8cWLhgZ8+xBDVp4bS60gjVk0ZFH1

1: CLIENT -> SERVER: ynDOmTzCT0PWiinM18zAfKRcNb9frJgvIu1ZxOdU91LZigO32aNSWpTG+JNnt4h2mpcAIsHhQsMr

1: CLIENT -> SERVER: SuMwIJ8fQxbroCHLK7hF6801DjjQCCfKZYnweQc4tzVID6dQoAA+m+cdw8R8P748vxpfLOfxgTGF

1: CLIENT -> SERVER: 8qgVG9eE/FIGQmjsYeHsAvkQCnEIYx/ZWvueO6wEyPOJ2MehvsSaPHHmLOKfdM58GR+IX8A1esTm

1: CLIENT -> SERVER: 5qmkNKfwobmCmy/nOSJHgX/mDKSDYXI4r/ChWJk7cO4vxPm8GOdzrEpkW5mUxculREbH86Hxj2WU

1: CLIENT -> SERVER: aEIlp8stCr0hAGlwruwKHsWBvpPrMbrucQKgP5yLEOOZWdke5EJ4p8A+psRrUIuX68PRiheCYi5/

1: CLIENT -> SERVER: VXCdMCZka0m4mTvHCOCrwviS4S15mGZsyBKQ2H8vC/XCE4aJh8Z0XwkIBQX8LTr20+lX/Hmvz8Z3

1: CLIENT -> SERVER: SL0YgYnGCf3Ijfg4iZU3moZCfH1IAitzZLzXGIAMHOw+o0CDNVPwvvDzm49zOAE+R4tbsPppIRFD

1: CLIENT -> SERVER: 1nHU8WXck5/GF7kHacjiF1rJ4uTZYBnK819LJRNqVkPWDjFkzc6+Ifn0lRSIN0Lxwn8K/lN2/RUu

1: CLIENT -> SERVER: l+Mv5al5Jz8zn6dfU/EfwTfiS+VGrH2l/NDyZ4strVa4XnDrwOYR8+6pF6Tvwo19zZpk/rO13oBV

1: CLIENT -> SERVER: h/3ww/iHcFMl1H8Y3o1b6qvBq+wx+LyBxe/OZCuf6wnHKZ8FuJP++bzcFkfbweqXyt9e+ULxHcF7

1: CLIENT -> SERVER: 3eEKlvk3pv/iSsp/QmXA38Rn0U5Q0sQfWFyvVXHXCpWC34PPq7fl2Y5VevKz/cda/S398nftkfL3

1: CLIENT -> SERVER: lz9TfFvw7mSm8F3qszvxuxQ/T3+5Mbzh36X4/N7n69y5QuLVndXgm+S5KD2v52fPTlildzmo9OSW

1: CLIENT -> SERVER: U+uJxovrQdyOMXKjtlu9CkOWSeftj8+/Of17wbttcCvSH8f8sVPgKo5PJrn5DO616/EZGFej7fQf

1: CLIENT -> SERVER: aNS53HamJL9gTp7/0PB91/P760783vpTrd6Wf8ByLZz+jeFbyoH5QPBeG9Yszb05+2w2Z67LDyW5

1: CLIENT -> SERVER: i8DPrl7298LPO8/HddkVdy4aOb3QbXz74p3dP//49Nrre4NeuzvbMi85ctR878Ih847bX2XufsG3

1: CLIENT -> SERVER: msbBuwx/lV8V+EBYO4FPRa7IWjUVDVn9gTG9vrEThqw1eS4Wn49lcoYNjM3DP3DUCNOdDxFPQ1Zu

1: CLIENT -> SERVER: ZNWSKGkRz6Ph+orCXIQ8bAbmw+Wa+XC1Zr5UDM0F5C9FiW1lMQINWV69ijKQVQxZ8vJpiMTXlM6S

1: CLIENT -> SERVER: htVIhXjfxqsVy1r/Pb+ybB8iJQG3vfNt5+qKuKaCgdwgDb1pVtH8QSjk3tyad+ED4bvxD859+FDg

1: CLIENT -> SERVER: KgkauOLvHqjwH5UdFffUVvMDSspg/zIhwkda++0gfCkRLT+vL+vEIbGmlzjDNbhfgf+TNjefMrn5

1: CLIENT -> SERVER: Ko4nk8osQwZoH1+8lkWZmhIffC0UcQDtPIby7sXx5SjsFYi/myuycN4ujhOcnxj9UDafL7CKvmUU

1: CLIENT -> SERVER: +6WDtC0cM/YB2kFlvijbUY5flcPzRwL2C6+JdAyJcXSyjoA4GR7ifIBylfAayLiU/pMRG3oU1076

1: CLIENT -> SERVER: fdzHXGnJMcW7Ogbz4Hse45tjHMJryqsnhiyOAd5PGFdMy2HI+9yFskcGlzhmGYLrLHeLFI7SZVXo

1: CLIENT -> SERVER: JkjlsQwQ55NakCDjcz21RBtFx3g51BLEpkbiHBnHLNsghizC3sIL8bwTuSLLn7Pvdc7f7At2rfQJ

1: CLIENT -> SERVER: DVmIOY5J5Ev4MvvJdGj+MBmYT8N9nHMH4ngP0ZDFf1/rxje53SEsNzjhGffwzYKfKicNWQszU2bp

1: CLIENT -> SERVER: /8/en4BLdpXnofDaQ9WZz+m5W1OrNc8DQgIzSyAwxgQQEF9zyYPBiW9MnNjYIYnvExODsZ/EN/ga

1: CLIENT -> SERVER: O3GIf/t6wPFj/75ghnjAQYAEiElC89waW1Kr1fPp7jNU1R7u+35rrapddWrvM3SN56z3nK/2mue1

1: CLIENT -> SERVER: 99rr29+3BoCRNXlN8PXlVDn1euOFL0f/V3nlKoh6AW4OfgDPzW6fxVIkjTT7zfjXqweTjxlrz+CF

1: CLIENT -> SERVER: 6jUjZ3ofHLs0fOdaVQdasB3/bXVkReOpaIF99CvRh+JT6bKqMB3WL0rbvf/AQ7SNtWsYpM3Fos3Z

1: CLIENT -> SERVER: TkCYWA/HH8bD+Fnj1FWshok1KBILg/CBxUrB++2/qJUHUt0QGYG/NLayL4GHgZk1fon31xNXhbcY

1: CLIENT -> SERVER: a1v0ei1FBtbvY03RbUn21WC5j1g6Ba4jfwJriHY4cVf0J5Vn0hWfw9eKbj172DZ3nZowtv5iJarS

1: CLIENT -> SERVER: BgHcHCZaz5fqpNrVog/M5vfG3567L3mdsdaxkvvBajFI44Po9kc1WbCfb8F9o9cfAawFRSpNCUq8

1: CLIENT -> SERVER: K08F3Vy/DtK6lQzwXE0jHcDx26NfrR1Kf81YTwtck06/NvxMt5hZD89NDAxTtlf90roFOZDwfW/r

1: CLIENT -> SERVER: 5OaRlx/d7F+xmNbGPDxXto6PqkvGp9TOyS1qdNMu5c/swACZVMIpqC6qtAKiOkFKWZERJSoCl5JX

1: CLIENT -> SERVER: i5UfJcqLES/BDTNBeKoYJMUgulnpAu6M1onhNVF6KwbxrCxuEfHbCTzjGluqEl5vqC5FPRQwCIOP

1: CLIENT -> SERVER: ZZDtdbERLCHnBYlb6iT+8XZfZ26hffbhheFB0D6Y5xGKS7z6I4iBmAZ+LNma85qSYdScbQeRbWNk

1: CLIENT -> SERVER: Iur8mJkv5VvAZDumIrXfi9SzfqSe82O8BMXqlJcofvdQQ7gIHRqjAdiVZOCd8ki+mkNa87hWMCgZ

1: CLIENT -> SERVER: jmeG6YoQWvXkSbi+xHZBHZ8NU7UfjXYYQeaRjm4faWH8YjzVy8qGsOmsAtKY2uiwNgijRf7YH7ZP

1: CLIENT -> SERVER: bH9kBmibds72XjMsuwapYLyQgc1fnuukWTURCPcjjgiMO0pG8h4ihJAyX7holgcUy2EpC9v5tty2

1: CLIENT -> SERVER: 7Fm7ceNArofPUks4El80yEylVClJRm3GX+5vGRJflpmnAuo5wXuGbT+dug5LyUPyE4TgQeaV/dPh

1: CLIENT -> SERVER: NTENSm8JwY+5SLEkT0Q0edOtnh7DgDYqdN371wLlHf4nB4mJxRdnvhhx82GQmFgEy0MG0+sn5oXZ

1: CLIENT -> SERVER: xAVgN0B1HHmITqQ/NMaug8yr0d3eH2x+S+ngtneVvj31ivCfnQ4Ti19j3zY/pv4Oi/iVjic+j/OQ

1: CLIENT -> SERVER: VNJnjNFhg4IvSPzaj1/XG6eugBI3g4IHurhpxM0VkcTqEROL5zLO3Bz+xXJMLG7e/e3CaN+ZWNwY

1: CLIENT -> SERVER: f9vEnKgOGgYmFsHnFr8O53PrD3Al82hQwM2cz86Ni5TBcuA6hR/dGOvAgRIYy21a/2613LO1FPuZ

1: CLIENT -> SERVER: ayluvg8SE4sgY6QXa6m9fn694+PqPmNcE7r17GHbkGkyCJjDg2DQmVgExzeJHz1xXPH9geOeG7S8

1: CLIENT -> SERVER: X5OpwHHG94tuwKMKlzagStRjX4s+aqwdAfujW/UYdLCP2bfsUz6LBxm/vDgi65Y8bHp1KBv83Vy/

1: CLIENT -> SERVER: /mCA7vsPdaksbDu2YaeYWESymH7p+NdqV/MsZuPUUdw6QO8T7aRrO4HWfhmGfb7S1Ehw47bzJv7V

1: CLIENT -> SERVER: C9viN1ajuYnSaKCu3rldvWfHbnX9GReryy57ndp5/itUaWyTUicOq3ThiEoWDim1cFx5lQWlKpFK

1: CLIENT -> SERVER: qVqwUhEpLJHIkislseAuBHMCIvOKcyLGA5ZqBuVMI8QXJldq1GbBX9R7adWCs4jwkKqqr6sF9Q1v

1: CLIENT -> SERVER: UT2e1tQ8N1YTX/EEHNmKlY1gbo1riQTCbtraLVe6yr3JPNx5yT7nC+5bq4ZNK5s+Ie6ZjBrl4VYy

1: CLIENT -> SERVER: Xg5TkQ2RP97qF1BqShpRvSBCqyuiUNQL/ihoF8LugOs4CMGlfpRokkRxlaSxIE754JRFIdsXbgwj

1: CLIENT -> SERVER: vh0C8tNsBKTKDOzLlu+pk4FST8Hth36kvg76DtYMz8NeYxj4C8sO9UjxUhSnCIy0WNVp0Nmgi2G/

1: CLIENT -> SERVER: BnRdGqpL4b8DyY9hzAQg9vM8sj2A6jxTStVLIdVNIi7qtyPy1dkxrkhjjAmyHeDnIQ2fKgwtM6zO

1: CLIENT -> SERVER: PEDCAtN+RL2JGBMQTqNxtHV0WBXYatJyZjyzNcWIdrfnt1nIjIWn/GWanhcZ3eKo4zEJYVWyn03f

1: CLIENT -> SERVER: CKsn5XlSsIMkjIfwHlV6sv/1GGB6ZoiAGIpkofOvu+FiiqFhJbJawfvYEvd2AQHjLDm0i9YCMq2y

1: CLIENT -> SERVER: jGqWQdRoikuMrNESqAeLoMWJWM/sndDUnHMAc4GqBZ/HlLgPi8sfBlX1fczTh0C4yzOUMNNDhOVZ

1: CLIENT -> SERVER: WTTb8tn+YChblkyp1g2yElnzRiJr6/Sk2jGy/cDBu0782cEnjvZcIgtD+Pptt5TuNNa26OUX8Mud

1: CLIENT -> SERVER: izRo4EtKN85p4UtaHhPv0Odr52F6dJWBUz7D/88zNwS/cDpqAy3YRv8c64xbauU1fYFWeL7F52rc

1: CLIENT -> SERVER: /D6ubQ4bHp7a6Y96ry1tBm3zrqVTsEXtKW/z94j/aeLgyUlj6i/IjPj35bW9CCdz6njlhUQOpLeo

1: CLIENT -> SERVER: Hki/HR1Pvp1U1bdh7d6nmS1YqUTDIKgSpATWr6LdB+3jirWCz/X349k1SBJaRdIzWQykZJavLtz+

1: CLIENT -> SERVER: 7lLhZmQvVYJRtdXHsZYaBiYEwXVCNyS0iqRFDn+pdlNaU7cZ6+mh5dnjjaabRncH8gxaC8jw/MlK

1: CLIENT -> SERVER: /49CLZJCGlasVbNCkbq4E9+JP13Zn/yisbbDhF9Wrw03+a8t7/JeS4fTWZv0QzVpHnopkdUKSmh9

1: CLIENT -> SERVER: DG0xqCoHl3umHftq9C+j2fT3xNJm/Xq695FBUmN3uu/31cPJM/FR/e5bO5zeWzuWfjtZTL+N9+FV

1: CLIENT -> SERVER: n3G4SiyZu8TpzN9B6pfl1GAuh5X2y2DO0AxC37tw986JD1TO999/oDa3O/bjcGzTuHrN9u3qA5vP

1: CLIENT -> SERVER: VFeec5k6+7LXq017rlWlEAu5E4dVMk86hlXpSeVX5pVX04ysdBGTXhhYhplVw8AnxWRkLapUGFm4

1: CLIENT -> SERVER: afK+SUYWmVc8J4tSWmks5xsJM4vrN2FoaYmb46qmHiAjy69oRpZXUwsMh5cku7nKjVxuOGtGVoKW

1: CLIENT -> SERVER: 1zIKxld2XZksyfZKw8V2U9a8emRjtqacBbfv6SdgAAmkGVlk6mg2lo4vjCz4CeMH2IV63FQL1I+C

1: CLIENT -> SERVER: rklKag/s03C3r4mxbE4jNq+Aj3ipjzbxyeJJ0CxIGy+Vmv3XGQgDwlSIjDM5hEcsnjoBryeR//fx

1: CLIENT -> SERVER: MvkPflV914vUS/UFOnvHVyVhYAWqhvB836X3JPr+DFzPRVdehrpchZ6+JA2FkTUVxWoElGJsnEL4

1: CLIENT -> SERVER: 55Df46VU7cPagMu2aYQ5J8LbCdrhPIyRLUinhHCssaiiS7iIYJnhQcYbx4sQIaG0sQkIi3+9ew9a

1: CLIENT -> SERVER: Jy/FvYfMTnaE2KQ1xdim3S1TCc4yxEjaQ+Jo1aB2FuMqicHMpACqoKS6Uns+Hf0TjDFhAtUZWUyD

1: CLIENT -> SERVER: aekupWyTzcVCM7Ls+JAsMmi21SF5tgJhbXDhjrTmo2Gapj3gpxlZuqSSHqiZkcW5wSLoe4kOhj+T

1: CLIENT -> SERVER: J1Upiqs0COXVAvUspuDdmKNULXgn7hWPgI5JnVM5b44fDJB4v5W4+GF0uefWy2tzqzusC0izoS2a

1: CLIENT -> SERVER: GVnTamdp2wsH7jr2Z4eeOv5f0jTdL4F7hOkb/DtHzg2uN9YloATNry10f+OFX+P+n2OLHXkZWtwX

1: CLIENT -> SERVER: 35suessyN0bO8q/1J9QmYz0t8MX4U3iZ6sTBxEVi/tyEPvL3wrzpCjwsByau8T8zdn7wKuO0ZnRK

1: CLIENT -> SERVER: BchqziRwcFgGm7yS0hsEgbcpnDKbBRPpuaVpf89yL6aDog6kaONo7sHoi9ERTyQNotnk23iGR3js

1: CLIENT -> SERVER: HMfjvIl51W9QdcvWt4dfNNZc8D7yH/EM6hfDhVItnxztzLMpi+zL/3I43c2sPHTrQ4zTATfOi85F

1: CLIENT -> SERVER: tBg0Ztb4VcFXJy7xbzbWJSAzlpJn3QbXD58ZqXTkvIt+raU+URnp2Hmky6wfOPBPv6GWAdZV1+JV

1: CLIENT -> SERVER: a5M/4u0Jxrw94db0Gm/E2zZ+UVDfFG1Fr9bey2GlzOVhBO9/qzlDqGgjfvb2+BPVQ8nHjXX18NQe

1: CLIENT -> SERVER: L1Sy9rDjhOuS6evDD4p/CwaF0UkUfWzWC7AfP7PYuXtGp/GBiflc1bmUWlnFOX319Wt9jJTUDJle

1: CLIENT -> SERVER: Yxf7N0qIFvB+Sg0Yg4AiVYs8+7l2InkmnfOeTWrp8XgulfVqWpN16+B/rGjmr+epMJzxXztM/VJ0

1: CLIENT -> SERVER: X+tkvwz6y3ppZrz0tp1XbvpXz22ae/3i8flSWg7Ulu0z6m2bt6l/OrpFXXDeVWrmqtersd2XqxJ6

1: CLIENT -> SERVER: Wx0/pJKTR1Qyf1yli6eUX11Ufq1q1AzioUkJLcvMooSWMLLglyBMUgPhpkA1gxEoiZVHRhbtlLDR

1: CLIENT -> SERVER: u6+60UQiSzOyqJbuflVVX/UX1W1+RT3uRWoeQcPYU2WE5hZUgEi8Hcey+ZoonkWlt6ktI4v/hoFk

1: CLIENT -> SERVER: esVugTe6KWtePWxMXqUq1pIBnxl6M12DG9A6DLfX8Ycbu/7T8SP8LqBWFVSBcUZhvxQL65tx438L

1: CLIENT -> SERVER: 1nIXJ4HaioDkD7O+ssGNiabZeEiaGZKRxTUf2oTp+x1nZPFHmzUjS5tZMS5Fycj6ARlZYU19269p

1: CLIENT -> SERVER: RhbKyLKU8bI7grJ4WDFWEK8GIuNhHDXZkqRqFyp9bhqoC1SozgPx7KyZOFVjPF8N11NIax8ZWeVU

1: CLIENT -> SERVER: PRGm6gTMk0h+T+Sra6qeuhp1PQf5TKKhhX0FMzfvBSy4tD0LTyLqHdIC+Esw4+8YWWsEWR+aqURI

1: CLIENT -> SERVER: a0pTcjy2tLsMLADOPONMrrSbyaXnivGns3Ac9KymSVg9tOjA4sg5RCfJn4wexpExYYLgx9wl6tCM

1: CLIENT -> SERVER: rIYboy4LW3YJbWMwA17xI2XN5qNzIXR75AB+ZFDJ3YJpoNkY3GckyZOSipTIokd9IurZjvBsR6pX

1: CLIENT -> SERVER: lDoyeBKKys4nAl++XL6rVFP3hYl6HPeL4wyHNHk+lmVkCWuMRTdUl/wSmP6QhNcPpL5o0ywja9v0

1: CLIENT -> SERVER: lNoebH/+pbuP/9mhp479114yskTq5jVBrsoLLrQ+N9/9g2K58fKz4ys7IyMLvgAsPJF+KT6ZPkQV

1: CLIENT -> SERVER: c1hYUZpg1ZsS3GQAbePiM9icXjG6J3zDWtXndeIr96IvYLmoPHV/XKgG8nQweZ3/ndNhYnHM8EvX

1: CLIENT -> SERVER: m7Gm6MSGf9FZQNxkO/mD5GXG6uDQEUxeHXwj7+WTajE7waw+XfRMyqBLIBNrJWdi9ftQ+9P9gpgH

1: CLIENT -> SERVER: ulf2RXeQsRidTO9N4/T4Wp9TdZgNE9nIGvcu4BfCp8tIGLSv2ld6Ls+gMLOoUnDzm8JPGesSrHbD

1: CLIENT -> SERVER: fK1Y61qK43Th0ehLtaPqjtNZS3Fs+iV1YSfWUmTkUDXX6bTZoK8fvJK6cds7S98w1iYMyhf7w6Yl

1: CLIENT -> SERVER: YbVYzTO9SBL62K3RL0bH008ba0eA5+S7tr49/IKxNmFQGJ1EEbO4lxik86Cy4J4IVRHn4fAXa69N

1: CLIENT -> SERVER: I3WHsa4J299byn1YDoomgWFft64Fw9AvvbqvdY5b0HkEpcC7cOu20Vcf3ZJesVCtcL9SBWMldcbY

1: CLIENT -> SERVER: mLrQD9Wuak3NoCvLqAXPl1E1LCxIVTKsDJOKRNWBlLoiw6pOWEs1ESaBqA9sJSzchJBRnWBPG5TA

1: CLIENT -> SERVER: LeGGKbdoUUa4akK5sut3GrMNrkehDd1btJalCK3hWG6WmFvb3LLmtxskMmIWkfBzWOQ9CnoKi96D

1: CLIENT -> SERVER: 8OdyDy0pEBaZj5ggtg8lnJiebM+jsdiknYcpMaWbWHGdIZxSFYBG4DwZe2oTCjSNGpUQhnUOYC9Z

1: CLIENT -> SERVER: gj2EOymQBklUFenNgvajno/7sXrAj9T9uN4H+/1Bqh7EGob0iO+pxxHvMcR7CH4PhgmusTDQDiCd

1: CLIENT -> SERVER: k0iteWXPRmCL8UoimKlkvAKwcg5rBYfIWsB49R7KdgEZtCAyriQMutSXGwVCi3gWF7ucPZT/4x/9

1: CLIENT -> SERVER: MbdwnxFCvJX2/OohuWUoW3vrtnrYMtdTtfdLmuHS+sdQjZzNfDW0CDqB9juKYMdA86AEc4qMMv2n

1: CLIENT -> SERVER: S02SmDBk77sOPYSvLixiYhGfWRwbvI2Xqqqd/EH0h4f/unYlv2Krvpj8m/hU+idmAdx8e14hKKmQ

1: CLIENT -> SERVER: VNWt/Jpy4fH0Hx/7X7UdfLFgPszPBFsRuBhkfU7nDJKn8EzOA8X2jbHjIGNzLUwsbtJxw5nn1/AL

1: CLIENT -> SERVER: M34l2qkNUZ7PkIeVfCnu4LAecUfB/RL3wq7dIzqBYWBi8bnETZe1bODyAwueM8ZnFJ8l84+mt/DZ

1: CLIENT -> SERVER: kiymXzyd51QdqSKj4TY+96oHk4/xwwZK6Up+X43+5dxjya0m5IrBzaW3js8PzJkjVCH5+YUxebYU

1: CLIENT -> SERVER: gWdmlc/x/5ux9gsTRUws4rM9kChcCxNL1lJY63CcLu5Lf+Z011Icm3lrKTLLTKgVgV/uvxdj8nTO

1: CLIENT -> SERVER: Ahr09UPRvbroHu/QORStt1vxYEFYK6nQSfDDB2NcgtllmPyDgiN/E91CJgVVolODQiEhDMMe/Ur0

1: CLIENT -> SERVER: Ibzf/Sc+S00yKwLVo/3WAEoPUlKMH/nlYeRMr63U3XrDXi9//qRRd9Xl9wuUvDfGJTidfYJOolf3

1: CLIENT -> SERVER: te6ugNYOfmQ+vXPT6Hu3XDbxTx+fnn9FdHJBPm2Y2jalbtq6Xf1kOKFujAK19bIbVPCy1ytv1x7l

1: CLIENT -> SERVER: L1ZwFz6skhPHVTJ/UqWVeeXXFpVPRlaNjC74k8llr4bZ5ZHJlVC2qIYbPBpeCAMhjuFHgj2hFAEH

1: CLIENT -> SERVER: RypSAHCAMVUR3I+ksbrfq6qvBlV1W1hVj2GttoAgVHNVxiKzDLP9LoPsLlEvaCYeO0Ckj9KAKevl

1: CLIENT -> SERVER: kekVbROXDE6vy3R+gEmWa+BsDnyGiUSWyUZvMTMMy6u3jfV2vC4tGVNkuVARD2keE4hMrUviQFT/

1: CLIENT -> SERVER: vKUaqmsTX21FRiWEF8k0SV+rHyNf0KpYYxuzbQP4eaJarTNImQnyZkU8ETGjFXbkWUW5DqA8D2HC

1: CLIENT -> SERVER: 3VGO1bfKkXrMj9UJ4WP6IpFVQkQK+1VAEdNAycMkRr8mahS2CdAUwmxFH25Gw00i7jiZZMhiHn4H

1: CLIENT -> SERVER: EWdfmKpnw1jNBpHiqTC70Vg/gra5CW10XRKoc1CGKbhLn0vZSHRgO5BMucWxHYy79eYMclgD2IAN

1: CLIENT -> SERVER: iSxCpOTq7W8hnaONgJYkMmb+YDiLXaLquS79KBNOHLUTwT4WJ8bE4MG40tKfcGI/0h9x6KTvCQyr

1: CLIENT -> SERVER: LxrGbTVgYgI7vghmQHdeM2WUsLZCQLZxWoGgupwIwzTqSbMNeN+jJTDZ8J5HgwalzXhfpESW5Aev

1: CLIENT -> SERVER: BHPjIOp/T+ipb5cT9cNSTQ6QPIywFd4vcJ/WLEDGZ+JoIZO1nUuSNcsjZaK5ked6gFQb7dWsWnBK

1: CLIENT -> SERVER: 7eiDRNZyanB6obZiNRsv3AQ5+f3oE3Vd4j1EOOP93PjF3geLVDC2ghtw3Ihby5kuXVVfUoDl1Ey2

1: CLIENT -> SERVER: gl+EvhHUTT39p3kmgYPDqjFypv/b068OPmKsTRiUL36HVt2mp87d9KbSd0ub1BnGpS16eS5jK1Yq

1: CLIENT -> SERVER: DdQEfmBxb/SnlefTT2Md85Bx7R88dVY47b1r4mr/F8o7/YuM64rQbym4LFbaF8dujT4SHU9/x1h7

1: CLIENT -> SERVER: itHd3h9MvSL8Z8a6BL0ay0Xqq1oxe0f8qeqLso7o2Xl4hD/hvX/ycu8jA7GW+mb862QEG2vfMOhf

1: CLIENT -> SERVER: 7C+ndsoYBVYFlbF2FFTH6Jf9utRpp9StruZdp+cSJZ7as/09paeNrQmDpJqsm+sRz1dXlHb6H5y4

1: CLIENT -> SERVER: KviplUp3DtL5YRZF7zKrVC/YFsMg+bMR1cQ7DQ8NrP4J3hv4ge/tmNw+et3hXf5lUbTIHU8R+5ka

1: CLIENT -> SERVER: CdXZQaDORtFHwhABKcWACNVIqYpmTnlVUKQZVE1ENYFU+SZq37AwSzSlVBtIiayMW524C9pK3GSV

1: CLIENT -> SERVER: AnEbtvEnm6a8ZH2xUJbQ2ls8OKssEXRupNnO11Lnkc0pF8ha1KSB9HlTcKgT/ZQK4E4qJ76cg3UA

1: CLIENT -> SERVER: jg/jZeFFP1UVhIuEUEtcybgSVWPsOCTHrWtyziil4kv6OtuOg0kzXzIWuDCH2Ud5xpJUGFA7E4yr

1: CLIENT -> SERVER: pKR2pmU14QXC9IoQrurHqoJS1kDSm4jD3uKjYw5pHkUdD4KeU7F6CvQE0t8L++NBqp4UBlaqXkJd

1: CLIENT -> SERVER: TyI/skvnUP+jiHvQ8xDXV/N4okbZtpXUSbYh4N5EeWDdSMbqsGY0WpvsENug7I9msibhnhiSuSKc

1: CLIENT -> SERVER: FEP6DsVQGdiY9DcQJ5uG9YFBxoRmHLcHQ66eLCtap65Jg/5Z0G4may41oG34zSYsibM1reQVf+HI

1: CLIENT -> SERVER: iyXY5SMBaQMf1fZVBe13ClZ+JXYE8/Ao5tY8wvE+wiiiUpDtxegZ6Cz1n6SL39Yw6xamsrit8Ldn

1: CLIENT -> SERVER: 1eZmQhETiypNeqF7/T+NVla08cJNF37Z2w8mFsF8T9yZ3HDk76N/Unk2vss4F4Ibbx8eXRBm3Wrx

1: CLIENT -> SERVER: 3ZwFJcEzb4yx0xhdyeYSmVd8SXzm1ISoNen2yyJV/uYBi+tZY3Rw6BiKxlXReHRYFpMzrw++sRwT

1: CLIENT -> SERVER: i8zCfjGxKJFEVWQrZWLxAwtKQR36cq1MiRa8MvSfiUWk6gU+t7g5xufWaqS0eLYSNzbW8uzqNFYq

1: CLIENT -> SERVER: mbX55vDTXkm9wVh7Brx+Xl/ExOJmM1UNdxuUQljRWur78WcOfa42SUl2WHvKxCKSufTP17KWIjNz

1: CLIENT -> SERVER: LV+vn5T3ivZIqukRY3RYI6ovprdTItRS5Zn0Q/zQqhtEydZsXlQLKVI8mkrccK1L89wef+LEXdGf

1: CLIENT -> SERVER: kNHGc2VNcduiaIy04ljRPZHH8Hcaab6Uyl1rmA/DCD5Teb/iOyCftSuR7PwJ3A+pon2Q8MaCdyV+

1: CLIENT -> SERVER: bEKGnbGuCUXjfBCe5Q4Orburg4LSWMnf7U9558wmtQmRjuJ6c6SkxkoltRWWTdwQHR2D2whs8ORn

1: CLIENT -> SERVER: 6BVKXUUwk2EVKV+ucLPqBGm2Z14lqaLUA6V1RGIn4df9RpUXSfGcFp6LlSAoJSQoLaRJM7RQHtl0

1: CLIENT -> SERVER: 1VePaTA9Eie3PAy0newPczIMCGXlxqtl3IAYXNbTMMgZOEwPJGl3GEwSWWqtZiyKLqaUwZZDS5do

1: CLIENT -> SERVER: oqf+0zaJYIiXhHXBHzeTw1Sr4WOdTsHvOaTzPBbBx5FmlU3ONmJfIiVfJC90yuTZNLUH7HTrFHAj

1: CLIENT -> SERVER: F6aUSILBnqBcIkeGfgxQiVEUgWoFd8WhOistqx2qpKbxJhGiDxfx0JoDzfuxqiJWhDpw+JDxVEPC

1: CLIENT -> SERVER: i0h3DnQC9TiK9A6msdqPtJ9DvXk21nNhqg4h/xNIK9YNJmOFEnsn0QJzSKOCvCJcOT702OJ4Y/vS

1: CLIENT -> SERVER: DqK7hXQQO49eOkyDTBiH0wDaF7Nfn/NE4rjRPg3oPrEz2shYgjKQbmJco2RPJlwAd3jYySak+5vj

1: CLIENT -> SERVER: QhLg5GT/Mo7wIEg6v84C8wxlI8NNimSoDskSPzKoTN4y9rKBsqC7SQT1rpN1J0l8GCU5tB/miFYx

1: CLIENT -> SERVER: aonu4lVvhyraYQFpziPsHBroJNqLTGXeT9l8OhvWAQbJwmRg5gNtkr2YLA0/skNIqqudBawu761e

1: CLIENT -> SERVER: mFK4VYTVxKPL4BexxtgWv9SDTUR+5Zl36KsFXl6fPvyF2g1m06XvyG7CrETlBV80eej6alH0sozH

1: CLIENT -> SERVER: 1mFj7Cj8sso9dJyMTaoNzDKvuq0myeIFWWS0R7yQrktVFA4O6xGT1wRfLm/3zzPWtqA0UL8k3sjE

1: CLIENT -> SERVER: 4gbYilBVNW6q9fMDi5WCz635B+I3U/XgShla/DqX0tLDxMyafnXwx7jMaFtvMHWd/xljbItPLXZf

1: CLIENT -> SERVER: pSDHLZmPRagdVy/KuuW55F/A2nMGVitWy9AiM+t317CW6rUqOIe+IaLUAElUrh5KPk6mGhleonb1

1: CLIENT -> SERVER: S7Xcc2WLxkgripjFVFFujA5dAp+1fOaeuCvivb4QHxhbHCgGDp8D/BAwD/6kl/sOthJUXkhyxx+1

1: CLIENT -> SERVER: 4/QbRX2xHLPZobvolapyu3U4SAhKgX/Bzh3jb6ptVZdVovkSeQ7UH+WPltRMuaS2+YGaLOGlZHpG

1: CLIENT -> SERVER: pWNaIZtapDQWz8eqoIGwMCFFJMvAMswsez5Wi1SWJkwIugkzgYyOBglTQbYLjb+oeuaVdsNEMPOJ

1: CLIENT -> SERVER: y8vsElP2b42D9tN/3PQlcyXjYS9dhS2qKW4d2XLaENwQbdjywYEUIgDPmyrHnjB6DiLGPTwryk/l

1: CLIENT -> SERVER: U9QYbjWbItraT2KRiKIUFhlZevO6G7Vnmjpdsh9i3PjIzNJqzMjIStUW5H1OHKoL45K6MAnVOSpQ

1: CLIENT -> SERVER: m1GrEcNTkPDcQEdYSlVRuox1qRiizuxZDFSqmTyI634vVi9gIXMA9T+ChplH9mSNcixzSPHK4Uah

1: CLIENT -> SERVER: V2o2YNX1rjTASyttKEhjGBpQZIu2bFHJSwDZfsyGr984WmmjgPfQbL1N46T8lIBMLDKBlTqOuUE6

1: CLIENT -> SERVER: hfZaBPF+HMAu/Cvblq3YaE1pkG3NXoHSWEWSN1SDsxYVLqsBv6zNU1ViQSbW7Dfjm3APXtFXu70E

1: CLIENT -> SERVER: N2H4pfuxr0WFZ4wRfxHyIbI69ONlmYezG+MSvCoORMd7r5hXWezDWMkDD6U3RgcHhwFGeYf/SZ5n

1: CLIENT -> SERVER: ZKxt0U+VdqthYp34XvxfKYE16AysVuB1+CEytFb6IQafQ8PEzCKTdPwSb9kNzk5hubUUNy27rTaI

1: CLIENT -> SERVER: ffPRZRg8XEsd/1rtVVy3GKeBgWVokSlM5rBxbovlPnxqh55L0KwBi/vi3DXd6ZwP1ik8XLAejU46

1: CLIENT -> SERVER: ZmC3Mejjox+oPJP+9PHbo1811rYg83stHxJ2E68oeB6Utp0eI2vQUcRMK2LCDTuobtUYl4AawgYB

1: CLIENT -> SERVER: y2gg6Nhzsrs7S2sAlpNT0xOllwfnjr3h+ER0jlrAGgRt4Zd8NT1aUmeHZbXTL6mx8pjyp7cqNT6N

1: CLIENT -> SERVER: hQNiLc6D5lRSncNTcEFTDS8Qch4WqQq3LCHdCAsYMrUSchUwGUQqgkSzIWFUmWvWnNh4sUjYsL9I

1: CLIENT -> SERVER: bFCzbS1mywiysMtlYWRpw8D1AotjyZZ3JeDcITOrjOahZNVJuN0Lxx+EiXoW15NIjBvTEZswTpUf

1: CLIENT -> SERVER: JypAG5OZRZVj1Kcg0is+SZLsEFgL3eIk6UEYRAIEncbvNKfheBYcLo58dVUcqiuTUF2IQpwJ2oxY

1: CLIENT -> SERVER: U6BxhCmzr0GSBoi9yyHDpTAfbfwkjSLls16iZnGDPQVaAJF5JkAelFqbBE3BaRRhAzLU+IU4Cydg

1: CLIENT -> SERVER: wQyZaBkDkDVnwQQ62nAOubCjaQXI66462gVYRfoDj6IGYB3pj/FvJ5VMTKNWEEYyKPbjeghzaA7+

1: CLIENT -> SERVER: 9rWz3kLrpZmGGEXSWNwk6oUanE8us2FomVgYbl3Rtd8pRMfS3zr017WLKs/F9xinJeACcZC+Chw2

1: CLIENT -> SERVER: DMNGlINDL1GkMmd+b9wt1aNrhl9Wb5p5ffArxtoWw8DEshLCleeTf2WchhL2QwyqmTNOubDMrEEA

1: CLIENT -> SERVER: mVmfWkZafOKq8JZws/evjbWrGDlLvcsY2+LneyDZzo3aok2ooVlLzaa/d+jLte0Le5NvGKe2WK26

1: CLIENT -> SERVER: sGGQoEkXvdx1DD+87TeoLj4PaZxumDVYvyRKBn189Au1Q+mvHfnb6L3G2haUVB0kZt+PFEhkjexe

1: CLIENT -> SERVER: 34ysjYqiMwMPFDyf1iMGbdfbLwX+7ukt4csOzyyedzxaGBHRFyAIfbUrLKsLgpLa5YWqHJRVODqh

1: CLIENT -> SERVER: PFxFiqpSUWllXiXRvEqjBTwI8QIRWbKMKyONJcwrXrF4IQlzyty4eaHVMrYs44piNDQLMR6uiOuR

1: CLIENT -> SERVER: kYVI3EulmqsAUcjMoco6zZYhk0v7EyYXAd1I1k3CMEuxAeJgQ4mlR2CZkSMLQrJZm7JlS0SywfhR

1: CLIENT -> SERVER: Gxl4PBqQH4xTAms/3O5Do9xfStQL8OSZUjW4swm9GG1EhhZjYySmAUwkrzvDUp/z5YsEGEtOeaxE

1: CLIENT -> SERVER: RDpws4fLVpRlT+ypy0BXxYG6CmEvAe1B+DMST20DTaHcIyD2c719OERwlZogLVo1keFlPHUAtI+v

1: CLIENT -> SERVER: ptNA7cKVCv23wX9cxSoUeS2GQwLIU4iNYsrXyCxLWUggQw6dgJ0DnL/yh6bVxJ4y/QOScdUcgbZM

1: CLIENT -> SERVER: VxlDYdfYwBYMbPMwESXthnWlsCm35qCR73N6MG1m/uplrwMW06D1ZuP91kwXTDE1j6rPgl7CZHse

1: CLIENT -> SERVER: RN1nuJOLv3xwQsIP1QwKrFvdzzaWJYduAI/j1xR9QfzRWqnrUjfciMg7VJQYlo2XOhL1xInvJ9e1

1: CLIENT -> SERVER: HnqdxWrUOhSdA1E9nP9l13qFU+Xi0GsktfzNudWcp9EPYI1jvx8ZFExOvSr4A2Nui7cmvvpwH8/E

1: CLIENT -> SERVER: WgkTixvss7fHV+OeM3ASwmsF1cxROis5pY4Zp7bgPZhnMA0CqNb2d5f52Gbzm8JP8ewqY+0K8Op7

1: CLIENT -> SERVER: xeTVYe4mKsvI99BugmuFIpWC7NehWkvhNeLUffEbi5hZc/adzcFhFUij/LOm9haor85io0qUDDKS

1: CLIENT -> SERVER: hfTzJ74T/7axtsX/s4z2j16Cz4Q8qeLyNn8PLpu0zcFh/YG7pAMDTMOp6fHw8rFt4RVzan465XlX

1: CLIENT -> SERVER: nJsB/kNfbfFDdRYsW+AYyuEfPI8JCxBKVkUVlcQVlcZVuSpc62oESXjiWAmqNIlUKowpuvOa4EUN

1: CLIENT -> SERVER: 6XAtI4QHi9hxZfp0hFnHYRr0J9FOpg9P0/GkPCWWDcGFgUWCWdZIpMZFqsXtb33VJBu7S5AN0c5/

1: CLIENT -> SERVER: 9aiXCTB7yc1ZS500LYV202XXZaKLSDiZRFl/MrMolcUjsZ4OUnVXOVVPhYla9LR6QeFPogklH8bD

1: CLIENT -> SERVER: 4pnn5fBcIa0rrINDk3lJJcl0ICMLaYMSjCEKf9DKHMdQlm0o8Dno1gsQ56I0EDoPgc4G7YwxBpHO

1: CLIENT -> SERVER: JGgUZS+BZA0i6TMRS8wLbrIxD2Id4VBCnaYxSnYizXMQ/ly47oTfJMZRyUOmEskUiCSlIkwm2Y6r

1: CLIENT -> SERVER: +2XBfOnOuA6nA5m7Qrw3NJ+DxdnO/uFY0oSZIH1sBwMBO93q7sYPdt13ILmYPq0T3ZA+mWVIl2d1

1: CLIENT -> SERVER: yRXOTWFWCMYjI0mXXdsEkoa1Z8mAY9jSGqDZVyZflLkxnPmjLTTVq4R5IvcbIdzO4Ul1nMcRlC/W

1: CLIENT -> SERVER: RxDoFMKzPQLMRd5bGFDOu8MLA/PiP/uicUPLkDU6dByj5xdLY72jB2eT/P5I8UsFXko+hPExLBsv

1: CLIENT -> SERVER: dSTVJP+rSU6cFeJgwUt1fDT/ZdzBwaEzKDo7ZTXnaTgoNX6J99mic7H43Pnv82N9UVvKjypWwsTi

1: CLIENT -> SERVER: Rhk32GHk0mZdgdJZR79au4kfkBintiDD5G/KeE8fAPxkpVx41gix3NlVp4vSTv+DxrgEvVpL/Wm5

1: CLIENT -> SERVER: WG3WsW9F/2oY11LV/ek3jXEJnlzF/dd9FORQR5q/duZZtg5rR7/nWWV/8ktzD0RfMNYloErSojL2

1: CLIENT -> SERVER: Gq/hZmYO/HJ3P8BwcOgn8kd+H+D73paZTeUr584IL6ulySj3fmUf1fdUEAZq2vfVFhR53OOBWaES

1: CLIENT -> SERVER: dXSUqLLqAsm8EuYUmVZkYhlGlkhXkelk/CxDChmQiULVdnoDlQRnIZoRr+5OM+MwLs0N4n6SVifo

1: CLIENT -> SERVER: q9AS3HS68AB4McY69N4q/9gNeV0xeLuvrfVg2UVChS+NaA9KopVBIyy756uDgaceLKVYLKaibpDL

1: CLIENT -> SERVER: 5OZXF6TIB0JRM3QCphNks1va1UORKZUFo0/5rBQvvqnaim49K/LU+ZGvLkoCdX4a4iUiUGfDvAsP

1: CLIENT -> SERVER: i62IPw0aR1qjoBFQGcQ+56gMQMLcQMKsFqW3xmDeDGJ8prUnxRX27RibExiHfH3SVZfCGKK5DQq8

1: CLIENT -> SERVER: NAo9hwBosDr1E8vlr2ev/strdaTBG4RsOrdJrx7J+rcJk5PyStEuxW5D1ySvPg1wzmlmIcKRGB7V

1: CLIENT -> SERVER: jTAv53Hfn4WZZ2OdRJgqvTinZF7x0wHN4LNEsKXs7CFsy2FKCzl0HBNFXxD3QhqLLxNF0lg8eySt

1: CLIENT -> SERVER: qduNdagQHfHuM8YlWM3mS78QzSa5Ksm+u0p1Pp2C24hycBheUMUbVb0Za1vw3KN+MLF4b+Fh8MuB

1: CLIENT -> SERVER: TCxulBnrugRel++j5M5yzKyfHqkMjJqmX14cUddjfZkHSp7zXDZj7Tgmrgp+yhiX4H1R0PUxTTVn

1: CLIENT -> SERVER: RdJYp+6PPjeIZ2L1Eu6jIIf1gNrh/A9rnhqA+/EgzLP5x9NCdb9fKBV/QNlL8MzhPBSdVezg0A30

1: CLIENT -> SERVER: 8j3b7vcNBMqBt9PfVrrqpUm1K05TnuWvdyIDXwVhqGa8UG1VWMyFZaXGJpRfGlMepRdquJlU5xWl

1: CLIENT -> SERVER: soSZldSUF5EiIS2xFWuSM61ARi2gMKO4xclNVCM9YxlXlMQg6TB0w0Vg4+gNWDIqyMQgM4PKCYSh

1: CLIENT -> SERVER: YaUGYMZ/nZp/m2F9Gn9GEqOH0HvubHRDLADdWBp4CmORzhkS1AtKA5lZRioL3ROBnofDI2ioJ0Ie

1: CLIENT -> SERVER: QJHKOTfyvgCSi++JIAphshQ0pW+o0T70R8lsobJkExBjJoZJg+oFhf0gcXU4ltvH29dUnKqdKOCe

1: CLIENT -> SERVER: yFMX4+FwWRKqy3C9NAWhZheQCYX4Z4POQFo7QFsxDrYgYcrvzsDO6yZcKcG1E2PhnNhTF4AujX11

1: CLIENT -> SERVER: GeJfguu5cN8O/0lk3voI8lAuKZ/lWiEtIV1QudBUJ9qtpaNApvVMjL1eFkAGjL1qM8dtPbwUjAEN

1: CLIENT -> SERVER: MuE0WD/T8ZIX5xY3OEkwZ8PCqKWUjL2rkMJrowXzRf6NumeIP+JPolkc26N+j6ElP5ztU00MB5L0

1: CLIENT -> SERVER: JeKKwFj6N0srQL2MK88rF0iicU8hWtJsyYu/NQSdR51ncV84iuFBfeoVjgX48n7LZ6QdSozAcdGK

1: CLIENT -> SERVER: ZhcTcEBhh0yWhgHhjJf7BTHRiy+Iv7fMYd2V55NfNsYNiyLprSKpr9MFpnRx5/QBbiPKwWFI4asL

1: CLIENT -> SERVER: qeLN2Nrijyojcu5RP/BLYwvLHXC9IZhYdaTq2ZUwsz48ujAQZz6SUfSpZc5Uk3PZMA6NtWPwJ7z3

1: CLIENT -> SERVER: h9Nqu7EuwU9Vu68m8wc8E6AAi0+kHzfGoUN0Mn/j/uEC9W4ODt3EwYIN39qJ7n1YldbUrDEuwakB

1: CLIENT -> SERVER: uBcPBFL1wskfRH9obEvw+wVM/16DmqLy4JXUjDGuO/Rr/jgUo5fv2f1Z7bcBpuDU5onSy6qbvEsX

1: CLIENT -> SERVER: F+ZCbn/YtYUX+Gq8NKq2kpGV+mp0dFwlm7Yof3IGfiFWKFWVVudwXQBVQDVQlokFoppCy9CiFBfP

1: CLIENT -> SERVER: yLKSWk1EtzZk5wqMdZVxMHMOUZqGS99x1GI08VUZRPVXXqpPyZIovMcwMCslVyQp9x38yM4lzcbN

1: CLIENT -> SERVER: Up+wlqyzRdbnQpGZBRIPX53wPHV/gIVykKgDqD8lLipog4SqBMnEQjAORsp2USFZgnZK5AZFQnp1

1: CLIENT -> SERVER: hiIJyGZoYYPXN98N86pNWB/9o6U6mKthGLJvkEeI8TEVpeqMyBeprMtAVyehepmQL3QN4l6B6+Xo

1: CLIENT -> SERVER: 2EsQ7ULQ+aDzzJV0AZK8mGHwUn0Nri/H9XrQtUjvcth3g7akoRpLAmF81nevdUOAYBfuni5jMzL1

1: CLIENT -> SERVER: avXqOKRRDbXDUndhZjUVTHo180c75gbaUfQ7Sv0ZDg1HNYtCNl2mY9uhl7B1wFiRv1bZSZYP5RUi

1: CLIENT -> SERVER: Wuu8ArRt0raOawbLu4aSnRZ0qzXybka23Wzb0U3Xm2oFq4hZAfGMrIMgqhisISzvpo00abJkYdPR

1: CLIENT -> SERVER: 1EjVoRso7/ZzDybnQfu9+Cr+r0r5qolm74i56YnFwXAiXkhzF3wvFCwUW1EkvVUk9eXg4OAwKBi/

1: CLIENT -> SERVER: IihU7UbVcG/vwccT7fCXI9XCs/eIDcXEsjDMrKIzs6iG6z+NFqu06xUuj4Nlz8tabhyuBSNnqdy1

1: CLIENT -> SERVER: 1PtQpm6fjUV8veCjIEpj4fX4IWMdOqRx/hmF/FDOobcoOkMqLTh7ar3hQMEzI53zhk6F53pD5fn0

1: CLIENT -> SERVER: 08a4BPxohaqEBwHnF3y8U9rmXWuMq0an1Nt3C27+OOSP/N7CHy8H124+a+wNJyeqZ6u5RSVnXwHc

1: CLIENT -> SERVER: ByuFgdpSGlU7UVxKuZRGJpTatI3H/SImqsCzsWqLQlrNoGVagSwDiyoGrVRWhIEv0lhwa0v0Q0ZC

1: CLIENT -> SERVER: CMuiWOKcsWaDEixkYlGyZjz11QhIN6zIMQlxUz4VojMi4yrSRNqgCdD+hvoEW71MFZeFLTLj6BNr

1: CLIENT -> SERVER: UhXg5YRMPrKpqqAnUO87QXtx4zkWKLXge6qGNiAzS/JCe4up3lamFMKYypBkhp/WNhJv/GTC80+H

1: CLIENT -> SERVER: NwS7lQ4RRpYxS2jmJzfFRKTqpmJP7cLD4TzQpUmgrkD4q3G9VgXqZTC/DHGvRZhrcL0S9itwJV2J

1: CLIENT -> SERVER: uLRfjZePqyMyrjz1coS7Hn7X4WXkKpjPT3y1HTSBcCGoURbAltWSwFqkpJpYXiFYW/06iuXSte71

1: CLIENT -> SERVER: wsLFjG1ja/snSSIc6y2EfzimWODy3CM5W0nSyFKvofNt/NFm28KSRSfK2Jp2Nv21wZbqdEu2GmTz

1: CLIENT -> SERVER: JC2tRaZ+dgwbqmJu8yy9CszHQQfhfwLhODa0ElM7KvjLOy2vRCbNOmVNDh3GxMQl/s3GvAQ/Vuv+

1: CLIENT -> SERVER: hiK/4i7aPKy9lPyJMQ4lkko+I2uffOjhsFoUqU0pUrfi4ODQPwRT3j8tet5QSwJVw/UDVI3388sc

1: CLIENT -> SERVER: /r4hmVgWqXr22G3Rh4ytLXjmyJ3LSFf3Cjwv6638uC4HHIeUoDLWjmDy0vCdxrgEt/RgLUX8XcGm

1: CLIENT -> SERVER: 7OJT+Ru6GwnDsn6oHkhz1Trfv4zkXS9QeIZUwdlTg4ZkTuVu9A+ClKnD6YHM+7nHkluNdQnuGJBn

1: CLIENT -> SERVER: Vrcw7Ort1ysGUW1/vzAQjCxPqfGZ6ZGXz+0cufqEiscC3BcClCylvjXQWClQZwQltTPy1BT6p1Qq

1: CLIENT -> SERVER: q3B8SnkjeGnxYpVGFZVWyciiJJaWxqozrGq8GqIkliFRLZhq0owrEplYJGtHfMsY4fOIZPdMDbip

1: CLIENT -> SERVER: zSXmGGjCXMnY4jlJ3G6l/EBD/Z2GTap5s39wYMvbWu4sbB0IhpBQcOBHY/wwIA11H1K9IFWBMQQ3

1: CLIENT -> SERVER: pp/wY5lkj+K6gLQX4VaBX1RPUbcKr1pqR1gedT/Z9K7bDXgvzVg1dCxtaiYmwTWUJakiHO0fQ1Fl

1: CLIENT -> SERVER: ZIh0x1GZLamvduEl+RzQ+TBfBLoULzmXwY+SVZS4usIS7Feg8lfGgboiahC/8rss9hDXU+civlUp

1: CLIENT -> SERVER: WAJJGZgtQUO9jhZSQEPLoTVur8A8mx9q2ZLYkpM5JUSGFf50rfQvTynDrFPcDqAauSjT+xKEd6uV

1: CLIENT -> SERVER: NEGn0SZPO0Y1dPnXXrhsfJuGTd+QXFrDrBxrj3k60DnKn61KEzKOnISGcFdWNURYQP+fAM2CqjI6

1: CLIENT -> SERVER: 9Pl7dhgwzTpJIg6EbXVyg9OUD7GlLd8J+BNe7hfEPGeC97xu45kCJlb1pWTvMH9B7NAdFKlNKVK3

1: CLIENT -> SERVER: 4uDg0D9suSkslIL57MJoTySA2+Fjo8XnYvHQ+A3LxDJIFtMvzX4z/nVjbYtfHakMzObvJ5dTMfia

1: CLIENT -> SERVER: 8LeN8bThheo1qixbCUtABu2NNX4S2l2QGZunFjM6oQ6lkbrDWIcTPNUgB8dWMeaGZv2Qyuu0Q5dR

1: CLIENT -> SERVER: eSHJZV4WvZ84DA8Wn8r/IPJbA8AUJvYUfHgxcpa/Zoksh8FEOoBq+/uF/JHfOwSh7501uaV87aHJ

1: CLIENT -> SERVER: 6JyoWvVCvItQ0Cpl6QKlyrBs8UO1WXlqFBT4ASjUm6NxjMUDJbJAUVUlUaTSmEQGFyhO9DWBW4pr

1: CLIENT -> SERVER: CrtIYyGyIZECET8ysWqghr+XkPRmqd4OXPqiREbEKBabY7iOICAlkRisse9cNwhpVo0hOOl3L9iY

1: CLIENT -> SERVER: n+QrVvMjhsGGaSspLeqSoL5kaLH/qFqQZ4eRQUwhu8Non7v9WN2PB/xhxDgF/0W4kWVhE6gzdiRN

1: CLIENT -> SERVER: +KADeBVHkJzVBRfdVpqkD/kHP92m+EEokXJiWvwx8fkn8Vgg+Mumrw7eCCvh9QQhM24UNAnajPBn

1: CLIENT -> SERVER: 4IFxNiq4B+bzQOeDLoTfxbhegkqTLjZExtUFoHNBZyLODsTdBDNfkShZosGMVwFGQxpN1DXYPGCU

1: CLIENT -> SERVER: fEDmIsiWQUj3DQxL/A2fQseVTmafcq6ZcPCkykkyNxfQ8FWklZj5p5Mzfc9+rOchHg5DBw4Cc5Hx

1: CLIENT -> SERVER: QOL9UI+BCrqVxDFQA0Ug/Et3c6jY6DLeSDDKOWJZgqv+pdW6bQyw5njksdm4yu7KJClvVTca4xLc

1: CLIENT -> SERVER: EnV/44Uo+rJ04bH0/2+MGx4nC4ZAUstXuePg4ODQb5TP8P9z3kY/8RvVUk8+nGiH20pRoVRw5bn4

1: CLIENT -> SERVER: nvnH0ncb64ZG9WDysYW9yTeMdQkopfHlcr6q4F6C56xxXOWB51mFM97PGetpIdzk5a6l3hf1Zlw/

1: CLIENT -> SERVER: XTCG5x+P/tYYhxZprHIZDsupBHVw6Bb6tTbvlNryjYBkLv2iMS7BoNw7ij7i8Sfk2H4Hh3UJbh/2

1: CLIENT -> SERVER: FZ6ntm6dGnnVyM7y1TVVmaTKvwDrNjKyZAcy8FQJDps8X00hcAnEk2qCOFUe1QbWaoqSWEmG0hqZ

1: CLIENT -> SERVER: WLi5xCCRqtLMK2FqJWSKkKti/OX8K7iRkcUwZHLVCX4ILRuhID5vJDnZdLeO+iwsMjpGEaCEm5of

1: CLIENT -> SERVER: pCpBHfheZZnkLHVmW1VS5cYsH2GNxxg3ZeFrqMVzoCHsIRRaGFjoM6oLZN19tEcZ7T2Ktiyh7apo

1: CLIENT -> SERVER: u31wvztI1ANBrF70YjzIY4VeM58PMQGq2mPLSivJxrWVzpMRy8aRxiOxjzSjSwh+KSObYB4KJG0J

1: CLIENT -> SERVER: XyE2fwvI7PKYOM+jsv7CaGGJpMNxQVlgJFNrAmluQeXIlNJMLX3eFb+I2IOO34Pynwei/VwQGVhb

1: CLIENT -> SERVER: QVNw0wwsQAoHknKtBNmwLGSWugzbAbyuCBzHjbGsB4WNq9lcLLaHseHZNgYoibOA1pn1A3UM4U+C

1: CLIENT -> SERVER: amx+etuqO6wjcEw0E4cJu5v3gyo6PgIlctPVY6QOBl8hdMr2/rtx4MWpCD8aa8cxcq7/BmNcgtf0

1: CLIENT -> SERVER: iJFV+BJYTY8Y49AiLTgroOiMgVY8WKACIp7rnjqctJa/eXRHn14Ai17Si17uHRwc+gBPnTXzmuCj

1: CLIENT -> SERVER: xrYElFh5/zJnGnULlB766Ejx2U4n70r+D2N0AE7dF9+iqlji5YAqGg+bd7h+g+OK4ysPU68Mf9UY

1: CLIENT -> SERVER: TwulM/xcRtbre7SWcmeNODj0Hv1amzu15avC3PzeOFeV26Cck+XgsBEhe+p9hFcK/N3TZ03edGo6

1: CLIENT -> SERVER: 2ZNWeLw/YBkWhO+r8SBUO/E2swX3VqpiE2eeeVXDC0SdsC6uGqLZnotlVAmSKaUltUA0Z0gYVjST

1: CLIENT -> SERVER: EcINU7EjM3svz6xjteQPobdHLZFJMw6fMbzYlLl7j4dTjIdBbOJyjehjQaw3U/VmvlCbPOqpwi/j

1: CLIENT -> SERVER: PAQwlaHkA/sPFfBVjLaJ1Qjak23Es6BOeL5IZN0e1NTjfqwOI8xJtP0i4usUEB8GthnbQID0yA9p

1: CLIENT -> SERVER: Av2sP6ClsZhG1mMlLWi3uRGWwYVsGiiEbKJzfJCxxjGov36YQYE2J/qsqx1JoHaByNiytEvcfbUV

1: CLIENT -> SERVER: NI3wlCZkfFvLBlrteVhpuE6j3ihiWx6WkYXySpGz8Tkw9BlyVBUn7evFokbwJGwHMd+fgw/pIOyn

1: CLIENT -> SERVER: EL/45AGH4UV2XOixkeDeEOG+SVWCFdwXqmmsYsw/O3IaBg1aVwKbg0OH4Kmd5Z3+RcbWBG789Orr

1: CLIENT -> SERVER: +H69BPYMBWcFFJ4xMDjI/aI0T41Rt1H0kl70cu/g4NB7jF3kFZ7N85nFkb6pFKT0UNF9jKr0sIS5

1: CLIENT -> SERVER: y1gdNGaP3R79ojG3xZ+Wi5mDvQLH1acq+eeudUoqa+K8/I+CruiTpKFDe7gPYRyyKDoXjeepkclR

1: CLIENT -> SERVER: RIVqLQvUYTr0FtFs+oQxLsFBx/hzcOgbMluCfcHk2Gh44dwW/8r9yeJkLY5EFZ3HdRuu8m4SlNRU

1: CLIENT -> SERVER: EKpz4kTtjGIlS8o0VT7PwqpisVtZwHURVNVMLLka5lYMM5laQmRmGaYW1Q7CbKWwhHFlv/oXwk2J

1: CLIENT -> SERVER: 96U6NVlA/GXhGi9PLPI4vKZBkzCHCKFZHwiFH97nSIxBtyY0J1VHjvPgIlsxKThaKUlVAArRhsKf

1: CLIENT -> SERVER: 9Hj+jaeewci7y0/UA16snsPC8AgZGWgonqPFtvVSSrqRaG4w/riEbGRjW8gQLwY2vICMNcM6aUXW

1: CLIENT -> SERVER: RVhZnj7TTHzkghxl4cpS6fN5+H0cxyHVSVI6axJEptYMyruphaZBlMTiCxHjmKFtoE1L69NU+iGB

1: CLIENT -> SERVER: LXO23K1uun76jya6s21jtYCxcACN+yQ8HgE9BvOzGA+HQPzqFTMV4RzWJ/Ro4DwlI6sGI89IW0Cf

1: CLIENT -> SERVER: z+N+TGYWPyDQ85OUiWKMDr2FP+q91hiX4G1u48XBwcFhqFC0GVM7kfRlgxbvgtdPXh2+11iX4H14

1: CLIENT -> SERVER: 1tzQI4mVVnBd+qkS3i1zwHOFqErPWB0yiGbT36s8G+cy+H6zFMkm7yCA51PxzM88nK5UlheqV+ap

1: CLIENT -> SERVER: zXxrot8de4GiA+KLDpbfaHAfwjhkUTuW5s6Nnx6pqBvHFwopTzVdNK9O4dV3+D/GWycokkotkmZ1

1: CLIENT -> SERVER: cNiIKDr2oXog/565FnBfvl/wSoF39vREePGJ2txYtbbg8ewbn+8kKJXcFoRr4KtJ31dnRDW1JYpU

1: CLIENT -> SERVER: CA8KS3kRGkkYWSBcvYhUFQaXRxJpLFBCIrMKRHWDIm1lGFlkaFHdYF1qi+6pUF0iq75msRbtoNka

1: CLIENT -> SERVER: jW1UHxcyNiZjT00jixKdUX6e78SQAZlviCpnNhHGX7TZGScyUCwxgPxJHO0/6DAlxh/rCkIb+mhv

1: CLIENT -> SERVER: uZKRhXrZs2qqoANokEeweH4ySNQRPAjm0FY8SDVCkDRl4/EctADka3YH3IVgbrQ/B0m2IU0f0Qh7

1: CLIENT -> SERVER: oy0bMdpDh2tKyzpJJ6AEddIdokNTKaGvQhL6NoRXiPJq0vYARGk8FAahGSuLeiZiawbzsUS0C9Mr

1: CLIENT -> SERVER: 2DKsFKbcdgCT2AZ4MfNNn+rzyxI4ReoUxsALmNx7+QUTmv8xeD0HOoIxMoe4HBMO6xmcc4Hi+Xqc

1: CLIENT -> SERVER: 41X0+SJmekUksvTYkXuHOUeLQ4fgxQ4NhGoih+61RGlzPiPrFY6R5eDg4DBUGETVYlPX+Z8xxrb4

1: CLIENT -> SERVER: pQJpmW5jWWmsO4qljjY6Tt6dfNgY2+L3RwZHF8O/rXZPKiuYyl9Lva5H52MtByzBI2McalQP5zPk

1: CLIENT -> SERVER: B0Wd5UbAswWaFBb3xUPFvEkWO7spa7H4jGMeDxKik/mSdw87RpaDw8phTxLqEHxz7QfGxsvhhZNb

1: CLIENT -> SERVER: ytdUwuq2NI0DnosVhKijp5kV3KH0w1BNBoHaUovUaBTBCY4efqk6kNJXNTKwyLiqKT+BP8MYonpB

1: CLIENT -> SERVER: LwXRPYlhZqqGmqSvSHA2RKs2Iy9eM5519XVC9NPg+wy1tE/iSqmsUSkmDCDLRGHC+JV6mWrIVWdv

1: CLIENT -> SERVER: N2g1WckDCaKT0UUYRDSVO8WgMkwsnmMmDEFdcNYn9HwVgHjO2RzoSYR/wIvUE3gQHMVCcgH2BYRL

1: CLIENT -> SERVER: KLuUcjA0vrZkKuy9Oo9RGoeNZBhPurVAANsaAXQYzcDi2LF/El+CMRwJFgP6N9IyIZGGTouk7WJe

1: CLIENT -> SERVER: JSS1lniSHx2zJDB5N1GvgTzr9c0rA8uboabyY47ZtoK7lbCrVwdGMi2OebF6AcRzXx4HPQG359D1

1: CLIENT -> SERVER: hzEMTqF7RUWnSUPOqMum0TA4DBAacyuvb9ihFpyTel5ySVhD/8/BRqks3L3hjXFjSHe/no8kScaY

1: CLIENT -> SERVER: W8miuBzrC3o24Nfn3bh+Y+wowu3qemNcgvPjfi4rHNrBqS9p4C8KvjxPa8ptHjg4DACwrL9i5Nwg

1: CLIENT -> SERVER: 9znz72qhOrePz5oiaSxKGyVz6Z8bq0Mb4HX8rlP3R58z1iXgfbpow7uXWE4qa+Jq/xeMcdUo71S5

1: CLIENT -> SERVER: jKxr3UdBHUV8NF9V80F+pOrQE/DdLg/pojdc69FUvVR9KdlrbB1DdHBjM7KoljEPReocu4U0TnPH

1: CLIENT -> SERVER: 5WzR+5WDg0NX0be3AM9TE5MT4UVzO8Ir4lK8CUtELwzJuFIU2qiz68bhsBk0pjwEKCk1OqZUWEYg

1: CLIENT -> SERVER: 3OSoXhDkR5Hy40TOzfItQ0sksRDGSGCJPaVb1h1EZlb9odpYqJJZIuBuqAQRFoo4LQXT4RlQqZqC

1: CLIENT -> SERVER: cSb21CiuAdJlAzdSZaLw4E2Pjg0P69M2BwlmyzME4HqQTCwtkQUHlJ3FZz1KaJASOr+k2V3qEFwf

1: CLIENT -> SERVER: QKC7/Ug95cfqBCKfgk+VIm5kUCEMmV6Ue9LQDWGSRfdQFSDCcZMb4SQ0POrPlUwbnxaQjgiJGeva

1: CLIENT -> SERVER: IaXWxqGBHZmkPLChLVmYjjDjXfqH0limT+nCWXUSxkNYtDyPvn8KY+EJDy+wuO5HRx7E/WA24HjI

1: CLIENT -> SERVER: tlk2D4fhBvtSz3Miwf2WPV3B7wmMgTk4444t0CNG972MBt5o3AKyLdgqqe9Tk6tu2A5j/KIgd/Ol

1: CLIENT -> SERVER: V+djOawceepLCKe+pAn2duPg4NBHjF7ofdwY2+KnCqRkuo3bSlGhNNaph9PCc70cNBb2poVSWZ8r

1: CLIENT -> SERVER: DYdUFs8L9Se89xvrqhBMe3uMcQl28KWzR9hdwKjzR/LL6OCw0XHy+3HhfWy1mH8k+fva4fQ3jHVD

1: CLIENT -> SERVER: gtqZ8pDW1KwxOhgUqeKd3xuvW6boSb0b1BZJLZ/56LB+0LtVUjO8ku/tGpn2L3lponp2nKYlSmOR

1: CLIENT -> SERVER: kSWCOLjI0PQ8tcXz1Zl+oEqlskrHJ5WanEZkLCipCtCefxVrVYKWkSVqBYVxhTAJSNQG0s2YDXkk

1: CLIENT -> SERVER: uglDK63zl4h6GQh+yS9f89ddWkD1gbEaQTozSG5z7KvpyFNjMFOtHKPBqPQ6kQ5mU6koyWEFq4Y6

1: CLIENT -> SERVER: 2T1mrUoRxH84BghAybWytLSnKiCqkLsbN2HSMz4Pv+QGdqJqGBPCpEIsH0QWCLdIGVPDSnHotORX

1: CLIENT -> SERVER: 8tRhGuFWgoKOyCS0JNSqMmHsdjQ8WFVpmzqB/WP/2IsB5oSHh5BSh9HfL8jXl7Hah/4nA+sldKJQ

1: CLIENT -> SERVER: kKijHA8YN8kGkajZULCiU+hadi/vk9xJpprRo7gHkLHNM7OWgmPBkkM7aNm1LsBTuZsaRV8tdwMz

1: CLIENT -> SERVER: BVX0Am+TMQ41il5CBuUcEQcHB4dOAcv+K4rOxvrdallt6/GzJosvOGmsziBVh2fviD9lbEvAs7IG

1: CLIENT -> SERVER: ReXbclJZI2epdxnjqjC6O7jWGJeglxKHZxUwzYIxx8hycMhDUlVfO357dFpn5VmQiTX3cGcZYw6n

1: CLIENT -> SERVER: jyJtDUVaHgYBXuqt2w/0HiyQ3Ivnei+559B79G6V1ICHpeDEzHjpam9zeEUlWpzgajZASUSwhgEk

1: CLIENT -> SERVER: FO2+OgOGc1SgSuGIiscmVToyoXwR28KNI6qqNKoJUTJLVAwKVeFPRlaGhJEFEiZWIgwsL+GVlBqC

1: CLIENT -> SERVER: ObUqqFpJL2Cb2SaE5tzwFKdRXDfBfTvoDCxAN8eBCrHwFTYXas01MFViyY5tJu96FgIaEvxqShCe

1: CLIENT -> SERVER: RO6MllUYYLBeKSWi2Do+iszhxY7EhV+Ee2yrRAVpokKEDRCOtZpD2zyFl5U7g0gks15A2OMIyy8y

1: CLIENT -> SERVER: ajwTxycjS59DFSBNea+pN4W2iCotyZ9uOl9peeS1tN2ydtuPdMvcEGmVccDyMwzIbJrqWmhrO7L+

1: CLIENT -> SERVER: 9f6WemfzBOhONylzi9+gIVtUY63DOmQo2xYadUMdDFpBux5DZ76ItngG9DQeSDw37SSCn0Sco3A7

1: CLIENT -> SERVER: 6sVqFjSPFq3V+9dh6MA5JPOoBWbMyLjBJUaf19DXJ3Elg/M4rhFIjyGQjAHMJ1wHfdqsV3hhPiPr

1: CLIENT -> SERVER: oh5+QUxcTvHtHIRTXu4G0TBhPb+EODg4OLRi5GzvI8bYFjfXSsbUe5CxUrRx5aSxVofqgaSwvW4t

1: CLIENT -> SERVER: YBr2Gv+ixs8w28MwXie0bWXwApW7RnlrwdqmG5hsvLAtgVdSM8a44eFUEzu0Q+1Q+mtHvly7+XTU

1: CLIENT -> SERVER: DB6/LfqVuYfit+FluPtnUhaoFC9URb5xMdDvYTxLPg9JNXGSSQ7rFr1dKRmMhP4lm3eNv352m3eZ

1: CLIENT -> SERVER: qtaUH1Aay1M+1cnJDrgJB4+dqa/Ojjw1HiBQCYvIIFQ+dzB5BhalscjEEuaUtnt0s0yrLAMrSQwh

1: CLIENT -> SERVER: LCiFOSWTQyitk94d1aT/yITQMFupmhBE3zf4k0hDcok7Dc8diaf2xIE6Q1QMagYWGTIkmhmniZEm

1: CLIENT -> SERVER: eTNd/jXKIX/wEGaI5DPgQN3YhexDrVRRk2ZqsB66vUNQGfUroUpkevHMo2Oepx4JEvWDMFaP+rEw

1: CLIENT -> SERVER: N8jAOOUnqoL4iIlEyMSibJZlI7JN0D+WUSR9Rx9L+JW2FGM+6sH5w8A2Auw0SvI0s6y4kBpOzUR3

1: CLIENT -> SERVER: /pl+a+4/9C1+NRpuutwDikwxNUntxNgWrGC9LTQTV8LaCOKfyplXJ9Hnh0D7YOZZac/47HMdLEIE

1: CLIENT -> SERVER: no9EyRzSAuLXQIPcVA6rBPsyQ+xbSt1Rmcwp0HHcPuR8NLhzCtXviyT7ByfGdegdgol8BtGVPT6z

1: CLIENT -> SERVER: 5IKC/MJd3muMcahRPZB/mPTfl2rqL0eqy1IeeqFyoujw7l6fgbKeDhl3cFivmLo2/CljXAKejdVf

1: CLIENT -> SERVER: aaz8+2l0Qh1y0lirRKpeKDor67Ph4DCy3oixt5svNzkIZ7wPGuOK4AVqmzEuweaCfLqBorNNRy/w

1: CLIENT -> SERVER: ftwYhxrdXEstPB1/D5dI2xw2IiiZNfut+OJDn6/tOvK30XtPfCf+9MLjyW1FNPvN+NePfLn21kOf

1: CLIENT -> SERVER: q032Up1gkUrxIlXkDoOJJwvebaIj3n3G6OCw7tDbXScNb2I0vKi6M7z2+GhtC3coqSkwLGtGlkhD

1: CLIENT -> SERVER: YT5SJR3Px9qRBmpXrNQE7MK+IDOKzKtaBVcsKmIS1g4kMrdINFOtoFUtiGsqdsQ1ZBlYsuNuIZui

1: CLIENT -> SERVER: dmfUUjPshiq35/UWvTjIlRq0p5DeTpSZjKyzQOOwRx4ILS2MLDQ560apIsvEstmwJFJLUwb5hWOW

1: CLIENT -> SERVER: BhW67NpkGRix56uYfSqjjPVkjbR6wRLsZVAIImOKauaOwPwIHqDfC2P1sBepg16sToKoVo6vMsIG

1: CLIENT -> SERVER: Mg0h7Sdth/7kmJC0AUp91IkOdDd+GdBLyASToHVkw8NH8oRRyNitNUMNNFzrJkYxpGMD1nOgUS+t

1: CLIENT -> SERVER: gWEgGNtS/wxsxU17yTwBkbF3ykvQv3iDRfwn0AlPYJwcxDWS9DSRmVVFlMgQZnAmX4d1Axkj+Mcc

1: CLIENT -> SERVER: jkEVmOfhvIDxUANx3tfvk0J6BMp9mCQhOGIaY6dBwwEzNZqoCHZaydQC9bKmfilfZd9Uj9v8vIRq

1: CLIENT -> SERVER: Sttj4hL/ZqqoMtahRXQ8/9Bnql76+XJ1WcpD7UD3vyAuOry76NDvbmBdHTLu4LAOEc54P4eXg1yR

1: CLIENT -> SERVER: q36ejUV8IcT7ZQ7mHoj/1BgdVoHFJ9Lc89DuwsvenQVt3kvwff59Uf6ao7zbX5V6wXDGzz1r9FVx

1: CLIENT -> SERVER: fj7dQNHZpjwDzAvV0H8Y1M21VHW/k8ZyMEjVS8lC+vnK/uQXT90f31RE1YPJx5Kq+gfEmtORHRxW

1: CLIENT -> SERVER: D3dWlMNGRa8ZWZ7vqW3TU+Hlc+PxOVG1KtJY5ZKvQvPaQp4EiefolL1AzcC0CfZRSuNwk4wbmiKB

1: CLIENT -> SERVER: VVWpUKRSy8DKSF4lSSykGVggMrTgbqWgqApw6ZabuRG0ux/Qrcm9JRAW2yFacwwL3WmkTvWC/KKK

1: CLIENT -> SERVER: UlookTCyIh+5gqh2T/+2QDZmjZnIFFA2LAcWunFYRJqkdT1f6huhw6kuDD0Cfy25xnAkmq2dKgPT

1: CLIENT -> SERVER: xFdHYH4Qbcnzsvb6Cew8HylVC9KtCEl1C7hSCMtnP2b6lOBvluwWd9POr+iwNCT+Fs0x2yIbxAZr

1: CLIENT -> SERVER: IaaoN9d17kvBcrTmPcjQNcpedGUtjIfxIZpdMnVFx1W8SB3xY1Eh+Sz6+olQweyrBTsi0DacB3qq

1: CLIENT -> SERVER: s6/JotDx9TywjYwfkrbQw2GY0NJtHFFkVuKurqoYANy6kDsGxobu5wyyw8+Cbq200ZCps3madLwV

1: CLIENT -> SERVER: itTMFKmn6Qb4ZX7RuRWlnf6qvpAeROAlt2sbJEUbOw4ODg69xvjF+VItPxv1VxqLEp1krOSh9lLy

1: CLIENT -> SERVER: J8bosAqkiXqIZ4sZ6xJ8c0AYWcSPFai15MczWNOeZaxDh/cVMLNGzy9W9zkM6Opa6mhymzEOBKLZ

1: CLIENT -> SERVER: /LXdd/t8ps/BonvoieQZY3RwcFgh3FlRDoOEF7hJn4N4Ie3oPZ47x73E2Hg5vHxyW/mKWqk6TeYT

1: CLIENT -> SERVER: NQZSrWAoG5Wp8KiSlEyeQI2AxvG8G4WPH5SVKsMUah3VwsASRlbNmGNNSapE9RRWxpoazCwP4erK

1: CLIENT -> SERVER: zvgc5U55fZ9Pm+1X/vTTX/sbP5gbZ2cR8Km/T8GNVlAZLTqC6zhcx0A0+2ZTlkuHFIFIjT9GZT6N

1: CLIENT -> SERVER: fCUXeNg9QW5HypbkwEJKbP5gouSZMLBQZxQcPSB/rA4HHOul/WhGG4BKcCwloYqTQB1GmAfDWN2D

1: CLIENT -> SERVER: l5dn/ESdQFyqmYswLyiA1WAgsc0S5YOYNjtAl0QHkZ6mm21MS3CrE2OKO2LViU5MRYxCgroBEA/8

1: CLIENT -> SERVER: tCHdn0y50cN1IAjzY5kkJMuX8R44SNnww7ZCn/IqJUc9WV0B66BdpXqMIja0IaORrGuEXjmBEXEQ

1: CLIENT -> SERVER: tM+P1F7087O4B8wKAwsGIU8FSIhjgmfMhalWJyn/kiY8bcLM25DDYIE9Yqk+Pww45mXc1wNoB6oR

1: CLIENT -> SERVER: 5JlYlniPYB97XkOhKAcZh4DAxqfduGdpY0DfX6V5bd3ZZngA4pll75YdQ2lbvmrBIvU03cItUWhM

1: CLIENT -> SERVER: SzHzmuCjuExq29Birkj10lrBjcOkov7WWB0cHBz6CkrQjpwbXG+sS/CPavn3+l7gu0XSWI8lt+Jp

1: CLIENT -> SERVER: +5CxOqwS84+nuUxASsvMD8iCjpJLRR/PhNPeqqSyBglvLlhL8Qwwzk9jHVZsmLUU3gcGh/vbggMF

1: CLIENT -> SERVER: quvSOa/750OtDqN+Wd1c3u5/fDkKJr0PKl9daOI5OPQMdxTNqVq+GkmH4URRnxaNhV5hX8HHCkll

1: CLIENT -> SERVER: iBlZnqempmdGXhZvKV1Q85Nx7q8FoaeCwIcfJXL0RmYCImNrCm7TMJN15Y2UVTo2pdIRsocQNopV

1: CLIENT -> SERVER: EtVUwjOx4pryRBoLgblvJ0RzhiixY/2y+3o0CjGcuNT3RtuBzBFNNIPQgnImKyJwL70EGoGlJOVX

1: CLIENT -> SERVER: ajO8yNRiejoeA2eJEXEhbLFEUsj4NdEQgMX0PcPM0m3EakkNbP1wpXsER4bhN2Dl1FNlWDzQAtyf

1: CLIENT -> SERVER: CWJ1Z6mmfogXx+dgnqckD+Po6Bo0GIukT2KaIG6AM20yV6yvZbTU4zeBYYhGCInPbiCZC8lukrcS

1: CLIENT -> SERVER: o3HukhEtRLONA2oPG2KAYQrP+jSXlNvnprVyK0lHOx4oXZeoo4pnoMXqKT9Wj4aUzErR50wgVEES

1: CLIENT -> SERVER: CNOKc4hqOindyHPmApg1C62eo8O6APtdjyreE2roW5HIAslc54Ruuh82QJuO6dAKaSmP7PLmNluP

1: CLIENT -> SERVER: uKXgAHZi/BLvs8Y4tFjYm364dly9aKwdwcm7kw8b44aBOxDZwWFwEW7JZwKQeXBDwUZ7L/B3BYys

1: CLIENT -> SERVER: 6r7ki8bosAZEs+nvYeGXeyAWz08eFBR9PFPaqW40xmXhTaTnGuMS7OILaI/BM8CKMHFV8F+McWjh

1: CLIENT -> SERVER: 1lIOK4EXqOunb/Dv3P7e0sLWd5S+OvOG4FeXoy1vDf94+7tLe2duLr04drH3/+L1K/cMPIchg6f2

1: CLIENT -> SERVER: GNMSFH3Y0Asc9lO1L+fdpnpYJBzdu836Q26f5o2F9YqerpRKgX/G6NbylUcn410LMU8/wYtL4Cn8

1: CLIENT -> SERVER: y3Zblu80AsctQai2wGcU5JXGlBqdQgThf2HVy3OyNBNLVArWmVQkBgAJY7S6xu4AAP/0SURBVMsk

1: CLIENT -> SERVER: XIQME8uG1BuA9uZkzVk3C9p9nQUoTFleSpGlwsQ6A/6bQaGJy63FGGSlhcQ5BzxLi6QDWRpSmPYh

1: CLIENT -> SERVER: yQVV0VJPqUjflEFU2MAByU3sw6CH/Fh9N6yp+4JIveSRCaLUIuJVQI3XSdsuTAutijS1xA7tDdDW

1: CLIENT -> SERVER: SmuFzbEdNeF0MxoU5FUObroftUs9mNS74UnmLTWLnwQdQ78c8GL1pBepR3Hdi349hPA8C8tHWI4B

1: CLIENT -> SERVER: 0hhS4tw/C27TqY/5Q3Wc2RvWemjYjQ4zcAzIpKT0Juc/GVr2Tm5RH18taOe2USFTTxs3DKhqqkgl

1: CLIENT -> SERVER: zsRV4S0jZ/r/t7EOJ/BIPPHtqGMbMMdujT6SxipXldN6hTsQ2cFhcDF+mf9TxrgEH4jyVbr1ApQI

1: CLIENT -> SERVER: KjoEPzqROkbWaeLUo9GXjHEJvj5A6gXfUjAWJy8N32mMy6I07eduju7ow+YozwD7dwXMrLGL/JvK

1: CLIENT -> SERVER: 5/j/zViHE24t5bAMwk3eL2y7pXRnkXRwEcqb1C5KMG56U+l+f9Rb8f3AYXDhhfmMrIvki/f+4cEC

1: CLIENT -> SERVER: VaGVfalTH++wrtGz2Ycl2eaZsfDKdEZddNyvTvP8qjDQqvjIyPCo/Q9XeU2A+wg8twaB2oSYVDHm

1: CLIENT -> SERVER: +SXcSEZQYiyyGJBnYpGRJUwsE1l28HhlQi1E99Z1oTjjp07amdJhzYwsotXeApSRRImcESQ0iZee

1: CLIENT -> SERVER: HXA6C/YdoAlULEA5eM5TjArGyCMhI4vq2paABaG7peGCaUZdetSRfw3JKPqjHdDhZGTRRZ8XxlPR

1: CLIENT -> SERVER: tHQWwc/y5LysIBF9zncHkXrBj9UpxJnHmKkiYOIxNIcwUhG2KI1kZgmbUNsNrE26idcM2V9bvpWA

1: CLIENT -> SERVER: IdtRMxo51CGBMu4t3gMJqRwKWq+gri3HL5/fuk1NnbJziWoCOdbxSyYWmZMvwfYU+v4h9NHjoCMI

1: CLIENT -> SERVER: SyYWo/DHzrxR/JAJfAFcyNCiHCaZwfUiOKwrSPfjLwFFIM7/GL1Nd0KPuAZZWH+HjY1/XimWypp+

1: CLIENT -> SERVER: dfCLw87MShbTLx3/Wu1qqsapHlcHjPOqQBU4h79QuyE6nv6OcXJwcHDoO/BKdEV5p3+RsS7BzQVn

1: CLIENT -> SERVER: E/UCRRJBcr5Tql4wVoc1YvGp9NPGuAR/1+dzfbI4N/bzv8Ivq5IXqtcY29Dhp6ojxtQeM68MPuzW

1: CLIENT -> SERVER: Um4ttV5BSazNN4e596HVoLRJnTH92vAzeGl1klkOXcMPg/yPPGqHHSPLYX2jZ4ysUujv3rp19LrK

1: CLIENT -> SERVER: tDq3mlbK3BgvhXDHWlA+cjPEjXEP7ysjoa82Bb6axNsNVY0Js4MMKUpdUU1ggkWtpbokFt0RBk5k

1: CLIENT -> SERVER: jHl0yu50ct0p5/xoq4aNa4NKIEMWDTctJQUXS/SlG/25sEVSIco3BT8ysM6C/ezIUztBYywuwkee

1: CLIENT -> SERVER: pyiPptfB+CETRhKiPQs6tJZlUJGtACqOmlrGFPuOftpVb1bXGR8Z2JqGcC6jcdi+x2C/P0jU7WGk

1: CLIENT -> SERVER: 7glr6kUysxBo0fdVDeMjxbWuekyy17n4JJHS4z9+MBio2k7I/FH6Q8pSLzp/mJZY5FebLJg20yJp

1: CLIENT -> SERVER: l/ZYGrMBXRY9OLM0yLBlZP0JtC7anZovtPpFtiFb0sxFBhO1GOgf0CJMxxH/IPruadAjMO9FG5Kx

1: CLIENT -> SERVER: xWTLuAYwsDf45yG9aUQ/F3EvQDrbMT/GQQH7mXPFQI8iWyaH9QA90jgSGqONsDOKpEdWATKBmcaG

1: CLIENT -> SERVER: HSH2A44NAJ5b8bPLqJ0SZtYe74+MdTiB2+bC4+k/nr21dsahv65ddPQr0Ydmb48/sRwd+XLtzYc+

1: CLIENT -> SERVER: Vxs7cWdyg/t62MHBYdBQpFbwrVgHUvK2nyjaLFp42kljdQJppO6ITqhDxtoEqsu5c4Ckst5UIAUe

1: CLIENT -> SERVER: bvJWrF5w0MB59hvVYqYx11KT1wRfh3F4zx91aymHNpi6zv+MMXYEZGaNXeR1NE2H3iOYyD8b+so+

1: CLIENT -> SERVER: nA2dxdcKPvJITjlGlsP6Rq9mXzBW8s/xt41etjCW7MDU4rFYwsiixA732uq8Afx4vqfKgaemvUCN

1: CLIENT -> SERVER: e77eu05TxXOwPKoUBHkxzFj1iluaaOImuJiRhmGEkAQiNsKEmAGJRuspRQB5yMZIAZhgJqCQVfXX

1: CLIENT -> SERVER: zMzSdiOWAkpVCJpIUrU5UepM3OB4AP6emqemeHAT/ETiAEYytKheUNrAEvMyaUlyIHETGlToOtQJ

1: CLIENT -> SERVER: pfakv0jwNW2k60Omh66VhbbxVzOgyog7AutISkaIJweD/rAcq2+Va+qBUqSOINF5NMcC8oowVnj+

1: CLIENT -> SERVER: kqQh7cfSkH2Cwc0yYDwIu4qMFmG22Kv5Q1nY3NK8QviROrDMMBoiGL7h2AibTygFr03QeTYnThpU

1: CLIENT -> SERVER: ZMuHK/9RpXqbWf96fehGoBcQqAI6CfNRhHkB7f4wwjyEMAdgjxCcW88j6KeADDAVq8SvqTE/FWms

1: CLIENT -> SERVER: Pej/M0Cb0YYjIGlKaVfkiDhZwg8zdRgkSF8Zagd2mSVeECzB+BBJVYnDfrUXHcjMzPofXXiPIInN

1: CLIENT -> SERVER: RCXJ3K7/bRCwEQjOB06pDYRfXhxRu+XGlI/p68MPbX5L6WA44/2ccRpeJOqJ+FT6J9VDyceXo6Sq

1: CLIENT -> SERVER: bkUMflPg0GVg2XqtV1I3hpu8j5R3+J+cvDr4Bolmv6x+FEEmdEgHBweL0hl+7ub/T/RZGou4r0gt

1: CLIENT -> SERVER: 6fH0NmN0OE0sFKgXvHeApLJeX3ROVsFYHga8v1pe9twXqhnc/o7SUbeWclgv8EfUj69VnWARqGYQ

1: CLIENT -> SERVER: F7fuG2IE417ueYbcp+oXnsW65C6qAmsDfhSSJuohY3VwWJfoyezDcmh8dCQ45+SMv2fRi0a8JFEl

1: CLIENT -> SERVER: 5Bz4nvI9zayQvWhuNyKw5/tq1PNEreAY/f0AJfWVHyfKq0WYnaAkVl4cqwBX30pl2Q3tOiFzEhdk

1: CLIENT -> SERVER: YsaPSHUxJ76U0DEL2Osb8oYkDBd0TKOFpLAou7XSBelTheA48tycBGpXGqhzceVZP5TSYjljL1Y1

1: CLIENT -> SERVER: PxEmjGzawk+yM+nUc6WbmNqVddCgS623jMlAwtUystAW+oQj1kb7Sxj8EtIbqGziox9JMAfo7wBx

1: CLIENT -> SERVER: GL+C4C+iDe4MY1Ez+AQcj8G+gGsFN/AaJYJ4I8e/lyAnEhpSRpYUQNhXKE6iCeOPV6qkJPNTlyeL

1: CLIENT -> SERVER: TCdYagULLxVoCchysKqW6n5DDBmUhlBpW3XdtOxHSt+xzxkYPpyzGMwLMJ+A9Rja5CDocYz5B3Dd

1: CLIENT -> SERVER: G6TqKAJHTATx5A+Jxeh7SsxtQZoXYcycA+L5eKPIl2eoBRxT/Iddz18SwYwlc4chgnS/gYwnuZdy

1: CLIENT -> SERVER: NHGuYkywn03X0t9OKRvP9rrreQeC5zt8doEnVBYjnFbbN785/K9kaJW2ef8eA+os4+WwweGPeu8i

1: CLIENT -> SERVER: E8qSX1Y3l7f7H29HI3u8P7ZMqqlX+Pdsf28pJW27pXTPtneWvrH55vC3Z14f/MrYxf6NJJq3vqP0

1: CLIENT -> SERVER: FYQ5Nbrb+wNkVyxC6OCwcTAxcYl/szEvwY8sI23bbRSdjxXNq1OUJDJWh9NE9YjKZQp+q0C9Y69x

1: CLIENT -> SERVER: RYFE1si5/muNsRBJNck9sH1Ov1D1BVxLfWZxbNkPg6hG0a6lymf4/xmvflcYHweHoUO4aWXzdi3A

1: CLIENT -> SERVER: WrJraTt0H3hXzJXIorBCv/C/Qh7E0B6Lz0S3G6ODw7pFT2ZfGHjnbNpUvurYVGV3pVbldqUwskI/

1: CLIENT -> SERVER: EKYVt8L11/MaPkKMwW0SVApLKh4ZEWYWpWvkXCxKZEVVkcqimsEU7imvloRJgYRkF1RvkMofrMJg

1: CLIENT -> SERVER: kU1SEwR+5CDJRZeErhnKgos642bicZ2nCfnqLVjJg5vvM6mvdiaB2pP46jyYt8Ov7MWakYWQVSRj

1: CLIENT -> SERVER: FSVI2fjHLCQ93R6aUZAt1yAC5ZI21cwMkjiZPwvdZOwH0xfihxCwkJFFgTXhOTIMriGI56OFcOQ5

1: CLIENT -> SERVER: SvvQft8LI3V7KVIP+bE6hBdLLvarSIMtrzsCLxcpXnrlCwnY2S+ghMS8pOMbJO0rZiliBnTIkim7

1: CLIENT -> SERVER: IY3WMG1IVzQDxJffZhpcoHR6gGuCXX6laqb9yBzm+6WpsqgT9D01h644hj6iJNYjQaLugf0R0Evw

1: CLIENT -> SERVER: o2pIK42o+x/9gz5NQVtgvwjpnIn8qJayjCul9JhntklbyWF4IH1pgc6T4SVG+8cwps+zyNhpFLID

1: CLIENT -> SERVER: gESYMJKOnbPaaegh7ZRTmXp7gNZPjVcHqhj8q8XlmVkEGVqbbgx/fft7Ss9P3+DfSabWMJ9t4bA8

1: CLIENT -> SERVER: +CzKw8wbgl/d+vbwC2RCWdr6jtJX6d6Opq8PP2iZVKO7g9yX3HaYekX4z6ZfE9zvldQbjJODw4aF

1: CLIENT -> SERVER: P6JyJVgGQa3gMzlMLKL2fOLUi3UQyVz653ipa7s7R2YimYqDADJ7ODbbIRxVozxrx1hzER3x7jPG

1: CLIENT -> SERVER: JXiyQAKwF+A5YJ+qFJ+XZcG11Mxrgo9ue3fpwZnXBY8LU8utpRxycNK+pLVBUktzmbvdRmlXPrPp

1: CLIENT -> SERVER: d6vlZenf1fI/uOgmk2w9omitHi+kzxhjb+Cps7jON7Yl4B5vv/CFAnW7tZfyPwpxcFgv6Pbs49vH

1: CLIENT -> SERVER: +Mx4+dqJHaVro3h+3IsifXaS7wsTi5JWPOcoe8vio4BbUWMgv1RW0ei4SktkUMR4ylWw+iNh8sa0

1: CLIENT -> SERVER: I2Y7ssysVtidPpA1WrCwDYZR1rfVbmAZGn6KOuiNeEqUMBVuwI/h5rYlDtSZuO6By7lw2yQ11Qwv

1: CLIENT -> SERVER: qhjkLYip6rxNh5hkGS4374GDKWOGKWRL3NikJtk/DbqT2cUWIS+EUjrCgwJxHIwj5AReYkeEmeWp

1: CLIENT -> SERVER: vXi43RbU1NfDqrrPr6nDiFVFbL71UL4qZeQ6IwuQTBttzs3xrNAUYcvSOehaaWoFc7O5W+p8CToH

1: CLIENT -> SERVER: acAWsiVHWyYgDmLdxAD6CUHmEOAE5sLz8LwP9D28lD0YpOoApnFFGNggql5EKmRg1jB3YFJTXqzO

1: CLIENT -> SERVER: xtzdg/7ehj6kZB2imVwb7WlLwvmq/RzWA9iXvHfyGbFcv+bNMAeL7syM2okk9yWCkpf9xo14mVwp

1: CLIENT -> SERVER: M8uC6kTI1Nr2rtK3t7+jVK2rghv13oVmdAc1rxPsG4DxaTFyhn/Z1CsCnp2Qv/vh4LABEG7J3yR6

1: CLIENT -> SERVER: XcTVQH9xf4EkUPWAO4Oi05h7Osn9kvyhAVIvWDQ2gylv6Deu17KWKu/0LxKmFtdS7y2lE9f434Lb

1: CLIENT -> SERVER: fzRrqT0mmMMGxoMFTNp4Lr3XGHuO8YuC3Dn7k5XysvRjBSpwy7uG/37QSxSt1ZNKbxlZ4XTx+Z38

1: CLIENT -> SERVER: qKEfeBjPwjy1gkR0wp3d6bD+wZ3kbsILfG/n1OaRqxdm/D1etYI3di2N5fuY+J6vqFovgVmUvJHJ

1: CLIENT -> SERVER: gEgl/I7Cbwx+YYAYIR4OMKdUIUgmVlzFnSzDxOI8FgYKzZa42DV+hBXnIKybQYsVJcmErZtJSK8d

1: CLIENT -> SERVER: kDZV28U+1aMxJOqGm1sJlglcZ9JA7YLb+aAzEXzU7PrH+Ksh2RjE1JfC5tvedzDRXF5hYvEev+Q+

1: CLIENT -> SERVER: 3+zQVFPGwYWvCGMwjJMST5XQlvMw7/Vi9a2gpr4JetSP1DGEm0ekeVwp5aZfc5i+L7xGjinayBDh

1: CLIENT -> SERVER: PZ92ITjSvfdgrq00yKi3mNgElJbBMEZX6AZH33D2VjBvT6DjjqOh98PzYfTP94WZlagDiFBBhwRC

1: CLIENT -> SERVER: 7JtAxTCTCUl5uVGkcDHSuiby1NlIb4x9bvpLzz0zp6W96Dro7eawFgzDjBgedL4l0znvWWNcAp5n

1: CLIENT -> SERVER: OAjgBszfLowurxqnHcqqVFcF9/bwC9vfUzq09cdKx7LMLZ6DZEI7FMCf8N4fzOSrbhwExmc/QWbW

1: CLIENT -> SERVER: 6G53ELjDxsbo2fkSWa/ps1pBovDr8Pn0SWN06BCiA2muqsZ+SyplcVGSz8gKt3gvN8ahBtdSd86P

1: CLIENT -> SERVER: r20tBZA5MPO64JfNWuppt5ZyGEQUjcM8yUuHjYHxi70PGuMS9PNDm78v5asVnHssuVWl6gVjdXBY

1: CLIENT -> SERVER: t+j23TkoBf4uNRnu3l+uTJPnxCkfYD2kVYp5wsiqq5SDH91D31fjnq8mlCeMjBDkkdtDKawIEzcG

1: CLIENT -> SERVER: JTALwwrudeICVxOlfOxfLujV5M2FWusGuQ2UJSIbhq74Q1TNuJEf5WGRW0Z6ZMrxvK9z4LYHtAXh

1: CLIENT -> SERVER: WScWN8IP1Qyy1BpMtzX/wUdeKbW7lZrJ1guAZ4sL0Ozio1/JzKB6QX3ulS8SP0/7qfp+ECtK+uyF

1: CLIENT -> SERVER: +QjCHof7SdAiEo6QjmaLoh8YD2mQmDpdbS+TuouV5ND9UpwebEuZcrJTSTJpTUuijauY3Sd8Tx2B

1: CLIENT -> SERVER: 00teqh7zE3VXEKkHg5o6iB6hCkiG1o99noXkqRrmCiUTiRnQ9VgU8DyEMyP2mw7r1ZnQloiWMjkM

1: CLIENT -> SERVER: LzLd2NrL7bCinpcEilJZ35A29PmFxcZthBtwH/nK/Lh6X8FZFiuFP6E2ZZlbPAfJfm3Ms5J4ZhLP

1: CLIENT -> SERVER: U8KgdF8cG5TP8f/b1h8L/we/0DZOSzAojM9+YuRc36kXdNjIGC06YJ/qYvuN+wqYJ8lC/yQI1iui

1: CLIENT -> SERVER: 2SRXyo3nJA8Kriw6J2v38hIYw1JPqhn85lx311I8Z9KtpRz6Bm7T5WBzWvi26bCO4fnqiqL1yVui

1: CLIENT -> SERVER: fCm8buKwn6rfLFEdUntU9yVOGsuhb/iLgvVLWlMd1WLAfeWuwfPUzMRocF4yluw6mUYjMd4FKAXD

1: CLIENT -> SERVER: M7D4xx02Hq8jhB/yovi4KMF/DHePKbTDWJyqkOrL4lh5ZGBZJhYlsih1ZaWvRDxEM0ysRJX+00wt

1: CLIENT -> SERVER: De0rf3gw2bOa6J3yQdXgREk4piZEf/5xX1DIMMpMXMM7M/FJAZx104qaRBgnUfHtqNdu+J2ThmrK

1: CLIENT -> SERVER: 5B0hEStFpNODe0I/KthCRBZlCCDMOxLVRfIKiJUtIQ1IElftYdtZ2kEzqQL4kXSfoOfQt2RysLUR

1: CLIENT -> SERVER: UvFxQcYg/8io2oesvhVEoFg9jT45hojUvXwKtACKJX2erRaoIPF1+sibzFKWQ/pcUia1IuvXzt+i

1: CLIENT -> SERVER: EUaPFZizVPdfDtmwKwnfD3Cumb6sA2XFXK2CTqE/joMO+4l6An1ydxip+9A/L/o8E45zFXMZFIB4

1: CLIENT -> SERVER: VhkfwcJwNNXdiuSvjEJQADPTxdgx89o2i25Wm79xrJPDwELmtDY2QbrOespdFaOMfwTmqlwbyPa2

1: CLIENT -> SERVER: 9avHbiQj40vOw6v78oIYdrCtc7CWQYyGlQMjO4th2XwheLbK78yPiXqc63lP6TD4tTHPSuKZSTxP

1: CLIENT -> SERVER: iV8cL2FwbbCvjoMp759SPePMK4MPGyeHAgijz1M7jdXBYUOh6BD8TmycdwI8mykPeP10jKwOI6nm

1: CLIENT -> SERVER: b3QUbZD0GkVnt5W3+WTEFIoTmtegoQDVZ3EtRUn3bqyleM5ku7UUGVzjl3pfqK+lSiK96dTxOjg4

1: CLIENT -> SERVER: dB2jF3ofN8Yl4H2QTP5+4E/LFWNqj2g2/RNjdHAYNHR03dPNGVgqB/7ubVtGXl6dTPYkcSUU/gHf

1: CLIENT -> SERVER: S5CrmFNujesNRyF6wWMMYabwZk9prBKuUkhRJYi6G0aWlmEyG5QENy1l49KCZkNZP+ZLZgb/4EQm

1: CLIENT -> SERVER: inFEGORkNzuNOxk0OqYENmQ2103atuya3ZJJg/ngMoL6TMKwzQvU+WmgLsbL2VYyVxhH4qI2sudo

1: CLIENT -> SERVER: sjF/jFxnptE+sGDZTDnZJMapiWFk6qZJu5P4yz4XdXOwyXlIQmRkpSKtFoMYrox4Y0JsO1+dgusj

1: CLIENT -> SERVER: aO6v4cXmq6VIPeDH6iBoEf1D6R/e5mOE5aCjGjvfEM9mYtl0+Qh7zUAXr0Ft0RIoW8dWv2WRDScJ

1: CLIENT -> SERVER: DA5QLOlCknESR7YfqOYHaiHw1CnQETT3436qvhfG6gdhpJ5G38xjrnJ0lBGZxDcQxJQ7GfuWth2J

1: CLIENT -> SERVER: r66pheqSKFBbhOmY1sM1GMiwGDcNmrLkMNzgWNDjQRPMtlutF1DY0xIOP/ZmKmTTI2jfGDAtaBuh

1: CLIENT -> SERVER: Y0hq6gljXAKeYTiIoHqcv5ubEIZWL9SENDG4Ml8dz9wYPG3V6gST3gfXGYNrcvR8/8+2/Gj4h1TP

1: CLIENT -> SERVER: aNw2HDi+uAH/G9WSHAB+2/yY0M8WqEjzR935CQ4bE+FM/iH4rxoARha/fM5D9XD+eZEOp4XFxX1x

1: CLIENT -> SERVER: LoPw2QFSL1jEbPVK+UxaoujL5EFi2GVBSXe7luoFo5kMrokrw3fV11LvLH0Da6nakrWUY3A5nAaC

1: CLIENT -> SERVER: CS93LX7lCpkVc7Iv2B5JNTlujAODoudX0XNvo4Cq0SevDt9rrEvwgQGVxjp1f/Q5XOa0zcFhfaOb

1: CLIENT -> SERVER: OzrlibHSReUzRl+2MBmdwbOsfCwxfKx7SJaHYKWxuCzlsi2E+5Tnq2mQH4QqDst4wvCMLAbExLUk

1: CLIENT -> SERVER: kliSRA7omaG8dS+96Vf3txueGUgrZdMjjNlybkAi4VXfNDVNiwtvdRNw2gb3C5JQXRGH6kIsAPk1

1: CLIENT -> SERVER: F58VETKnVFYNxKRsCgTtwwTTFAJbhyVoqZRtLSH4yfMT/cEu4a2abEuGIROEZ2WNISTPUWMMqrJ7

1: CLIENT -> SERVER: IEzUP4SxuhVECaCX/FjNe4kwtBYQqopwWkKOxIU3qZ4jaBnkViSLNoEofrguwA4BtVSHvVJFHefQ

1: CLIENT -> SERVER: hCdAL6HjHsEL5vdBd6IfnvBidUIEQlJhTJXQoyQytfjXeE3z1HmYF6+uheqcGDNIR1EB4lIBIUcC

1: CLIENT -> SERVER: Gd40OWwMmFuAaK9sYCXzyYxVBzJ/9UTrNFKV+/JTdPDsIIAMrc/OjcuZD2Qy9Fr3Pb/Stmp1trw1

1: CLIENT -> SERVER: /ONWtTrhJu8jw7ghE854P7f9HaWjU9cF/8Q4LQu2Pw/I7iX4RfkzpybqzKU/qoxIOSyR2cTNuSxl

1: CLIENT -> SERVER: /bPEjTybDsfTwZOTQhxfzOdnkDbrR9VopFeA8lDa7BhZDhsTpW35Zwld0KevnbM4WPBxRnw0/1no

1: CLIENT -> SERVER: cHqIT+Qf6F/UJ71G0SZ30ea4QTSsm8lcS/E59/DchDxHe8HUymLJWsowuJaoKFRqVMdwcMiHX/Jy

1: CLIENT -> SERVER: VQvyw/qVoOj8vuiId58xDgyKnl+DdI/tF6au83/VGNvi5lp/GFnLSWMtPpHmSpE5OKw3dOstwQ99

1: CLIENT -> SERVER: 74zJLWNXn9zinT8f1Eb5HCADKyAzy2zwCy8q1lcegcWzsnh+1rQK1JQXqLQ8oqojoyotlRUlasgM

1: CLIENT -> SERVER: 04wsSmeZSFznmbUeUxWpIG0V0K3+kUTWI4t6GnWDRt0IAxKStITsXwOiDhAV8K1KQNZRWjeRDfkx

1: CLIENT -> SERVER: pLEZyZyNcJdHgXo5iAfFTiAEmTUVFJJkVem1g0ikZDMFRKUfr9yzNEw11ldc8SPlbBal6Qqkjdvk

1: CLIENT -> SERVER: wXKQ2nqLZ8OV1mxI9iUfpWR48MqqcnePZ2ZRUo9SXIw1j8veIFXfDmP1jSBS9/ix2u8n6iQexCcQ

1: CLIENT -> SERVER: k6oGedsXZpaR0KqTbRuz56v3fUG2EUnaRX4aIYynxCfRZgITtkG011JI+tq/Ec3EITJJNSHDOBWy

1: CLIENT -> SERVER: 8evpZD2zBNTztDVt/Ik7wF9bJYGET9D2ZCrBSDd4ChMLlhNo58NYvD2Htn8A9J0gVneC9iHEPDoN

1: CLIENT -> SERVER: XaECqgZFuRmLLKkIPVrDVVhTSGMSP2TsXpWEagvmDyXxeE/w+CMyW7psTWjj5DAAyIyxJtQHTxYM

1: CLIENT -> SERVER: o8NZb94ybTAzrRoOtGPOx/XQxsMmU5/DGi2hYIBP3TKcqDetbRxrZsVs/Uwd05gPSd4wOo/5vXHu

1: CLIENT -> SERVER: l8QPD+iXxFlQHQSZDGQ6kLFBdTmUoOnXoc5Wrc7mm8PfbtqQOdv/L/zaGBPjQhN0sIByjV8VfHXz

1: CLIENT -> SERVER: m8P/ulIpLG54kfHTayaWBVUkWebS29HnLIelX8M44OZclrL+WeJGnk1nJepFflAwL2rH0o7qDHdw

1: CLIENT -> SERVER: GBaM7smXyLoCc6vfeKpgc7J22J2P1S0UbfwWbRj3GkWb3H7Z22qMuagdSHLH0NN8gRpw8INcPkf5

1: CLIENT -> SERVER: rByktVRdReF7SwuWuUW1x1izXGKCOjg0QKVADg4Gk9cEXy863/ffYf1fpFq2W+D79XLSWGmiHjJW

1: CLIENT -> SERVER: B4d1j66sNDzP27J5ZuzVm84a/ZHZscXt1ThWAXIiE8sLPOXxHCUu/siIihKVUiILRu7HhX6gJvE8

1: CLIENT -> SERVER: GfcQOCypuFxSXhiK+jnZ3bZMLLtHJxFJkjN/GqCbpVxwQZwhJtGSTMOJvyx7S7MhfXvOkzC0JAjS

1: CLIENT -> SERVER: IvGrBpS5FCdqEsZNCHM2FnjX4AXt0tRXmyVsqiIvVVWYa6AI9hhxZaMf/0IGdGV1tKxKS0GNT6PC

1: CLIENT -> SERVER: TLw1zGCBJbVkS06SZqEZxY9gIJPT+lP9YAntXGKbs7FBVYyPF9Bud+IF51thpO4PImFmnSAzCy8D

1: CLIENT -> SERVER: lBhaRDhh/IkKScPEqiNFH6J1ET5h27PfhGyJSLBzvNmC8CEmaWTT0U46Rj5TsgGTbltaGZpSQNVY

1: CLIENT -> SERVER: /iZiPTLlaIRrEF+XmnPMpGp3zzn/WDlEiFD3ebjNIv39aOuHSjX1nXJN1Anug/sigpbRaaOgEhL3

1: CLIENT -> SERVER: 0G5UE7loiIwspl3G3L0w9tUVSaB2oE9G0TdUMSmjnIwJlF2PeDLD9PxqKajDMMMMM31enZ7zhsWM

1: CLIENT -> SERVER: UcA/Qo+DGAE5GjhWSYzKEIyjWd50yYKxdQrrE6y5rn1beF6Kdm1tlI6gdiBfJc79IXtneEDGBtXl

1: CLIENT -> SERVER: UILGMrYoZUOpG0ro7DZjs9eQDZkfCf4lvzbe/u7S3pmbSy+OXez9v5R+wqPsChOsbwg3e/+a5Zq4

1: CLIENT -> SERVER: xOdXz8uC7cgvt7nh1S+98v3E3xUwspJFx8hy2IDw1B5/ov0h+zx/gvfmfuNUwSM0ralZY3ToMKKT

1: CLIENT -> SERVER: +UzCh/HeMSi4Osrf/y7vWl7StvpS/lrq3iH4KCiL1rUUJZSza6lunK21EljmFtUeY83y6Oa3lA4O

1: CLIENT -> SERVER: 0lrKof8omqtFc9xh/WFkj/dHYxf5NxnrEvBd5sO4x/UD/2nUSWM5OGTRld2E0dHSZedevP3tI+eW

1: CLIENT -> SERVER: XhkntTFugPslZBZ6yicTS5gJnqLmI25wkylFvhQZEiFoIvXVJIpWgtn3eaYRw2NBJxvpsuvZMEt8

1: CLIENT -> SERVER: +JP4viFk09fXJog/4xtaAgmgjYC8w0gaWWqGZmKhrLya+B4j6sj41xIpIyjuJKxbQeci7EWgcxFv

1: CLIENT -> SERVER: XFLRuZLPzqUrggrprVyS7Spu6iKkkHGqh7EOTKn3WFIK1Fn+bFmtR7ZtBCYc/uw6l7UlsevJaIlw

1: CLIENT -> SERVER: ZdvYGPQT6SwQxwcZVIvI4Dl4fM+P1W0imRWpF2Ce9SidlapTfqoWkA5VOLJtsyWQwjFvYfpYX2u2

1: CLIENT -> SERVER: 9gxgZXmb6wHAniIfOdNJ3Fv8c7HScEthS2dJl5hMNP0nzCApTyOHRrgGWb9m6HpYP57lRjWYlILj

1: CLIENT -> SERVER: C/4h1PXRsKa+Xa6pO0o19QRevE4xNczLkmVkMXE0Ltt9EfG0dBz7L1VnYw68EYvEV4N4NhblGSlp

1: CLIENT -> SERVER: x9sEyyzSWYzOzkFYYUJKRxH0yZLDYMH2CfurXZ81ICHQv2Rick5zbvvofy1fq0egZmnqK++R9OFo

1: CLIENT -> SERVER: qI8Im40l/siYobk5v/WIbNX1MxOTUz/kZAZ2EtHxJHfz5btDtvnSCiuxQ6kbSujcdWpiCXOrH18b

1: CLIENT -> SERVER: lzepXdTXTumnbe8uPcjNmNHd3h/4I+rHTZDewFNnT1wW/M/Nbwo/ZVyWBaWwvjI/Ll9ub0TwTBd+

1: CLIENT -> SERVER: 4NEO1ZeSvbg9vWSsDg4bBngvzJU0vUjWev1HEdOkiNnicHpI4zT3TJnZnHtpPzAhK6728EbTXHVl

1: CLIENT -> SERVER: FvHJ/I8YvjVkHwW1Q3YtxbO1BmEtFU6r7a1rKTK2eCaOCeLg4LABQUms6evDDxlrW3wc965+fGTz

1: CLIENT -> SERVER: N+Wa+krBesRJYzlsRHRlJm7aNvP+y1975scOlA5c8tL8CbWYxqpcVmq07KvQ15vV5EykERZxmJPV

1: CLIENT -> SERVER: NFULmH08N+9MBHxLOKnehJXGpWNb1NmTW9WW0pgqV6tKVRZAc4iwiLg1pIEERDoLi70kUh6uKYl7

1: CLIENT -> SERVER: d+JOKRtWsnXRCzvDyB6f2ASy+UdaBaw6vzokCSzM6unQE2WRgnjCjDkJ40uwPxQk6mthTX095HlC

1: CLIENT -> SERVER: DOupADdHbuIKIVxdgwL9KV2D9IQxJK0IYrKII+WAL+uqk6L0kfZnPfmnPQYfLCaJVa+hApTGooaF

1: CLIENT -> SERVER: MupJSSzWnGtfSq8t+p6qoJ5yvhiZmhhrIcbSuaBrEfb6JFCXpCV1VhqqzYg0kQZqDFd+S1FGm+hz

1: CLIENT -> SERVER: mKQR4YKxQ0YW8rOyIAImi7x1O8OdRGeG4xqcUQmmwT4yURle/iSOdqtD8stArBk3ptHuRV762WQA

1: CLIENT -> SERVER: MIgdIgKkK31dJwBuHgNKuXXN2KY2N1655U0iI0EnD4vkReaipyXiYK0hnUWkMw93qhR8uByrb5aq

1: CLIENT -> SERVER: 6lu4PoEsIvgHmNtjmK5j6LMAEzxCm9QwoBcD9hmZU3r0noV0Xh+X1AdqZfUjtQD9QYYw+hh94Hkx

1: CLIENT -> SERVER: eoMyOAjsBXAHod+kLVljtp+UM4slDg69Rn1coy/EyD4h0ULKjlaOb/hxMqNfF+H3IsbUo7gffq1U

1: CLIENT -> SERVER: U/9QitTjGC9V+PE+OA4aQwwZiyDGJtNTsuQ9Dm4293q+1qFernUCmQckXlh3zJY4Vgt4ROKids5s

1: CLIENT -> SERVER: UlsqWx7df/fRPz3ywuwf4flwUAfuGCa2v7d0ypiXgJsVg/A1fbdBNQ8HMUYP4B5HBt5e3Lv6ck5Y

1: CLIENT -> SERVER: VdVO3hv9aeX59NNdfZHx1Llbf7R0jz+pNhuXQvDLxc8sjshX2hsZfAH96ZH2X1Ke/EH0h4v70p8x

1: CLIENT -> SERVER: Vod1Cp59R7WhxtoEMnopqdhP/OVIVf18mZ8pLcXs7fEnqoeSjn/py3NsqALMWJvAjW5ugPcbvzC+

1: CLIENT -> SERVER: oP4i5+OMw1+q3ZTW1G3G6tBZhFSxa8xLQGmfQcGOqdylkDr0udqyC6Ht78BLVI5qXp5B1Q8VVr0G

1: CLIENT -> SERVER: P/Z4GuuoQVhLnXo0+tLiU1hLReoO4zp0GOTnzSDeU7f+WOlYnnTwSt9n+vEMPR1MXh18g+fMGWsT

1: CLIENT -> SERVER: yGwmE7pf6PkY8dQ2tMdfFUliEf2aO7w/3jA+b2ztcejzte0qVYeNtSMY9DVa0TiZ/Wb862iP9p6r

1: CLIENT -> SERVER: RLyQPpNU8s/tXC14fmbRuXzLAff3melXBx8x1iXo9/rodNdEq0E3VkdjZ5y34+e33zD90f0Lz2+b

1: CLIENT -> SERVER: qy3KZntp1FPlkieq4LgBqRlZGGEJN8dTNQ+K4H9ueUT9o2BSvSmYUuePbVG7praozaVRVSIjaxGT

1: CLIENT -> SERVER: uAISRhbGppyXhQQGlJHVcGY5YDObqVTJ9hI3vxD2h5iA/yuM1HexaDsBP9RCmFjc1Cfjhus4KZIw

1: CLIENT -> SERVER: WMgkIZsCZviL/ALCaAYL09bKBqUGzH+IGVlsMxadzCpe/RjtAkMgjCy44Yfaiaq+p2peIAzCCP2d

1: CLIENT -> SERVER: ot+phGwUdCZiXoK2uSopq6uTUJ0X6TOYxkgIz/PJKA0nPSXtxyvbmY4w2/YSb7axLoz0JZ3hT6d6

1: CLIENT -> SERVER: uEwcuZi+0cyXFtDJpKPNLWGYVrt4EqfhboqUAdtNEpQ/MUpadILFpClGeomNTAF7jhUS5IDjEJOE

1: CLIENT -> SERVER: ycgiw1CpBQzGBbjNwfUo3J/E2L2zFKvvlSL1SEipN3gkvgrQV6O1VI2bPqNqyMUAcWGJmDDCjSFR

1: CLIENT -> SERVER: MrH+91pZvRX9sgN2jn0iwIuM8iIJy2mspR0DlIzjHQnqQd0ofB1LHBx6DekbMehBVu8T02cysCzM

1: CLIENT -> SERVER: 5OEgRv9X4HcQi7XHDCPrKxhbj2IsLMKPjKwxROepzdQKyjHJccFlth4OlDrUOWiYvK1DvVzrBNm2

1: CLIENT -> SERVER: Rd3IyIriWC1mGFmbF7Y88uK9Rz/bJUaWmr7Bv3Pk3OB6Y20Cz0nYyMyLLIOLX/Q/Ayr6kq6TqDwb

1: CLIENT -> SERVER: 33Xq4fTTyVz658apY5i4Ivi78cv8HzPWQvBr619eHNkQDM3l8B/GFtV/x32tHY78ffRPutFXDoMF

1: CLIENT -> SERVER: LFOv3XZL6R5jbQKlEqiKq5/oxyYcz62hyi9jbcJfLY7KOXT9hmNk9Q+d2FzuBZbZtCGDqv3N34Dn

1: CLIENT -> SERVER: TOap6KU63o0qyUxwA/egl8i5aFxLURovbz52Gt1cS3Ubg8zIun5yLldC3WJxX3xvuujlSmUSPKOw

1: CLIENT -> SERVER: UL0rXh2LVAamXhqOXxQsq/5zpZvCjpHVOfTyuVva5v37TTeGv26sueCHedQs0esPC7hn/LNoj6J3

1: CLIENT -> SERVER: yOO3Rb+C+fAbxtoxDDMjayNjIzGyuJPYSXilcnjJ2Laxy+bCuekqJabwrApR5BBPFP1H8AGmt9s1

1: CLIENT -> SERVER: YXIKo0aJRBLPzRkDUfWYCQriD9G4aiaSZhIJswBWbdbu3ODThOBNhJ8MkYEl6ukkVU0rhWZ+0aCJ

1: CLIENT -> SERVER: F6Zg2AhSDGGC1APhpokyTcBlCzz3xJ66FA+L8/EiS7WDVKVWw00yhl0YJ3j7FbEf3yRer5MkrAuL

1: CLIENT -> SERVER: q07d5MG6SH3qpRCfYYEtNyXPyFzhmViU4GEt+PzgeWIkMvXoWsL4GcGVLzWjMn70+WGHEfYBRL4j

1: CLIENT -> SERVER: qKnv+5F6wo/VYUVVg7E6CZrDmKtgccyhI+3G9ubWOK+62TTxgvZkmsxf1PQZxqKov6sT/RAYJBfp

1: CLIENT -> SERVER: H4RtIQEDZknHaJC4tUHreENyzaSlmryUTB/MOpO+ZsQ1iG6WySYMLJJkgETwb8uVYhwmqBilYsho

1: CLIENT -> SERVER: 5ebsc3ho3B9G6tthTf3Aq6nn4Z7EvipFvjAcAqmj7qM4QJsFvooxhoXNivKzlXeija+NQnVDLVSb

1: CLIENT -> SERVER: kXbNjFkOcxRGxchH2pNlEGLb6faGVcIaQ4Mc+g/d9ZoExiDj1pJ2qoehnbc69G0AR25d8XlB6UAy

1: CLIENT -> SERVER: 8tHxuv8ZgYNcoMeLvgM0zDqx1gw2InDvpJ5ew+vTbp3F4vP5LxL/s+Aw2o0AvgByE9aq1LHnRfDr

1: CLIENT -> SERVER: aqtWh4cFd0OtDpmLW38s/B9kNHZSVQ5f9lbCxOI5GGRkst6OiaWRx8QikvnUbYRvAKSxylVD1ysm

1: CLIENT -> SERVER: 96AhnPFyVQvy46ZBQNEmSVrLP9/I4fRReSHJnTP8OGRQQMZAHrySWnajvPZikvsM+Kt8obQNAZ6n

1: CLIENT -> SERVER: yY+i7FqKDJh2a6miPlgrurWW2uhYjolF8FwzMlmKiBIJ3GTPpdcHv9IunqWVMLH6ofrSYcXYRIYt

1: CLIENT -> SERVER: 3nD3GPuKgbfjK8pn+P+ZakVXysT6/MJYX6RjPzNSKVwjUj15N5hYDg7DgE7eoTm7Jyc2jV9X3l66

1: CLIENT -> SERVER: vBIvltM0EiYE99MC2VNjdnAwG92Mkd3fpBuXIlQfV2I8EDcy9TlaIJEQ5GSmmZQ1GrvAOtY9e4+m

1: CLIENT -> SERVER: rFk51p2kpVTItJrCjfEsPCSviQL1MizCdqHeY3Bj88QktFnsB4qSVe036pkBSedARlazVFnDfxjB

1: CLIENT -> SERVER: WnAzWza0tZMwN0gx6kW1c5QkKqHBeP7YGCn11QiI8jsV31eHMaAeDxP1gyBS3wc9gpfSw16sTniJ

1: CLIENT -> SERVER: muXXXRhg80g8kjZjLhyBIIp95G3C0dkwsjxhZhlJOXFnLwC26eXZYy2tfSER4Gyukj/J2lcGrgkb

1: CLIENT -> SERVER: ROYUJfHIyEJaCerBhZhkr/OXnFAuMp14FdJeOhFtQBt7qgo6KaTks6cXEPDuMFbfDGvqe2Gknmb7

1: CLIENT -> SERVER: UfIKY3gMY3gMZvYH0yEzquYjnQC9hL6wKc+gbK+IQ1AgiwIyy2KUlcxKORsLhGQ044vtwfYRkv8l

1: CLIENT -> SERVER: regw7MAAxJzUjCze93lOlpZMRe8Llu3z+j3PwQJtZh4IMpE6jtqh5IvGuATcuOdXZA7N4P3Onhnx

1: CLIENT -> SERVER: rxcbDK4758dFAuE3qqWObcjYTRie/YARsM04rxnhDn/Zl36W/3Ooy0ZXJZgFpfPyYM7HesFYHRw2

1: CLIENT -> SERVER: FIo2Evv5NfgqsLG/2HDoCKKjae5aihuYh+svaA4WrWspy+CyaykyuDq9lqLkHF5KcpnvDusP11D1

1: CLIENT -> SERVER: j8NAoXyG/79Nvdp/YPt7S8codbj9PaWnYU4nrvG/NX6p9wVKEZGCSe+DZHT5o967rBulwGdeFzzO

1: CLIENT -> SERVER: s/FmXhN8lOflmWQLQRXpZKr3GreVIvWby3wYevL78YeN0cFhw6GTs9L3A3/bzFlTr0hmFi6eW5yT

1: CLIENT -> SERVER: zcfA9zKMLACOlo8lMNtsdrstAPH8opHUE+ksSoqIFAtVvsmVEWEmWXvdnURkzT0G60FIEW25CHhI

1: CLIENT -> SERVER: sSj9okRyiIysHaBLEn5x5KvrsOg6A36U2BIeBKKQmcAN/UwqGwpkC5HBIRU3JNI4hLRlIhJAZJ6Q

1: CLIENT -> SERVER: +TmCK9UyMlbkBWoR4+4IglNF2XeDmvpOWFN3+5GoxaPap4PwO4z2PoFrFWGFaSgjlXmYfABrsz51

1: CLIENT -> SERVER: B3YmCeNc9ozRn1biiUSv+nC0cQR0IJocDdq5rQKZ/DUZdxiMXBlIj8N6+QiWHxShLvOYiMdBh1Bh

1: CLIENT -> SERVER: SrYdRqDn8DL1QBirb4eJugON/Rj8jmKgVjFQfdAIaBQtRCYi+4hSVlXEjZA+s4BRxv21GO9viUvq

1: CLIENT -> SERVER: OlzHGBY+fN3wyRxE2YRFiX6UssOPfxKbF4d1Bo4M3e+cW9z+5v2fDH0qvtBC61oaS/9lQVuzi0Pv

1: CLIENT -> SERVER: pomcH1CV4wnb4svljf0l8WrAFyRKcP1MZaRpQ4Zqhfi1MaWc1goeao4XvUPhZu9fG6c1YXRPPiOL

1: CLIENT -> SERVER: 5ePX0Sy/k8JqxlP8YiQHlWeT243RwWGjwXG7HQpRPZDmSrzdj3eRYQBeg5Yd53iNfUg+asjBF0rt

1: CLIENT -> SERVER: 1ZU5LIVdS5HB1crcOt21FNU/bn93aW95h/9J4+SwzvHy2D2mBg3Trwh+dvTM4EpjrYMfxkxcGb7L

1: CLIENT -> SERVER: SuRteWv4x2R0bX17+AXrRlXG5Z3+RSbKsqAkFu8f/fg4784wUj8xumhs7cFzoJKq+pqxOjhsOHDv

1: CLIENT -> SERVER: sFMIy6PlPePbR644Ec/OVKpV2RcPApKRxuIGh923NPuP1snuVVMNoTCyQLxtyN42mViUxpKrMQtZ

1: CLIENT -> SERVER: +4BtZrYWh3aSLS4qyobnRu0UaCfcrkh89bo4UFfhupUNhwCRz1PqeOKTTlAYD2IyV2tZd2hTMeMk

1: CLIENT -> SERVER: LUGzsWtGDBkzMZpMb4aTNPuL7JEQrqGaRZuSeUUpIp6/c0cQqQf9RD2LuAcQiqcjHkeaCwjXkM5q

1: CLIENT -> SERVER: ZETGj05fMhQ37arD1JktQiJbhLKZuDa4RTZoE1oDrgVLEm3Kzpd20m3VKD2hTTU/UHOBp45i8r1Y

1: CLIENT -> SERVER: Uuq5MFHPBYl6HG11D9rvu3JVap/vqUW0a01maSDMqxJ+SWRlpUiHDLEaJnBNRnCqJjDOL8MYv7lW

1: CLIENT -> SERVER: Uq+OApFGZGy2dMg+TKmKtIY5gvIhLKU5ydgW2KvDkCA7T9qhpUNNUI4F3vutxCrvkfqbymZGlp1x

1: CLIENT -> SERVER: TdBDuEEOXcfJe6M/NcYl+GzoGFmnA27I8GwMfm38d3MTokqHmzE8e2ot2Pym8FPjl3h/jbmxauks

1: CLIENT -> SERVER: nu8Tjqu2SrepeoXlGxIJip7jB0USWYfUV4zRwWFDoUjlWjfUhK0FPJ8nDzzDxRgdugW+Ag8BXlUw

1: CLIENT -> SERVER: XsOZ5SWZiflHkty11O+XnIT76cAyt1rXUmRscaN6taDKuslrgq/jhcVJZ61jkOm5mnMaeYZbHqKT

1: CLIENT -> SERVER: qXteDBnY/1Qn2A9JLK49PjxaMbb2WNibfKN6MPmYsTo4bEh0bHZ6nrdpYmbssnh0cefCwrxsOPqB

1: CLIENT -> SERVER: B/LliCdZKvAeTw8QL/wwhk4J/Gnn1iTVyPGxwXOy9NlIifISrGVFvSCvJMSqE91xJZOrzuhiao1L

1: CLIENT -> SERVER: f0AmAaVeQLacUh5Wls2uN/G5acsjnnfA73I0xHVJoM5HzHFhYqUqTWNUDyapJ2KRmI6kBdhNW0st

1: CLIENT -> SERVER: 4BqN7UsaLth2ykA3m1RTs4o0tAwP/9BWwvnk5jfHEVkqWkmZh0E453tqHxrvXjwgvkOmlherh9C+

1: CLIENT -> SERVER: z2PckJF1DET1eaJqEGEF0tb4EUYLxp6MMYIsLZZAM25M0TSx3K1lr/eN7bxWYrpZotsysFFboJ3Z

1: CLIENT -> SERVER: KsxWl5IU8EVIBhDqQWJbycuRbtEa6BTa6Rjm7UFMvhfRTs+inR4D3U3VjIjzAMK/xFSpujApqRKu

1: CLIENT -> SERVER: JcTTUpdIB1ePagRBfPZHLEcaqfEkUufEnnp9FKpXxyV1JtqHfYjbgzCvKSWmYoxzEK/c+wswaIUB

1: CLIENT -> SERVER: LukhBCthSuswDNAjsZkI04My9qybBp8BIcbGOGgaA2gcDwnZIkAU/dFDg5lF2BSaU8nADZauorI/

1: CLIENT -> SERVER: /RNjXIK7cK+lWgSHzoCqdPhSzXMi+JUxz6FaLVNr4qrwls1vLj3sj3nvMU4rg9/+wH2CZxw65OMu

1: CLIENT -> SERVER: PmtzkCymPzRGBweHAYPWK9Ie6aJ33BgduoR4IX3GGJfgBfOut15QpF6QZwo5CffOwa6lyNi669SE

1: CLIENT -> SERVER: rKXI1FoNxi7yb9r8ttL9waT3U8bJYR2BDM7PLPJTypVjVt5p2yONU/e8GCLwfkA16f1iYr1nbKHw

1: CLIENT -> SERVER: LLnohDp06v74Q8bq4LBh0akdiDAsh9eceenOD/l7qu8+HB86g47lMFC+rze5ucctm+tm8Un1azRF

1: CLIENT -> SERVER: aSqb3Yu4JmGorg7G1PvTcfVWb1JtGd+sJiZm1GQQqqBWUao6B5pXqlZFxEilETe/MdHJ3EIalMoh

1: CLIENT -> SERVER: 4ycVxhEz0RXUx4S0QJgTzTeJ1ltG23grBdPWVYWZ6WR24cmJIqEtWPJFhDuF60G4PYwb2K3lWH2z

1: CLIENT -> SERVER: lKr9COxJ1VJFuaIAoT2EET6J6Tpu/PqSfqOsopaNVzjV1fAhBnkY2fuiRBtUoHBSPP4YqhedBrGY

1: CLIENT -> SERVER: TgZYL2EgIaC0FMZdrc5MoVwbxkuaIEwqZ0OReXgmPK+KA3VtUlYXJaHayc1z9NM08prGOBoDlUAy

1: CLIENT -> SERVER: Uut5wobxLO0KkuYlCWBnudmwUjRTPhauKZyB7iBTA/1rsZKx1zx8TXjE49yyXsIIRv7yYaMwrjhP

1: CLIENT -> SERVER: 4CtlZHsFsLGtPHUSRCbWUTgfQbgDiLM/iYTR9xTsTwVKvQj/BdSfqZQQfxRJjqIgJWYP/whxF5Hf

1: CLIENT -> SERVER: IgZujYy/OFZTmI97kN+1aUm9NS6rHwFtQ1vztYFsRpbASyiJVUPZyb5lYvD1QxQTebFOcOGvlLa5

1: CLIENT -> SERVER: qRyGEXIjynQkxkOCMXIKXb8ffveGsbo9jEQd6OMYSwsIa1UO+hgT8nUEYKeWTY9msRuIC8OYrDjs

1: CLIENT -> SERVER: 1wWkIqYyqFyKNoow1xYXMI0w7XbMzKgttW2P77/n6J8d2Xf8D/FMoOBpV8CDsHmGgLE2gV+08WXA

1: CLIENT -> SERVER: qZvrHnh+xq2lmvoUaCWHaFuc+E7825X9yS8ZayGoZ54qOoy1CZSeoAofh6XgV/R7JrFubYNkTh0/

1: CLIENT -> SERVER: 8ve1zcbqsAHAcxyMcQnInO4n/nKkqn6+3F6F2ezt8Seqh5KPG2tHEG7yPrL55vC3jbUJPGuPakr7

1: CLIENT -> SERVER: DZ5vd+M4HqptsPB4ctup++ObjNWhCxiW506n5g7PYKL6OmNtAjfWvznn1lLdBJ/XZBiudi01+/34

1: CLIENT -> SERVER: M9Xnkn9hrAOBQZ47v5C5px5DO/McuEEAtQvwwyxKWFJzDBmeqwHr9Rf8CrcNDn+pdlNaU7cZ60Bg

1: CLIENT -> SERVER: 8urgG2MX+zcaaxOoKryfWhaK2rKb4Bj45cWRvtV9JUws4sjfRu9NFtLPG2vXwHPFqJLRWJvAcwip

1: CLIENT -> SERVER: wrWfYHvlfXDUSfXD/HCGghCdwpWxr6aadqtWh0ncp87PYbLuwRju9zphxxS5Gu1x6HO1jhauU4mN

1: CLIENT -> SERVER: j0+N3XTOdTt+4cT0kVcfjU5NlEJPjZQC2XSk5AUlk+yOIvfo+djit9o1uEdwX0wSPHhL6mXBmPon

1: CLIENT -> SERVER: yZj6UTWhNk1sVmMTm9RkEKigigefMLIWl2FkwY15MQNml1dDhpEyNdBsY9zTaB6bWFYSi82Ni/Bb

1: CLIENT -> SERVER: MCEsuyFGWblRSwbC83D/XilRXy/F6hG01Yk4VhWkwT+Gt3u4lH4RiRadqqQkVWK9xYUXbnCS8UJL

1: CLIENT -> SERVER: g5FlazW462EULFs4KTTrYuzwZxPWK00D/hsMPTI/fBWTEDBG3Bh/VRkfCIh2YNtN4sqvLa5ISuqq

1: CLIENT -> SERVER: JFAXojW3w51MrinEmUljhEnk3K0QJAwq6Ty0unQEjES9XEwbibJI1pEXlr8V6Be6ig9+RHKPZguO

1: CLIENT -> SERVER: PXo2OQIsg3VrStY4mkvWyyMDC3XXbWUGgdRFM/14jtgJVOmwMLE8OTNsvx+rp7xIPZVG6kWMP54z

1: CLIENT -> SERVER: dgytRqm2COHZAyNISs4mQ24sbgyqoFmqGGg1jwypWAWYmxdgor8+Lqk3xWV1Na470kCNMD4ikQGG

1: CLIENT -> SERVER: FDFua8qLeWX70TFEU4cq8dGXyFPqgRTrjKymujsMDGSMGXBQtEK88cMxKJPYANYUc2sOcV6EH9V+

1: CLIENT -> SERVER: fieIRAXo/X4E90TOy6KkFs9btONcwORw0U7MoDGXtInPH2PPxhtmSEVMZVC5JkYW5tuOTTNqS7Tt

1: CLIENT -> SERVER: 8f13d5+RFc54P7f5zeF/NdYlGITF7kbAWjZhTtwV/XHlmfSnjTUXjpG1NriNcIcsHCOrgUHfICHc

1: CLIENT -> SERVER: /O0vNhojy5/w3r/1x8L/YaxLQCkBShE5dBdrWUtRzdep++I3GmvfMexrtqINagueP3pqmf65Oipm

1: CLIENT -> SERVER: SHSSYeEYWZ1DrxlZnBO31DBpVimZ2UmslIm1mo8QTxfDsE5zGDz0kpGV3UpcMzzPGx2fHjs/2Opd

1: CLIENT -> SERVER: Oh/VxkSZUIBy6n/ZpDf7i7KhKMQw4uzJBjj5A2QcUUKjBC8yDkRSw4STDdImogcgE77FnURI5H5A

1: CLIENT -> SERVER: aq1JNnMzBaG97sbm1yrZxmCfTj21Aw1xKW6or4pCdX3kqfMST42jXmT4LSDKIsJVQZHEJxG20rbi

1: CLIENT -> SERVER: bVDgNZiw9dN1JCPP1tHWuuEvrFJx0SEQJk1UACKjhYyoEXiUEYZKAEUCCW09C/sz6IJ7wlh9O4zU

1: CLIENT -> SERVER: t0A/BO0NIvWcF6vnMbYoFXcQ/TPro91xpYSQ7TeV4iHPgSvcMhIykTGoS2HHJn8bsGXW5W4g6046

1: CLIENT -> SERVER: DSBfSmEJketTT44l8UTyhfVfgPkY3F4EPY2wT3qJekTF6m6/pr7rV9X3gqq6D23xZJCqQ6h7BURm

1: CLIENT -> SERVER: IdtyDFRGvABxYlAFNKcSNU+GIdpd6ow0dyHvVyehemtUlsMyz8B4HoUn+4XLBVs09iqSBvhjXBEu

1: CLIENT -> SERVER: RRqWkD188COJO6wrsG9BXDZzXHB88X44jqsspaXb8SNGa8oBx4cbIz1DNJv+HtUcGOsScIOHC3SH

1: CLIENT -> SERVER: 7oJfYPGlgl9tc8NrJZi+PvyQnPXg0BUUfRFYPZB+2xgdHBwcHDY4krn0zyvPxncZ6xL8ZikS5qpD

1: CLIENT -> SERVER: d5FdS1E6dCWgqkG3luoc+JExGSlFxDNk2U9F1C5elhyGF5RSJQOKmj/WAsb9o8qInJlHxm4/mVhU

1: CLIENT -> SERVER: w3/D+PzyTCx+fNgjJpaDwzAgu5O+Zvi+v3Vyy8TF1WBh+6Kqkaugdx/rqeudRTpzX10kg7ivBTMv

1: CLIENT -> SERVER: lpFF3tcIQo3BUZ+RxQCwCNFsCP+NjUqmAKIoEo11d2Bt97YOgZkbYjtYss5Zf3iQwTKBRtic+CIW

1: CLIENT -> SERVER: +PLIV68FvRzms1EnMmNYvRrC8yyjCGSUxJkqk2GSrXwGre0ylLA1JbFCFroNjYyWgQ5Ddl+QxqpM

1: CLIENT -> SERVER: qSrQGNpyBG1cltZm+/lqFtGfxoC8M4zUN8Kqug30g7Cm7g8i9TgeKE8h2X2+r14EHfa1+j2McFMC

1: CLIENT -> SERVER: GDhwSXDgEORZZjH6isoMSWTp2FJr6P7W187B5qEJv5hgosZTiCF0mXl05AnkzzPBXgTxobkX9X8E

1: CLIENT -> SERVER: dL8XqTv9SN1BJpZXVQ+h/V6AO9uoijj847eAE6jfBCo7ghQpBUnVjRUysEyNKedVgnkXivEjWCi8

1: CLIENT -> SERVER: OSmpV8ahMGnJxCqTkA57QJ9uZoF2QTsrT6s7pDuJdZI6dLbJHAYJpn954ezgOJlG50+A7NKS48AO

1: CLIENT -> SERVER: A1J75PtsSGg9szKFuomT348+YYxt8bHRRWNy6Da4CcOvtvlF5Upe8LgBM36J99fG2hHwi2ZuuBVR

1: CLIENT -> SERVER: P5ibVMNo8+dX9KslrhOydWB6RSg6xyWeT580RgeHDQdvIj3XGJdgF9bqDg5pTeUy+/uhdqoXOPVw

1: CLIENT -> SERVER: +mljbIuPYi3F56tD98G1FFWc3jk/LirHloNjZjk49A6fXRgVBtTfzU2IRDvfeXjeHSWFSPygj8wq

1: CLIENT -> SERVER: niVs3f7KvBsxPOOSGbpaFZKdBt8tfmIF78iU+lyJBg0Hh42ETrwthOWx8vkjM6ULF6JqiVvZXoCX

1: CLIENT -> SERVER: FJ/MBd4cLHtFZC5wpRsICwTtwm1v7RaA+CX+eJKqUZCW5IIvz9oRLgHj69QELdYmh7Xel0TsAyXn

1: CLIENT -> SERVER: tRPgglO4d4YyybKkJAt+9zMF2oGqnosqXxZ76hp+lZL6ahfcyQBgE1CihsI/PPrVnOCUaZq6QQMe

1: CLIENT -> SERVER: Vm2d+MBgaSjAcoKkuKZqmmUHA90N6QCECWSIY8dHK3EznJJEo6j4KAKPwpXjjaEW0Ecv4aXosaCm

1: CLIENT -> SERVER: fhhU1PfCmvo+7A8EiXoSY/l5pP0CaD+I55gd8xNRdbaAlq8gDekHJKT5rCyZZtBICeplw480PM32

1: CLIENT -> SERVER: ovtFqG4wJJAUDBEtgWzlhYwzwjI0X/HIIGbZanCpwjwHIgPredDTCEwm3ZOgvajTw6jPfajvvUGk

1: CLIENT -> SERVER: HvJi9SzKfwLxyDjl+OJcljYEleFCRhXblcyyGPEjXCk1RUnKKdDZaIxXRb56S1RWL49DtQXxRNIS

1: CLIENT -> SERVER: sUKkZbQFSmmltWBPycAyRCYj62BrzhuViVJ3c1gHYKfajjXgLZNjhSo+yTgN2OGNiVS/2ieIQOYW

1: CLIENT -> SERVER: iRbtanwE1tuhO6BUVtGXxNSBz8W6Q+/Ar015PtlKpLMmrgpvGTnT/7+NdQnSSOUeur8X9/7/MLYo

1: CLIENT -> SERVER: qkCun5wTlQI8F4oquYqIXx/2ekx8Ei+LNn9KCq6Wfhz1zNbh8gldX0sfmJiXdiD9FvL6WsFmazzv

1: CLIENT -> SERVER: JLIcNi5K0/4eY1yCHX3eWHIYGIiCl6GGPgFgxaBU1qn7o88Z6xLchfetz4zwk0SHXoHSQZ9doXRW

1: CLIENT -> SERVER: Nz4McnBwaAYZUq0SdbRT84+VxuMHfWRW/drCaN2NUleDIonHDxL47sR3i+UwaKpLHRwGBafNyPI8

1: CLIENT -> SERVER: b8vY1OhF3lR6ViXC4orvH7JLnXkRabJqi2Zy6a1I60bGAtWVjaRUC0cmhNmOtFdrJlPL2rPEHdBB

1: CLIENT -> SERVER: QaNahmz5LDWQtelzYLQkwha8zJ2TeuqS1Fe70VVUP0iw9nK+mBBlYjQzUGelW1RjaV7rBdla2fpK

1: CLIENT -> SERVER: bWHhO7AwRsQxxX9jlHFLj+cylTHyy7hSraNNgOrxDoGe8PTX1g+RkYU+ewF0EP6HEO4wWpphDvuJ

1: CLIENT -> SERVER: OurHapZMLaTFs6HIOCI4qYRgJ9HZeGmYbrFDoskvF5lUTPwsrK9Ni9tnZGAtgk6BjsN+GKV63vPV

1: CLIENT -> SERVER: UyjUU4GnnkYhn0YEEutJeh5hZ5F2LDv/PsoXoI181ANtCNISVIkwrmqwk0FGbaesO5tyAvmcjQF6

1: CLIENT -> SERVER: HRb+N4l6zFBtTTRTigwsqg5l2yAhPZXrfxjDSCAhEwvlSymeiSuyQHjKZ+k2rTMuHNYZdO+i14V0

1: CLIENT -> SERVER: f1O9LK9ZF5oJjgNLRNYdgDU7UjYkI8vHXVB/kdGTmp+8O/mwMbYFF+uUaHHoHax0Fl/6lsP0q4Nf

1: CLIENT -> SERVER: DCa9nzLWZqTqmehYym8gloAba/8d/cov5Fd6nsR6BRm2bAcS1UCxbdqhelwdwGP0CWN1cHBwcBhS

1: CLIENT -> SERVER: FJ3DU97lvdYYV4yFvWnhWorPFqqicugtKJ3FtRRVmhWBHwaVtnv/wVgdHBw6CDKU+6kGsBPgHuPr

1: CLIENT -> SERVER: J+bl3Wk5OCaWg0M+uDt4WvB9b3p8euScdDTaXvVq3GmURPmY5yu8PO9BlNBKSTDXCV51wBKCyvDg

1: CLIENT -> SERVER: HjYduGntW8aVkcjSG+mNX4LBJYoAYRC2QYzfhghhYuitcePSktYagQSobY6kVaWR6I5cPEqYmTIw

1: CLIENT -> SERVER: U1aBZAsA9xIcKI0wiQSoanB3GqqzQTNIJJSGo/o6pSqIt4grVQ0myCNlXmhjnQ8TRBvSCBO3iO02

1: CLIENT -> SERVER: cWMzeFCBPkTBSdI40l/czjYkDBbUQYtAaUKYVBghsJLY/rhKCviJMBZipJf4Ol22QglhRkFkHlLq

1: CLIENT -> SERVER: g/u+MWgBaR1GeKocfBQPmyf9WL3gxeoQ6DjoGOgg3A6GsToCmg0iNR8kqop0Y5SBe8e+kG17A7hp

1: CLIENT -> SERVER: C/Kvl51WKaUhmg2x/kKw1s0gC2u0mRhi/clgmof1JNI8xvogMCXKnsXkIhOLkmaUxnoK7fEk6vks

1: CLIENT -> SERVER: 6BDSXmRZ0HhhUlIl0AhIVDEiXORHatFDXVH/OdT/FOLMMy/kw6LwVW4H6No0UG+sldT1WGjsin1V

1: CLIENT -> SERVER: 4pxGwcgIq+sUZT6Slx6jMg8xfjmOkwBjGWXkPYNpBgjjoz947hnjIEuHQYWMcUOtYD8LwS9LmR6V

1: CLIENT -> SERVER: e74JKCMF6QgvBqTnN0PAPZOW3BUkCMPCZsIyTjbtDQNUmU3jpwH59JjlvUEaq7tmvxn/urG2xYdH

1: CLIENT -> SERVER: K+68rD6AL31UubHcBsz0jeFnMGIuNNYmLD6TDL0E0R14Zg0CqvsiJ43l4ODgsA7wVMGapnY4vdcY

1: CLIENT -> SERVER: Vw68sh37WvRRY2sLqqJya6neg2upzy+MLbuW2vSG8BN+Wb3JWB0cHDqE3y9xH4pvucMHlvsPRiqi

1: CLIENT -> SERVER: 0WElH/45JpaDQzFOe5MrLIc7JrePXTrnz2+NYm7j6w1tfogq+4wMZGD3Lekmm5QkGwBXzcjSUjPG

1: CLIENT -> SERVER: F/9xhhCLTvTJXUOYeE00KGBZWHPDzGJ1TEPoUmp/qmebhHELKrkzDdS5SaiuwPWKxFdnwI0q8nQc

1: CLIENT -> SERVER: rdaOSgbI09dp4Iqbo5yPJCH0Vq6loYAU1lSyXofGn0bDv04YzWSWxiRuZhsftgTbR5/gpNslRPoj

1: CLIENT -> SERVER: IEoA8lv1MtIlM4uMTzIHKcFE6aRH/UT9EPS9IFY/8GvqQS9Sz3ix2g/7ixmiasIjyP84Bj/PlJpD

1: CLIENT -> SERVER: 3ArS1+ofG6RztyVbhtgGQrDWzSATwtarAn+qR5wDzYKOYvIdhNsL8NuHkM8i52fJsELZHgc9DLoP

1: CLIENT -> SERVER: dDcm2t2lVD0Uxmqfrxl0i5I+JacCtEtJjeAq8xHjKaI/2mIBYReQJiW+WAaGJ7PrAnTAG+NQvbNW

1: CLIENT -> SERVER: Uq+JSmpP7KuJBH4Ys2xfSnUtqSPngRilktJ/JHImyAzkTjz7pc78dVgH0H2tCZBuZf/yuUEpLM5P

1: CLIENT -> SERVER: PkeozpLMTD6mOJ9J+uw0PYeaU+LDRx5ApLrrBgYmEKAbr0eoHkw+VqRikAv394wtuA2YPoAqN5bb

1: CLIENT -> SERVER: gAlH1djkVcH/z1ibUDs8/KrwBkVirPaSus0YHRwcHByGGKcKnitpTc0a46oQHUt/a+6B6AvG2hZu

1: CLIENT -> SERVER: LdUfUNXgSphZU68K/gCXSW1zcHDoBLiO/3KZu2vDBWokee/4vPr3Kyz7ie/Ev+2YWA4OxThdRtbY

1: CLIENT -> SERVER: xPT4ZSNbggsX4rlSEifyZXyInwbDQe9Tti616GaXfnYNyA1zSseQoSW+5PIkhollti/XB1APK40j

1: CLIENT -> SERVER: tlQlbAQyn4zE1iiMm0A7El+dBboiCdWrQNcngboA9k0gYbwgvpyBBKohnm2pbFtpOSYN9krx0mtQ

1: CLIENT -> SERVER: oNtiVbCVMxVkCzCFBklLy1Y4T2EKQaLKEn4juFL7Ncctpd0WceXbxwtwf9hP1A/8WN0B+lYQq+/i

1: CLIENT -> SERVER: YXQ3rg/C/pgficQWJZr2h4k6GCh1CI19ALQfcff7qXqRjCUQGUzHQbPwOwnimVULIB7xSGYkJZsq

1: CLIENT -> SERVER: KBNpAXWfR5gFuC0gHX0lgwxx4XccdBh0APk+D3oGLzMsx16YyXx7GOPpAUuwP4C07gfdh/xpfxCD

1: CLIENT -> SERVER: 50GU95EgUvtQl2NIi2d+1UBsPzIPeJ4VpSPJGCUTkH4R4lKNINvWxxieRPCzU1+9Mg7VO2pl9a6o

1: CLIENT -> SERVER: pF4bB2oPxuc0aIRMLITh3EY0fcdBGkLMi0BieoQihGFikYQpYZEJ7jDMyHZqBtK/mmltnwNjHtWp

1: CLIENT -> SERVER: +jA37mANRpbDcsBMTVIRSe4tllMx6JhZ/YOc9bBQrGaQZzyUd/ifNNY6eA7ayXvjvzBWhzWCbci2

1: CLIENT -> SERVER: NFYHBwcHB4clmH88/T+iE+qQsS6BW0v1DythZpW3++eNnu9/xlgdHBw6hE+VauqwPxw7AVQjyHNz

1: CLIENT -> SERVER: ecZunrrxVhy7NfpIZX/yS8bq4OCQA707uDb4QRicO7Vz4prqWGVHrVYVgQl+SR96WprCik1xLy1J

1: CLIENT -> SERVER: NRuBU9iSBdZi4sD5TdV5VBun3fgTK2FmCUPLBLSxmXyWBgaZMgpa7HUjDKiTtAoqLKr02AimQbih

1: CLIENT -> SERVER: yzOHtqBy56SBujIN1atAN4DOT3xhIpDpxfatgngeUgVEZhYbhLIMdQaB2Pmr5RoGHk39ih/dJJoM

1: CLIENT -> SERVER: rLV1Y7sezUC2xzkWM/FteLYOz2MrkWDmGU6iBg8B4CQMwhNeog6hX55FEvcFqfo26Jt4MH3PJ0Mr

1: CLIENT -> SERVER: Ug+B9sL+bEjprEQdQMc9H+izp55AQk8yLohnbb0IOgB6CXQY/kdBx+pEiSqljqNQR3A9gryPwO2o

1: CLIENT -> SERVER: ocMgqv9j/P0gvsQ8jbLxTC+qQHwojNQDoPvgdg/87gXdg3zJvLqXV5T7YdDTKOOLKPMhL1InEbdG

1: CLIENT -> SERVER: NhXC8g/Z6hEDA1Ux8iysqhDNRt0bQpVSX02DzksC9YYoVP8b6D21UL08CtQM2ppSg5SuJKEpdIMj

1: CLIENT -> SERVER: TS0t2Gh/5seRqa+a9E8ObESHIQA7K0tEU083IN56/HG8yFmBsEyAuO0uYwi+HH88E1DfxWyaxcjm

1: CLIENT -> SERVER: trIYww+pb+TFuIfxcdDTalPFIBfhxtoWbgOmf+BBx8udmTXz+uBXvEBdb6x1LD6RfNgxs9YOth3b

1: CLIENT -> SERVER: 0FgdHBwcHBzaA699s9+K3IdBA4qVfBg0dV3wT/wJ7/3G6uDg0AHwvvenZX4CPriwDCyqEeS5uStB

1: CLIENT -> SERVER: 9VDy9OEv1W6Mjqe/Y5wcHBwKwD3rtSIoj5b2jMyUdkdqYZKMKgpSBD6lOCgtBELyaeqpJCWzJZEr

1: CLIENT -> SERVER: 2VncICdxU5vnofgIQ/Jkl1xvZgookWWlshKazZ4cd9nNWSgkbc+SDpZLLbDpSFqdAPIgg0mf6WMJ

1: CLIENT -> SERVER: jpI/m1xYBfjT27HaD20D50SkUZgA6or68mygCVi3on3OTEN1URqoq5NQXYrAOxKemcVEtco8kcpC

1: CLIENT -> SERVER: iogFG7d+2Ua6nQibXz3fAQZLLKVmMQ2xqhRkqzclAvA8KEtk6HEMicAPAjA+W7nevyaC7Q4tFMex

1: CLIENT -> SERVER: qRMkE5USRCNoN6rCK8GRRIYiUUHfHEM6PPF+L9wfwfh9AP10nx+re8Oauj+IhKH0FOh5FODFIFUv

1: CLIENT -> SERVER: 4UrilyNHULDDIF4pnXUU/W2JjCthasFMOo68jsNOptYxCcs4jfiWXgK9CHoeFd+H6zOgp0BPgB7F

1: CLIENT -> SERVER: iw2lsx5F/MfIwIL5EMrK861qHF8YKZRKC6WeiRpBGiWEDUAJwlRBiwhHCbEIYfSoIZsvUKMYg+ck

1: CLIENT -> SERVER: JfWquKTeGgXqxlqgLkHbTkgYFBzt6WPO+py7iC+cQZnzYtP9iCv7R84TQx8gW5EyRLboRwZo9A1D

1: CLIENT -> SERVER: cjzrq8Pgg52WJYBdlyU6czCYIcL+5hjgeAhx3yJTeVSIDGYNCQY3fSWy9zJ7bYwRmf/8gxeJsKHW

1: CLIENT -> SERVER: K+r1w0MZf9Q+yubqKbgIP3FX9MfG2hZ2A4bqFhx6C57zwAOTizB1XdsviWcXn0j+92Nfjf7lqXvi

1: CLIENT -> SERVER: v4yOpXwcLkEyp44vPJ7cZsk4DzRmb48/sRzNPRh9MVuv6uHkGRM9F9Xj6sCp+6PPsc3YdnBak6op

1: CLIENT -> SERVER: BwcHB4eNhWQh/TxVTBlrW3AtdcP4vLqt5NZSvQY/DPqjCvW65ANrqV81RgcHhw7hN3G/G0SpLL7T

1: CLIENT -> SERVER: rpaBRVCVLN4zrk5r6nbj1HcktZQnrbTFyXW/m+IwDODO8JoxMjF6VjgVnj2vqnJsk+chQVEJRtL2

1: CLIENT -> SERVER: 7JaicA+w4CLDhvwc4ekwjr4Ilk4Lu2WJq+Y8cFuyIPyAgAWTYqPAdjPeVsWU3gbJ1oUb/aSGbyLM

1: CLIENT -> SERVER: lCmE2o4G2wU6H8Tzsi5CQJ6jpVUx6tBcxkYIG5NhA796lkMINoNtm1xkA6GiZCBqpoiwU+p+vFBB

1: CLIENT -> SERVER: mUioIRy7RIYTqe6vJbLs5vkYiMtTUXdp4rJtF0CzaFuqDnzSo5q+SN3tR/Lw+h7oh6AHQ6r5S9U+

1: CLIENT -> SERVER: EBlZZFydwNjnQY8806oGigyhCKqE9CjlxElBRiShmcCe9Ck16pJRSeLZWzwTi+dhHUT+z+H6DOhp

1: CLIENT -> SERVER: 0FPI50kxJ+ppmOn2DJJ7LlDqMAbKPNyoHpAcP83E0owsTZR8QWkQh5JYZHZVURoth0X4quT5alsS

1: CLIENT -> SERVER: qEuTUL0+DtXNUaheEfvqLLRJCRM+BZEhSAarVgKnGWbMj/UkCdjgBjQKoTOorpBXBNedw44SZCI4

1: CLIENT -> SERVER: DC9sZxMyIGBhX7OfTVeLNC/GWUpmFvzJyKfEpAwH+EvwpQmZX42sbxZ57usVuB/aJuk5Ks+kP82D

1: CLIENT -> SERVER: ao21LbgBQ3ULPPzWobf4mcqIeisXYzkYOTe4Ppzxfs5Ym0DVeAtPJu879rXonEOfr5135G+iWw5/

1: CLIENT -> SERVER: qXbToc/VNoO8I39f23zq/vgmUlJNcl+ELsCzY1BQPZR8fDmafzS9xdaLNHtbfB7ra+nwF2ovYzuQ

1: CLIENT -> SERVER: jn4l+tChv65dNHtr7YyFx9N/7NQJOjg4OKwORR8LDItqqdMFVUwtt5YifmJ0Uf0WiO+ZDr3D26sl

1: CLIENT -> SERVER: 9b5Y641oh/JO/6Jws/evjdXBwaFDGBSpLErE8j32bRNz8k67GgYWgXepj84/lr4bxlPaZTAQz6X3

1: CLIENT -> SERVER: GuMSPOikgB0GAKezi1Ca2Dx+fjRZO3Ouwm11xb1HFfjc7qcUEOwkuDOT1g3E+jIrWwJGENDXhJB9

1: CLIENT -> SERVER: ODtZtJtNi1uXjT8LmGixSdnA/YRsymtjFrZounjaJLVFm4gKNsMEIDtqHB5UMbgDDXZm6qmLQS9D

1: CLIENT -> SERVER: wGtiX+1C2qPwZwqMoc9awhVuEUhn3WD/2Ty1bQDBRlg1bG0Y2RLbET8g66utxpEkAbSNQzEgI4YE

1: CLIENT -> SERVER: s2bsaKLkIEEmUw3E86pOgo6gdfeDKAX1kB+rH+Lh9R3QHbjBfw90N+gR+O9FzKe8RL0A80GkRbWB

1: CLIENT -> SERVER: x9HHPCSYTCp+G8/8aJ6DH59kPA+LRDM/4T4KdxLVDVJFIVUEPobCPYAr1Qbej5e6h5DH4yBKX+3H

1: CLIENT -> SERVER: 9SVU6jDCUKrrFGgRRCZaDD9NNOtxQ4aZHnFwB/GPNjKkyOCbRktcGIXqDXFJvQeL9neCXp54ahva

1: CLIENT -> SERVER: kCpF2YasA5kOvNJu+4L76Ya1aLsGAdAT4tToL3IryGcTXpt20bBBbFyHAQc6ih1oqbk3NdiX5E61

1: CLIENT -> SERVER: dCrnm0fJVPyXMbaoQnWUzE0ys2y6NmEMIB2bYwy/NikZW2Z8SfiNB7ShB2Jz9g08qHYlGzA8/PYD

1: CLIENT -> SERVER: E/NOPU6P8cllVAxOvTJc/kviVD2TLKZfTGuKkldLmFZ+2d9kjEswYZ6/6wVprO5lO5DiU+mf4Ib1

1: CLIENT -> SERVER: hPFycHBwcFglytv8Pca4BNuoimODYKVrKUopvHd8XtRaOfQO/3FhtPC8rM1vCj+FC0+LcHBw6BD6

1: CLIENT -> SERVER: KZXFe6xlXlEilu+xKz0Dy2LuseRWfvAWHUt/yzg5ODisAmtdBQbAeXtu2P3J6JwT7zo4f2SUu4lh

1: CLIENT -> SERVER: 4KvRUqiCUHOnZDoniaJaQdHnRvi+SjwtZaI3zSWIqsL/jLCsfiwdUT8ZheplqqyC8SkVjI6ocS9V

1: CLIENT -> SERVER: fhUxoppKY8QwUk6pVTmIa4or1fAxn1Q2RzVkM5OL3ey9pZdrX9ldFYPOl9w+sZpC0JsUeCoJUR/u

1: CLIENT -> SERVER: 4LN1arHyYipxQ3hP2AMq8gM1h7Y4rhJ1CC1HNXIP+ZEwTx71eT6TUvMImaQ+2oISPpSSwYsAiCmQ

1: CLIENT -> SERVER: IcFtXxYnSwMJ1BP/NKCQuq3q5aWfab46JMzSGlHIif1fT4uE/3ooND4ZhfXkRBIEbYgQpNgkyQtG

1: CLIENT -> SERVER: mLB1tPpGHUJ56Csmjnx0L1EloVaLVka+U0hsi1y1VN007HQbB43BPo44U4jOc6WYx0mkxa/pOC8E

1: CLIENT -> SERVER: KAvVcGqJLM2YpFTWSbgfQp6HfE8d8RKR9qogjwhUQ1o1kexCXA43NhYZAzSLq54nWl7PINGsOgah

1: CLIENT -> SERVER: 8kBa8At7qiZh2obanZeE6uooUK/EuLwCddoO4i45UwqR/gjCkoklzAkzN1M81DnfKV2DuwaaSvcF

1: CLIENT -> SERVER: 0yb0lTnjV1/gJoUGaQaYDWu8xcu6OQwqODeMkeBEFGQcOU6k0+sdL+O0Enq4l3nqUQyUh9JYfR+j

1: CLIENT -> SERVER: //u4v72Awebh+VFGUiGSpzQhJQjJ4OKklZHCNAxZI5PXjNR1BNTX1A4X1M2LVYRn4+ICZjim3s6Z

1: CLIENT -> SERVER: GbWltu3xF+85+meH9x3/A9T/JR24P5i8Jvj62EX+TcZaCKq8e3+1LPdIh+7jL0eq6ufLfLq0B1Xi

1: CLIENT -> SERVER: nY400eTVwTfGLvZvNNYm3DY/Jqp5eoUdU/kfO1KiyhgdHLqC7e8t5T6GDp6cNKb+oOg+QLWalEg0

1: CLIENT -> SERVER: 1o5gkO4LeeBGFdUDtQNVi1Iq01gduoRBnjMWlILihmo7UDJXPmroEFazlvp3tVD9VHVkQzH8+om/

1: CLIENT -> SERVER: KdfUTxdoFzjdtdRq4JXUjdveWWrL+KT02O/gHtsvcI/jy2gri+9mmK48K/wrsg/WWbRKzHHP5XKj

1: CLIENT -> SERVER: kWAS5vNjX+3Ae+rpzBWqk8uTxKGUvvnYa2AwyM/gorZsxfXosw9EJdHwwD7k2XWdBscs91zvD2MZ

1: CLIENT -> SERVER: r6uVuFqCqqoduz36xUHX1DDI9xELfgBLAYCVgn243vGTFeoS6x96+a69tsQ8tWlieuINZ1+/45dO

1: CLIENT -> SERVER: bDrymqPzJyiIpcqlABSqIDDJclxxA5HMJdmwBHAz0IwsMgPMtjq8KmRkBWX1NjWqfrJKRlZJBeOT

1: CLIENT -> SERVER: mpGFhPxaO0YW0jWMLJIwJMTd5sX/FkbW2mq8dkgbGAPzrudPFoEpFwn3XTKyeDaRMLIiw8jCTVnL

1: CLIENT -> SERVER: B5UQNxSmxiLqecJL1AHcVCkJ9IifqrtxU30oiNSLCDmPhzKZC2RmUVJmhAT3QFwbWXJrl9fBBEom

1: CLIENT -> SERVER: hZMetC4aaAPtAhgD1fCxNh78bEgxwZ/9rz+S4MONDpm0MF7MFrgG/TA+E7SvsKoYEF0izBUyuWDi

1: CLIENT -> SERVER: SCPDSKSWPPyS6kmztyiTqDfbeeYT1RKaHhQJkzLiynlcyIf9QmLKHKZ8FSJxGWfLyDowfY6MGAUy

1: CLIENT -> SERVER: I0QtIn4FxK0HzAwVIVKMtCWutAci+iw3r3CURpBUpN4NwJ+ZEHBnGceRCOcdGW+7MHIuSUvquihQ

1: CLIENT -> SERVER: 12KBcBEKSgYcy0BpLtaNt0xhKuBaZ2ShJFp9In7QdhQO8TGeuTTSubEMmVFoLpqRRQJMOXWoegD8

1: CLIENT -> SERVER: 21HhMJjAAMp2UJ2RlUF9kPMHJN2OuYWbFhm0j8P6SBqpH2D1/x0/Uk+VMKYDX5Uxnri1IYws+yyA

1: CLIENT -> SERVER: nfNWGLaADDleaaEfw9C8XiDzVde1lZHFqbfDMLL233P0z47sO/6HqP8BHbh/WM0GDL9s/WitpN5R

1: CLIENT -> SERVER: LTmGVpfBFzR+wZ33JWHl2fiuE3cmNxjrquEYWQ4OGo6R1YBjZDmsBMPAyOr1BrZbSw0uKJ2Rt5aK

1: CLIENT -> SERVER: TqhDx/5XbYexdhWDvAFddF8dBPxsFKo3gniW7GrwH8YW1X/POfOX6repucBYBwLrhZHVDhzjlllp

1: CLIENT -> SERVER: GZUW2XpZBlUWltHxgsez51N1B/ypBr9TmL0j/lT1xeTfGOtAY9AZWac7TtYr+r026uW7dpvdxeXh

1: CLIENT -> SERVER: e96msenRi9KxdGstrQnbKsT93oeJKqG4oSj7z2beaxVPsksJd1xb7gc6aCZCHbDTKbPhqbfnYbEb

1: CLIENT -> SERVER: mNaLMBadn97q5p+Al56v4Wym2cxtiVEP3FzlT8qKEKgSzwcSwTI4JLiB1qtOUxqpIImxGE3UFtR9

1: CLIENT -> SERVER: JwKdg/a8EEQVg5dHgToDN22qIaRkDGMnuJIi2DTzsN6CJt1BBVuEY0aXlWhbautknMWIqHWybvQk

1: CLIENT -> SERVER: mGwBWsOzBHzkkcisIdOJTBzqByCJZFXiqRFQiLYn85Bx2W+cqlS6eQIuVAd4APQCH4jo1324PunF

1: CLIENT -> SERVER: 6nEQVRLeJ+oBEyzwEvU4aG+Qqr0YEHsR5wnQU0jjGZLETdV+0GH4z8JtAVRDppTWQlcLM5dMyxLi

1: CLIENT -> SERVER: kXlG6TAy1BClXh8uzyh5VT83jIymNBDGKeuyExV4GcbUm+JQvR0Pq7fUfPXyyJfxNsKGRSwy6MaQ

1: CLIENT -> SERVER: JiWxQpTF0wMYmZAw7pCsEMY320OYgk20xAFEZM2NDrOm1tAOwwe5c2N8Cgka/cyxOoIBMwaiWsFp

1: CLIENT -> SERVER: EFWnBhgvVLlK6HGsx2HzyHAYVFA1zom7oj821kLwpYGbqq+fmJevnZ3Kwe6Bz7B/W+WTrT14VpYX

1: CLIENT -> SERVER: qtcYq4ODg8OGwB4uYHMwcpZ/rTE6OPQUspb6TvzbxloIu5baMznn1lI9wKcK1DWH02q7P+G931gd

1: CLIENT -> SERVER: BhRkRtnz5lYDK+HVDuGU554Xq8Buftl9GiBzg/3Iex+lJMk4tcRNdku8L2b9SIxDopQt0+kUE4sM

1: CLIENT -> SERVER: rEOfq00OCxPLwWGtKFKzC+QeN7AW5N91C+D5/sTYppHzkzDaXK1FevMcZRbhD24mZjeoZZ+RzBqe

1: CLIENT -> SERVER: m8UA4gBqQLOj4MrgNBrvur2FmDzbiPHsXy4KvHqL1nrbylgjFpesGNeYtDOskaYRq/zSU0uejSD8

1: CLIENT -> SERVER: JoTfmvrqDNDFaaiuBV2ZBOpsPAAm4EeJBf5VQQtCqZydRaaWTrNRqmzJBhn1cuYVmBWzlQOag1lP

1: CLIENT -> SERVER: G6ARMOtK6LGHcQvy0QeWmaUZQ6mRpEqFuWXVCFKVIyWtyMziH3uLxPaODfF71wUUil+BUE3kLOgY

1: CLIENT -> SERVER: 3Eg8B+sE/Kg28FQrwY/nZVF1JL9jYj9SMN+mS+kxjhROaErhkXwfbroi8MEfxoStI7wlLMvJmGRg

1: CLIENT -> SERVER: TYHOTUL18ihUN0cl9faorN5eC9UbQJfFntqK8GSAUcqKCVBtZYjYlMTSk9LmgfLAj2s6YWpzznP+

1: CLIENT -> SERVER: MxLAMuhy0K7dlsKWVCMbysbKi+nQf2R7r7knG5BxkO1MQxyyIWgMY2kCVzKOOd84jMwwq4NRmkHP

1: CLIENT -> SERVER: LGVNDv1G5Zn0p4/+Q/TPqFbBOBWCLxB8maD+cZ6hRdUtG+WA916CX55SPUceRs70PmiMDg4O6xAP

1: CLIENT -> SERVER: t3yVnEV0Mv/A7/WMIgkWf6KzL+MOwwt+dJiHNFLPGGNHUdmf/NKRv43eSykf47Qs7FqKUkNcSzmm

1: CLIENT -> SERVER: VudBaY/CtdRZ6l3G6DDg4Hxxc6Q/OCvlDtU6AN51WxhY3MpzcFjXeE0BU98rqY4y9dd0pwjCYNPY

1: CLIENT -> SERVER: 5pELqun8TK3WEOnTj+6WTSbZxAYhpzofqwl6m5EFscyCpkLxGULi7mXdDKpfWvIbEuhSmwqlaENK

1: CLIENT -> SERVER: mMUkK6lF9XRoiQAtgn9KIlB9FFkXZI3wSmbWNEzbEW43Al2RcgEVqGsxgHYjqSkmj/TJyKI6QjKz

1: CLIENT -> SERVER: eOUOIvNnO1si8pdeGTDQigJ2F411ImuSGQMwCu8GRrJOhJtSLzDDsVEsZeK1gQgWSRs2IFJuhnWk

1: CLIENT -> SERVER: 8yAzh2di+aqMvEpC6DISks+OaYa3xJwt2ZK0ugvRMRPTmpieTlszkkJUmkwlMppI5IGSeEZVjJcs

1: CLIENT -> SERVER: /gm7C+OMw4xjgKOIaWxCiufFvno5FuBvjkrqPXFJ3RKX1RvjEGMpVOegTtMIQyYe2XM+8qIqRHvm

1: CLIENT -> SERVER: WgNSWLhidCLvGAUg1Qtj/Aldv2xtLFlk012KRkoOgwj2HscBKQ96DAB2GNSBMY1xOpqkwsQa8z1V

1: CLIENT -> SERVER: xviR+6FN1NCScSBcLj12bLAG+9ZhEBCfTP+fQ39Tu3wlB5dnQb35/LLu8ok5YWrxkF13oHnnQB3z

1: CLIENT -> SERVER: eRi7NHynMTo4OKxD8KOqPKRxetwYHRwcWlB4wD+VaXQJyUL6+WNfrV0+90D0BeO0IrC8XEtZphbX

1: CLIENT -> SERVER: UnfmqERzWD2KJNwn3VpqqPBdNy8c1oC5x5JbeSbeoS/Xyo6B5eDQPWR3jleKsdHxkd2lTeF583Fl

1: CLIENT -> SERVER: LOKuuMBsKcpFbyYK84XWDGQr3nCzdCgNSrEEIH6JL2tCEM/50QmCzKf4+qwtkoE12qB5sNFAIjWS

1: CLIENT -> SERVER: oSxW49fq3wSbFy8sfp2MhIotrLw8xvDAlbrX8O+lZMFQcRaIZ75QXaMws7hz29ieZTtNIt52hNwF

1: CLIENT -> SERVER: OheBroh9dT2IauH2INg0/EViBkRWhqgYZDbMh9mDBhWUJmJTUfVivbAcUzKu9NVC5IpQKbnSjsbW

1: CLIENT -> SERVER: pNtRtztbQf/RJJD0YLNEN6ZDi05Je9AZYRNQJMSzsXRezIFq9rgNyOUrz5gqxTwLCwT3MgLRT6vz

1: CLIENT -> SERVER: 05Rl3dDe3q8+CupEphnniJy9BWK6lAoTQj4jKBMlpWx+Ol2MAdQpxPgqg0RtG8o2jfhngl4W+eqt

1: CLIENT -> SERVER: UaBuqQXqXaCb41BdkwTwC9QE8uSZRKQxpD2Keo9ivIZkvtpBhEu2ETlvKTcYS5szgGbA8UeC0mzB

1: CLIENT -> SERVER: JBBeM2/1XwPiaQj/SMuqDHUYdOhxwCFCaul1DTMozIylBdAROGapoGMc7mOwjXgBxrIOV0/TkEmm

1: CLIENT -> SERVER: kQRg53n9Ht3i79BnJOoJqseZ/Wb868ZlVSBT69+Xa3U1EdRNzy+MHWNr7eAZGnmgShynXtDBwWGj

1: CLIENT -> SERVER: oZcqUhwcVo1UHZ5/LH33sa9FHzUuqwKZWlxL/TjWUFxL8cwRnpfn1lJrByXcc+8bZVXa6OoFDxYx

1: CLIENT -> SERVER: fgcM33XzYOBw8t74L4xxoFBnXn2+dvb8A/Gbo9n094yXg4NDl8D98lXB9/2tE5snLonLlV0LSc2n

1: CLIENT -> SERVER: IJHddOeffjyZHcY6NaBD2V1FTTYuGVmWiSXIJmF3L0lk+BimjyC7XshZO/QULBcXMXK1VsMwkQLq

1: CLIENT -> SERVER: FhCwPnTnZj2gW4MUKs8jW0Nv9EpcQxY08uyYTeiDbbjyXKOzEk9dkvjqBkpmpb66CLQTfjzPSadG

1: CLIENT -> SERVER: aHV0Wq5LE3PXJSgCQkgfGKtFpkzdg2kHMfOX29T81e6EmGxZxDPTzsJUMeYWZNvWhqkzVgzzRBhh

1: CLIENT -> SERVER: 8mfAcOgz+lmGkzCzEI9EBpY1U/UgGVzcmNcMJh3WMq5I2q3BfNIEN8Svk4lnmVnCyAKV7RVlIo2i

1: CLIENT -> SERVER: TKOer8YQjhJ7WxD3DIyL82NPGJ3XYXy8EtfXxIF6Yy1Q7wDdEgXCzLoOYXZgHLFM8h0S0hsBMZ0p

1: CLIENT -> SERVER: 1J51oMpKfR4WMgX425ieaCcRCSdJI+GfRCPaD84Mb3zawPqQJGVQA/nxHAYLjZ5a2otAfUxoq4Bm

1: CLIENT -> SERVER: M5A43nlv4xlsZGaRyKwlRLYQYRiUE7YxT3WyhL07yNWGwZ/DYKF6MPnYob+uXcQXAOO0JlAXutWD

1: CLIENT -> SERVER: nt2M4VfGThXhykA1WjzkOg/hJq/todAODg4Oq0X1QPptY1wCe9j6IKCXKlIchg9FDJ/5vXHuGO80

1: CLIENT -> SERVER: omPpbx36fG37qfujzxmnNYFnwvB8mOxaihJbt5XcWmo1eB/ep/NQ3qo29FrqQIEa20FDkdpQh/4g

1: CLIENT -> SERVER: mVWPk2FUeTa+yzj1BcyfagOP/M/a26k6sM68StULJoiDg0OXsdqdPb88WvqRs644858nu+d+4qW5

1: CLIENT -> SERVER: Y6O1JFajZaVGR3wVUg2e5xm1b3ojkVnoP7ODjZ+6ZBBssgRMPVF3dg7eCt6myurdUaiuSksqGJ1Q

1: CLIENT -> SERVER: YWlEzkrxoyruXjVEiEU9WkMqig8ZqjgzlGVwASJZY4tioDc5G+AmqEWrlFWRH5H1r0Py0+5ilD39

1: CLIENT -> SERVER: Rlz6iFXSI+n66DggqmELcMW/DcEwon4Q4XzUWW/KIhyZXQjPNp9HwOOo/yGEfQkLhaeDRD3mx+ph

1: CLIENT -> SERVER: 0NMB3BGG5ysxQS6xePaTZKVTAsEOP0o2EfwVMuVg22qpJ1oMAQ0pM+NkI54mGilqk96WRhvU2xKt

1: CLIENT -> SERVER: YNpZO6EdtRWgQddKu5lxYuqm/XXgRhwNpmXTbYLuNOairSCqO9NML8AmLeVEbnBkMnY+0K3ONJSw

1: CLIENT -> SERVER: 9QgyjvSfBRlCrJ+xAmxinQopkSHCGjKOjSuSjQgoBPsoQmwicwoZ745TdRai8qyrKYSegh+ZXDxn

1: CLIENT -> SERVER: bRoUsokAzZjjEExVCflQKJBsPN1+uLAcuNLICuo5JrnTReoYhVRpCANIhAoZGv8sJccYhqQJ3Q6M

1: CLIENT -> SERVER: uByyYaQkDgME9ogeq4Qem609pu8Z+n4i44svDDKwNDN0FiPkOdy3foj72P/CS/S38IK9H2EYjAwu

1: CLIENT -> SERVER: Moe57c5kKB2ZldBs3KtlxMkYJOSZoY3DDZlvBlL3REV4Ni7iBo+L2jkzo7bWtj2+/56jf3Z43/E/

1: CLIENT -> SERVER: QL1fMqEHFvxKdfJy7yMj5wbXG6eOgV/HckPyVXGgLoh9tQPj61xcHZrBzaqfyDngmsxGvqgZ64ox

1: CLIENT -> SERVER: eXXwjbGL/bYbN7fNj8mZEr0CN+bygBfRzKRycOg8tr+Xnxy1x8GTk8bUH3DDmpvY7XD4S7Wb0pq6

1: CLIENT -> SERVER: zVg7gvJ2/+Mzbwh+1Vib8LvVsvrJiv10pb/odbs4NIDX22u33VK6x1ib8FY8zz87R+XT/QUZWWT6

1: CLIENT -> SERVER: tMPC48ltp+6PbzLWnqFXa6lduJ4HcmuppeBHVJRya4fqS8ne2W/FFxtrV+CV1I3b3llqq777fei7

1: CLIENT -> SERVER: 38Haq1/gR2ZklrbD7O3xJ6qHko8ba6cQoj1ea8wCL/A2hVOefIgAv5npVwcfEY82WOmzuQ/1Oi0M

1: CLIENT -> SERVER: 0tq8Fatoy1G/rF4bzvivDbem1wTT3p7R3UHHPzBJ5tTxygvJvfwAJzqefDupKn6ksO7VBQ7yfYQo

1: CLIENT -> SERVER: Wp/x+WuMTZCPqCjPMeTIWz8TG+l9YrUv7hOTmyfeufvlu3722NShVx2ZOxlyY3B0RKmRcqACnyrc

1: CLIENT -> SERVER: 7MY9wY1JZsI/3BD5CsdNN7hriSCtgkxUkSHo2V6oflyVhJF1ZVpWwei4MLLGkYcfkYmlGVmUxiID

1: CLIENT -> SERVER: yxLzESYW8hVGFjMyl6YNv54BeZp8WQRaMwXSVv6IJ390O+k4ZLzginUhLwxtY2opNDKy0GoMKhXW

1: CLIENT -> SERVER: cegew5vL6RNwOwqng36iXvBj9SSuj3iaqbXPT9VJhJH0GN3XUj5aRR0lf5CaaUNuDkvrIr2UTCxY

1: CLIENT -> SERVER: AmGi6bhCyEerkONCVm9YMxL3lCUP+dFBGzCOBDzaMQOzG9EN0C0Tl/llrFbqrQFayGiy8ZrjrgV6

1: CLIENT -> SERVER: s5yk60qmT70MbKxMssLIMmYLBpEU6vUzqaEN+CfpaWcT0Bq1gX1iM9T52ywN8wnXEH1BRtVmXM/G

1: CLIENT -> SERVER: C8YlNU9dHWF+IdoWEG9vo6kvEi7sd8av4ZfzUadMBoE5d4udzjlmCyUNrMMldIdBM/JYEpYA4xdu

1: CLIENT -> SERVER: McacMBcCjBuMOfaBrYOPvHmGmE3SXsUbZGaIoC2jWPyz7jrdxtWhf2j0gZ6Luq/0kM340ZN9K+NZ

1: CLIENT -> SERVER: zwrewyUIxgfPtjuFsfQChtR9eBjeWorU7aWaegphEzwCRhF/FHFl/CKZ+lyzWWTml8wqBNIjsOE+

1: CLIENT -> SERVER: NNANqaEbsgWsFRlZqVpcxHMA7bNzZhMZWY/tv/vwZw8/N/uHuN8cNIEHHtyE4YHYk1eH7zVOXQMX

1: CLIENT -> SERVER: 4rsxeHiw8NVRIAyubY0FzIbDPMbXnsmcd7OqqlHfu7GtGI6R5eCg4RhZDQwLI4vSKFS91g7Hbo1+

1: CLIENT -> SERVER: MTqeftpYHTqMQd9EIwo3XL8Z/zqlzo2156A64NHzvY/0Yi1FxuI1eN+0aymqpd/oDK7rsZba13bN

1: CLIENT -> SERVER: jvXG52u7sHDv2gdmjpG1Oky9wr8njwFy5/z4isayY2R1DqfZlsK4tMxKMipL2zTTMvXScPyioM7U

1: CLIENT -> SERVER: tAwqYxVYRke8kD6TVNJnsPah/4Y8J3SYGVnr+UMj1y8NrGqV4XlqrDxROjvY4p1Xjau4w6Ui0eOL

1: CLIENT -> SERVER: yIbe3M4+suEre+BkgmgpKsqycNOSzBD6sgDcO5AtTED7NjYbjanxUwdjiWQHSNYJJJ3IYEBXSyhj

1: CLIENT -> SERVER: FNJgwXERkkZsEGHq43FTzRI3eEkih4Ar4xJsZLQv9TyOwbgJfjtAZ6lAXYSwL0tC9SNxqK7D9Vws

1: CLIENT -> SERVER: NrnA5D8lZigVx0dFDf1Hu25/DWnWrJs4gNCfZHaJlA0aX5g7CEeScNrYQdiMNYRxImQc6jCFaMrd

1: CLIENT -> SERVER: lj5bstMtHftAp8PU610E52x3tQNjcmlQVx1oiJJU+pw4uGeIYTWxvfW8sUmzRpI/XCyxTJxTE/i9

1: CLIENT -> SERVER: IAnUG/BC8Y8iX92MG9vLMQbOxxjYkYZqGv6jCEd1nrZ5WCZuHZACpMb8bA4iDSiVgiviJxiHKe2M

1: CLIENT -> SERVER: q38A7c+/EI1Rwj0sRDyPcW06ckNAeBu1LeiT77sUzNdh0MBesbQ8lvY35wqZ61SRSenBcSTkk+lF

1: CLIENT -> SERVER: JikoN/HVDJ11jAQPXUw1TryhQjKX/vnC4+k/pp7x47dFv8KvV41Xx8GF1m+WInlh4lfVl0/M1dXp

1: CLIENT -> SERVER: 8NwtvkxRSolfXZPJs95B9YLckGqLsip5oXqlsTk4ODisGdFskqt2bZDOJeFHYXnwS547I2uD4wX5

1: CLIENT -> SERVER: EKs94vn0SWPsC9JI3WHXUlTF1c21FM8tza6lbhifl7XUBybmN+RainhbASPAH/WaJIQc+ot00ctl

1: CLIENT -> SERVER: VMy5l8phQ8SN8mQx/SIZXpX9yS9SMpY0d1/yOn60ZunI39c2Wz9L/PiA8eJT6Z+YDfcNycRycBgG

1: CLIENT -> SERVER: 5OxY5MDzxsemRs6slOd3VmqRcK6oTZBqzOpLfd7v7T2/6d5vPZocM3uR3HHTxL114VJIcF6zZN0Y

1: CLIENT -> SERVER: Z/Cx9BXIuEj5Wyuh/dCc1lT/bRB+JQC7ji4EGX6UetFMD55jNAO/bejenSpUu0GXpaEwMl4GOg+L

1: CLIENT -> SERVER: q03wJ8OCzCjyI9CbqkqCG7895GskS5ctoeQGB5sr0fCnicwPXQaGyVIRsnm02pbal0vNYqXhVotG

1: CLIENT -> SERVER: uiyZrrUheFk3S61gbE16zpDYZu2oEbaBdm42H1sO+pEpdXak1MtBV8eeSGFl4zAW47GfyQBjn5Fx

1: CLIENT -> SERVER: Jmd4YX6RocYAIjlmzNpOlpqnEkxSXq0XE2+MW1zhKIQCaVWYtnRAPVIbNBfSYZ1iJd0sYxLEM98m

1: CLIENT -> SERVER: EIH3NY4+GVQgfdcrGkwOegIPKVL1Qu1w+htUwXL4r2tXkql1umdprRRkcPHcLW7KUNUeN2YoqcQv

1: CLIENT -> SERVER: bMnk4lf6f1OurcsD0V9XcLZDMOU2XxwcHE4feDLxO7qBB1XR5oGqjIzRoQvgF/XGuAQzslHQf1DL

1: CLIENT -> SERVER: SR74Nb8x9hdYS/HsFq6lLFNL1lJVed3vKsjgareWsh8M/Rbc7FpqvTG4XlHAyCptdmupQUJSTfIZ

1: CLIENT -> SERVER: WetsXDo4ODisF+Sv0NsgCIJN45tGz5yvLZYqUaQ3zbGWJE9lxUtKs5dNNMfRTCyqHGx+ZNAGoro7

1: CLIENT -> SERVER: khbxAjWHIpa6DBPYGm1aEZXiM9RKnukQNqxld9hftoCWdCOTagbWzaCZVEtoXZBoqazrEp4TEsBP

1: CLIENT -> SERVER: q5dj4pGXqApav8IrMqohHaZG+Z4AFBqimW700bJBOmd2LCV4AvQRmSCNklnosumKaJc6Ml3KUAkd

1: CLIENT -> SERVER: VgG+z+R9RN5Atqydg6mVUBFac7d269bqb9Hqlg2frbItA1uOajpj9MMkaEuMeSscNpAMIB3Sltcy

1: CLIENT -> SERVER: C0g0a8aTIcQ3wekDsr3aYMOJN5zZ/iIsKEHop6PZLKnyk0I0VpBGpi8Lm6VlkY1Ec5YchhHZHm0M

1: CLIENT -> SERVER: Ad2/vNNkxyeZrCQOMfrbv6b+bzMUWkJsGGDeYZrKFw9DDzwfHiJTi2c0HfpcbZKH6578QfSH3fzC

1: CLIENT -> SERVER: uB2oJoZMLqqa+umRimzK2K+OuSGzHg5Ev7Zg86W8s/mcAQcHB4e1II1U7ib/IB2wP1HAMPHLvpPI

1: CLIENT -> SERVER: 6iLsGTbtcPnyL309wR18qcmBUUk1WDBMLVlLfblW5lpq9o74U5Vn47tMiJ7BSsTbtRQZXG+bmFs3

1: CLIENT -> SERVER: a6nzi5jg21XHzy9zWDuiI959xrgET/IsBAcHBweHgcNKV4Kya10eLZ8djpd2Li5WZbOc+9WiVhBk

1: CLIENT -> SERVER: lxt64zvFvxi4kybuesPRgHFhlbD0gYHEM3W0hIgG4+h4IKYn6s1ATF9CSLHEpKFd+w9T5iVkYcrN

1: CLIENT -> SERVER: FyRLTfXIAvGk7mQqGBJ3GydL9kIJmFgkaybRXJuR/pbUV7vQ3RengbohCdX1UaguxIsAJbN8afUI

1: CLIENT -> SERVER: v4mq4gWyisUjT4uIEYeqDanGTxhZnq8CL0C/Byr1ffSXZmbpvtSqDcnIErWDdJPysN4MJYHwa/oU

1: CLIENT -> SERVER: ZmGCSt2lllJNklgIeNnmKSILmnVZmmkQ0a78rK/lOVnouZGYsPhpITlDCv+2rUROBX1RQ1+cxPUU

1: CLIENT -> SERVER: /TDLOaeyTaHPtaKhDTGgRIBFCsPbhCbGogsDsjxkXmlCJCHxahAvcNbjSAfR/aJTsqkJTH5aOaLO

1: CLIENT -> SERVER: S48H1okkRv0jxHuBrRnJYaAg/clrXv8U9BkGiR3mduRRZSXPgKOZIMObnz8wGRkf2thEEtQWg/YN

1: CLIENT -> SERVER: AJlfNAS4SbO5jHUdYS6pqL9d3Jf+jPnCeNeRv43ee+I78af7sRlDWLU6/OKY6gm5GUOpLR74PWw4

1: CLIENT -> SERVER: Lyn4iniX3/FDlB0cHDYg0nxG1l1cKA4I9hQwTEbOcvfDjQwyWvLOQKoeTji+B14lFddS1ReTf3Pi

1: CLIENT -> SERVER: zuQG+5EQGVsLT8ffM0F6Cs791rUUGVvDuJYqOmMoe06PwwaA/i7TwcHBwaGDyF+ht8DzvC1jUyPn

1: CLIENT -> SERVER: eWPp1mqtJruC9kgn2SXLbpVxXWfWdnSub1bXwzRvYHOjnrtvMSjiFZEtc6sBk6jsVi7JIJP2oMCW

1: CLIENT -> SERVER: MVPWJmQLDpIgrWGtnZv1WQLq9aWBncDOwHOSzAUJEyNqrMLEMrN8tR1hz0bYy/Bi9kossF4Xheoq

1: CLIENT -> SERVER: XLcjKJlPbFceqkJpLOob4LKRLC4WgYyHFHmQgZUGgUqQlzBWyHiAPz9YEWkb9A9LQOia2fLzaogR

1: CLIENT -> SERVER: 6uVvwIZYDobf0UR5aBpCXQCztlQEW7c8ykJ6Dwmy7TknaF6+rjol/nGDfxH9wK9avx7G6h/wAsAz

1: CLIENT -> SERVER: Bx5FB80uyU2DDDSdF+MzFYKZcUyZ8SV5a0aqZTLQWe4i7HwZALxyQCEFBmBoFJrjx0cm+iwwcdXJ

1: CLIENT -> SERVER: NaHFdWkAA5bOjimCV2t2GB6gz2zXSffZ/gfJJVYBxiMpRABKj45gsJVlPCEKKAZxJBRDj2fJYoMB

1: CLIENT -> SERVER: z23bqOsXqXopWUg/Tz3oZjNm7MiXa2/mgcBzD0ZfNBtKPQU3Yyi19eNji6KOkBsxzw7JV53b+DDI

1: CLIENT -> SERVER: QXmbvwcXCkiuGEWbvUWbxA4ODusbi/viXImVQblf8tzA3aB28CcUJbKcVFaXUKS6sUjlY6/wNN91

1: CLIENT -> SERVER: clA7kAyeNNbykI+EyNg69cPkVVhLlXgw+7Fb/z/2/gRQlqO6D8art5m7vXffrg09SUhCIAFi0YKQ

1: CLIENT -> SERVER: kAQIEBizKo4dOzZO7MQ4iY1tvsT5bAcc2//YiRdwnMjf53y2cUxwEoiwgwMJiwRIgBaENgTS0/K0

1: CLIENT -> SERVER: v327+0wv/9/vVFVPz9yZnrnvzZ07c2/97j3TtXd11enq6nP6VMW/MHNv8pdrNZeiYqs4lxqlJZ07

1: CLIENT -> SERVER: 7jkKeIFyivAhQVrPOiqdZ3p8e3xlybLcldPdUpIODg4O/UavM0E/CP0zJ7aMXxgHyY5aHItUUIyx

1: CLIENT -> SERVER: MMnwKVU0sK5cemYcWp5WCG8D7tO0xCOooataVmIBjfOuf5gGkWaguyjIB9i+7BDTRGw/rdbIVAT3

1: CLIENT -> SERVER: JhCXGdyObKfheGHqiTLr+nqgrqqF6gI8gLeh4auIpz6C08Qa8i7iyD7h3lnslxjnSMUai6xj7SO0

1: CLIENT -> SERVER: ogLJRQmiawaP0HJI9dtHOQBsGrYhLRR1W/beXEzHvluA6zF05BeCuvovUV19GvS/wlh9I0zETP4A

1: CLIENT -> SERVER: 4o4izTxo0Rw5WTuOM57AeefRzzX0awLSqitC14z7XTFU7n/wnWY7hlCFFqvMS1QmSi0kl/uevAI+

1: CLIENT -> SERVER: oYWf5ReENCAJtZPIvfrK2187QluyOQwDbKd06Zj8mYGjdDPSi7CokZdLlYbgwDEcJ+CfBEtNIG0V

1: CLIENT -> SERVER: bvu6wPvDvtI2n7HZp0/isEGwmNbUl7hZ7/z3s/cevy057+Cn61uLyq0yAWq/wS+2KYjh5udcgpBL

1: CLIENT -> SERVER: 5gw7fqTkS2IvWtnygkbY2xYUEjs4OGxMjMoG+1eXCaMjJ4xeLZQt3Vi25OOgULbkWNlSZSOEOKur

1: CLIENT -> SERVER: 2+Jj2ccWn0j/futc6sQ98Z+vxVyKyxDSUmsU5lJcEacTvEDtME6HNUYyl3Xk44dG5CM0BwcHh42G

1: CLIENT -> SERVER: XhVZXlSJTh/fWn3xnJrdGteprkAgns8UYluZoX3tsEESXPQgAeWXIsOUAjRZGWaMMCpM6iaey+hp

1: CLIENT -> SERVER: jRYgihNmsMcNAl6qEH5ysiqqxt8yoEFtVjamn6VqHG25CTQN2oqws/FsvrIeqBvrFfXmWqQuiQN1

1: CLIENT -> SERVER: euypyYSn4PKCmVr0UrUglKklFCZLDkrB+EGfUEEpSgwcSfxILg6MZY/paF0HqTYIqYUQ0KbaGxl6

1: CLIENT -> SERVER: +TxN0jjSYHAWqQ2KwczJqf0i+uEIJl9Pgr4DugMT/i9FdfU3lbr6DJVaoK+Gifp2kKjH/ETtQ84D

1: CLIENT -> SERVER: OB/pIAo8gr6cwc29ADctJHXJlrQiS5PuT/Ibq51lSE3iH/hGW1YyJQWj/JC/3f1LvwnTRWnCn/wa

1: CLIENT -> SERVER: P+N4Pv7qsEacxDsMAXT/aCqB8LblJ8J0YqEjwTaqgvhxJJlC+CbQFNy0zCI32dx8xTCcKH/63CAW

1: CLIENT -> SERVER: IG4ekFLO57BBcayo3Jq5K321/dr4yBfinzz+teQ3Fx5Nb1vtL465BCGXzKEQZpiXyinbSL9sA34H

1: CLIENT -> SERVER: BweHXlHbl91unMvwAOanw4KXl1j/BJOd93FyODUE2xQtgNtiF9c0X2NwpYtOiI+nHXl7xJHPpZb2

1: CLIENT -> SERVER: Zj9p5lLeoVvqry7OpVZbwUVLLTuXGmaF1lUlHwWF0/6qWen4Va/jvbO7xOreYeMg87IVra7g4ODg

1: CLIENT -> SERVER: MGzodSboVcYru6pbwrOXsqVKwv2a8Bz0A49CDcSah2KLnNAKGm2wfXTyaMXZIi8BUdhNi6wYqZne

1: CLIENT -> SERVER: BBu0lNIcWQDyijTdeDumGzHY62A7g9hC+k/bI7ANbTvyh5YvDeg0XGbQS2NVBW1KU7UVfbgdmc5C

1: CLIENT -> SERVER: 2pcnoXp9HKmr4oq6BJOu7akvy7+JdZWXqDqo5pNSlfhUIrAeVGLRygZOaXL0H+Ji8EMd8zZaWOtv

1: CLIENT -> SERVER: WHSdeWAdRekhva85QHeVVorQso9J9Y8E5+X3SquNducs0klB2gb9WST+mWYogufIiX4dnINViNG0

1: CLIENT -> SERVER: S2j/BRxn0ZHHkHgf+u4xvHR9K6yrv8Wk/9PVWP3Xal39VQQ/wu/1Y/UM+vkI0p5A3uOgo+jLWfRF

1: CLIENT -> SERVER: XXqHJRteAqGn0YMp6oFwVpRRfJdIkBL8Rd7kvlmyHKXwIyhXRhdgLwKUX7f8oUCECetIvOY7zXvG

1: CLIENT -> SERVER: jQQ2tcMwQToM1Ka/m0AmZi+aMQuUWaYXi75UBUgzhmS0xtqM4CnQGKNBTJqAD6hWlfPALYp1EN0S

1: CLIENT -> SERVER: thGBy5Z7QivFeXO4G6Q95GvjZDb789qB9NdmH0jeaL44FgXX4c/F77VfHVMwk871b78LCmG4VM7P

1: CLIENT -> SERVER: TywM5YbmZRvpl23A7+Dg4NArkvnsceNchue4TPWQ4Iymd6pmBBPeOcbp0GeYpWzbomwJ3EHhUyWK

1: CLIENT -> SERVER: rLSm1qsiqy2yRN1XnEsVFVyrPZeiQovW7qOyfPMgEIx3VmRR7uPgULZPW9n+boPA6WVW0JOZe+Y6

1: CLIENT -> SERVER: ODgIenqaeZ63eXLz2DnpWLJtqbZE+ZjICUVoKBtlMZFOWwYmyangoUBSCyWVKLM4FaGg3sji5ChA

1: CLIENT -> SERVER: XK/nWl/ABVMJII2um4NtVGwaHWFIGohCfsbbVKAsVQFoIs3UFsRTkbUNxAfGRWmgrkgidQ3oNXCf

1: CLIENT -> SERVER: iYmOfKrBopA3wRnreLGsCWkVmi7Vngd1Qv1i8EOMurIfpToI12jUqy1MVIfYJthSWmmjgPdGTibM

1: CLIENT -> SERVER: gm3O+6iOyf0SiJZZCzjOo98Og/b6qXowpEIrUV+JYvW3lVh9LqqrL/mxutNP1COI34eCqfyaEVLa

1: CLIENT -> SERVER: jZ6sodfJCbIPFgnQSghLuk76pkU8zk2e4FKUVGjpm9dS+x7T/Kq5S3OWw/oG+aAdX7D/UxXBRcXV

1: CLIENT -> SERVER: JFhhM3iMliJUbNESmLzejkNYgi1loyJvF9HqbfjmWClEwZUuZp+1Xx1TMHP48/WtXFbH7hlx4hvJ

1: CLIENT -> SERVER: x+b3JKckrKIg7MaJ0Vhu0MHBwaGfSJeyjhawTw+Rgv/FJRZZ0Rnqdcbp0EeU7R9Utu/QoFCmNDHW

1: CLIENT -> SERVER: SFyZf8ODCq4Oc6ncIp5zqVNVcNHancs3D9tcygnkRwOY83e0ILyDH1Y6DBS7Sj5UiDZ3/sDBwcFh

1: CLIENT -> SERVER: Y6GX2WAYRsHuiS1j5yVebaqe1EUsFgQg5F6phIwnJDWkaw1VC6cfKF0E8fSnKeL4/LDPEEovW07Y

1: CLIENT -> SERVER: 4l2H4BXaViMZINg2jX7da03nI5xhiGUjkkwGxnKfmUnQZvimkW575qvzMeF6XRKqtySRekMSqAsz

1: CLIENT -> SERVER: vZwX01KpEKtELYEWQdyDaQlEax1tN8G9j8AU/NIHpxSlBvLJj8hSbb0ktBltghx6gO74ZpimpsqJ

1: CLIENT -> SERVER: 1o1iJAXikp18q5pB3FE/U4fRQVxG8Bm4vxtk6o4oVbeCvh6m6t4gUY9zuUHQfkzgXkC3Pod0tOo6

1: CLIENT -> SERVER: ipe3OZQuikpaY6LPvdQQblySD57Ju5RdjoGi+QOwdhV3cFgOslgVtAnuLeCtLZjcjoO7+K2YtuDr

1: CLIENT -> SERVER: fBtseIS4Q3VTueboH47ZPSOWnk9/Ye7+9A32q+OjX4z/6dwj6Zcw2HIa0zO47wO/KB4ZZZbmKQcH

1: CLIENT -> SERVER: B4dTAsbSjh8ClFm7DBplX6ePnxdQkeWWaOozyvYPKtt3aFB4sIQ/a89vLGusk0RuEc+5lFVwHfof

1: CLIENT -> SERVER: 9ZdzLjX7QPzplc6lCM6lfg80LHAC+ZFBRyUq5+gODg4ODsOHJvFyW3hqsjpeOS+aDs+qqfmxmNYW

1: CLIENT -> SERVER: mNP7JOYWSWKPk0pJxh8KunWeoiBSC9xTtYiQGojCeCpgbHwTCoG6xI0F3ZQemt6QhHYAI8VKhrnQ

1: CLIENT -> SERVER: aaJY0p1Pa4cJ0CTitoLOzgL1Wry0vTWJ1FvjSF0O97lIOY00IQpK0Ut10JKK1SL6hvuZpex/5PNp

1: CLIENT -> SERVER: xZWCPdIMpM+m+9lQkU8KwTlKL8KhLVrajH1KFaamVPlc5g99wWTUY1owXcj+Qr8t4kZ+LvTUd/Eq

1: CLIENT -> SERVER: fneUqW/gBe1OP1b3gb7vcw8t7rWVqadAzyHjQdBx0CL4iEu7iRITZQmlJPQ6TyimmyB+zUSlgwSy

1: CLIENT -> SERVER: FhIJ6gJJ0khbZJUiCmozhxFDx54z7MF4KtKnwFPTiaYJuAPECGcggRATOzTBT32PMF6HVQS/Oo6P

1: CLIENT -> SERVER: Z/9h/sHkLQf/pl45/Pn4x0QQswIMkzLrlVwbuAMqp3urtq+Dg4PDhkJctpfOMC0V9iMlyiwvUm5M

1: CLIENT -> SERVER: 7DPK9g8q23doUPhiyR6X9SOd935zKAfeV7/LudTCo9nfOdm51O9gHvVXVX6+6eDg4ODg4DBIlO3D

1: CLIENT -> SERVER: WLZ/48mA8uxSeMobq05WXhSMezsWkjTia4Wscsd5pP1KIaNQsYsyheB1Ua4msrUiEfy6PhUFFq19

1: CLIENT -> SERVER: qMxKKQinFJ7Cb5uMQHAuKAc1ljYrJlqnkGs0ZNtSiFFaWaCbQX7YVEI6kN1tyFq3IX0FR1pnTSFg

1: CLIENT -> SERVER: Ap27HfGvxIvCjXGk3g66Ig7UBZkvn8dVRRGRoG8SlQilRl+hLXECkigyDOV/tkaA9TQFGkhZxt0R

1: CLIENT -> SERVER: rQVYWg5UYaTBLW6KtAymvYotzR6m0rGSZioC+cgn/YKYAP1YhVsTl4/UlnSxH6g58MQLfqa+F6Tq

1: CLIENT -> SERVER: ziBRd/ixutuvq4e8RD2OkzyLtnwBZR/E8TB47gTcC3AvIV8dfpwFITx7ox6y75ncv4aEG4tUBAoj

1: CLIENT -> SERVER: L1sUkjFUSKJROnmrhRxGC3mfik+jHVdEGE/G0b+bqcyiG0Su5YOI3S5dXyzI8kwb2mjAmMGrHvSV

1: CLIENT -> SERVER: h16kru9KJUsHjTrSueyTIoj5TP1Fx26LfzU+oQ6aqFJQmfXwEFkiODg4OKwmyqxXyqxeBo2Xlywv

1: CLIENT -> SERVER: GE57VxunQ59Qtuxa2XJtg0Lp/lgLfVNkubmUnUt9uj5FS61e51I/V6mpu0uUjQ4OrShbKnzXptmu

1: CLIENT -> SERVER: dP3Egkm9HLV9Trnt4OCwMVC2D2PZ/o0ng+6zQU+NVSbDs7xqujMLkjD1kCkAiSLEUxSTafm6lSJ2

1: CLIENT -> SERVER: ASXRJq+WSpt8HnffycTCJwFx+kFFlpbDFQXgFtZfpPUIXJdtZCGG2XYrtB/AKC3YLSiz4MhI6OqU

1: CLIENT -> SERVER: 5DVILGS8FDPlVI0j6RT6YzPybEK6LWDCs2NfvToO1HX1UF0bh+qlaYBwpaqoR5jS2gcT+UxP5j1z

1: CLIENT -> SERVER: LlaCxXJ5e1EumDCdCPXiH/LLn5yf4Tq6Z9g8LNrQistYR7CXT+INHaBZtWWcdkdob6vIouIqRMoQ

1: CLIENT -> SERVER: fjmCqBRIQTX0/xwKOOyn6mk/Vg8HsbobL2vfDOrqPhyfxglOIM08eGcOR+6fRcusOXT2Eo5UZpGv

1: CLIENT -> SERVER: tKkmS2XZOefhdk9VhrJN7+OvHexVgGdRHo9aUQWnJYBl2z+HEQb6U3pcd3VjuCiMdxxLqnjw0BKL

1: CLIENT -> SERVER: llncIysEWR7hPmziZXop0Bx1qMOAUDnD/3dTr/W/ufOmqL7j3dGtXem90Xe2viOaGb84+Hy0w/sV

1: CLIENT -> SERVER: U8z6Qqaeqx/Kfuvo/6nvohCml6VyPjy2iDHW8a6Dg8P6R3ws+7ZxLsMj/vAosl5VYgU0fp73HuN0

1: CLIENT -> SERVER: 6BMqu7yOypnz1liRVaYgqe1P9/C5b7wnBTeXaos5WmrZuVQvCq0Pji2pQ3yBcHDoAfV9q7ckaHws

1: CLIENT -> SERVER: dYosBwcHhz6j62zQ87yoMh7tTCrZ1sV6LHJjWmORtNBRK0qsNkF++cMj5g+WtFzRRCyDTaSVWKlJ

1: CLIENT -> SERVER: L8JuhIvIW4SUGxWmQUhoDyPfb0bePIW0EoaE+NchWvArwl/0Bf0CKjrgq8BJhZYsNYgM06AzE19d

1: CLIENT -> SERVER: Aro6jtSb65G6oh6q07kPEuqRkJCP1nMLKjX7ZhklpC5WwPpqntB9KX+mX3UVmYAODVsvJGmiIgos

1: CLIENT -> SERVER: V2gPeoxb/CbNiEKuu+mC9MXYa8/bQALZQLqRJB9e9LjUo1YpKfQvreW0YkuUWiQJp6JJ56WKifcf

1: CLIENT -> SERVER: F2SYBfEt4Sk/VY+ggPtB38YLAY+Pgw7hvHOIX8B5Z0Hz8NdClMJNjajMwvm0Akq4LidWLkM5Um9L

1: CLIENT -> SERVER: AuZrkPCpyVVIxBJ0WCPIYaige0ij6G4BGSCP0g52vQ0uRmllLBVYvlhmRQhuvi+YjzyFhCRTgo7Z

1: CLIENT -> SERVER: AGhuCnP5+OFxAMBc4NKp1/jfmL46+LDZL6RnhBNqaupi/8Yt14e/OXlJ8L9wDet282sKYbhUzvE7

1: CLIENT -> SERVER: k5tNUFvcg/HxkxW3LI6Dg8P6RzLf+Uv1Lw+RRdYlJYqs6jnBZXh2nWW8DqeOcGx30FGRdU6Jddwg

1: CLIENT -> SERVER: 8LUSRdbCY9lfG+eK4eZSvcEqtE58I/kDE9QW3NvoD6uUSjg4dMdqKpvSmts3z8HBwaHf6Dob9Dxv

1: CLIENT -> SERVER: rLqpsqOWLYzVanryRjm1yKoBkZVpueGK0JBjNmekMJ2kg3m07o0ONoKlFlBrZON4oCaQ7ZbDU5nv

1: CLIENT -> SERVER: KX7ExtdCWt+ItRQDaGInYGiiAhy5fOBYlqpxlLEZZe/ES8NLYl9dWw/V2+oVdXkcqnOQn8sR8n1i

1: CLIENT -> SERVER: 3k/VLGjOS2WpuZosNccSNfQZdH2oupLT5iErB/NaYhmWHAwyH/2r1VS0hbIifd6ypLyxsgR+UqzC

1: CLIENT -> SERVER: NFZRmgpRcUAkyLeA2GOgvb6v7kWRXwtS9XXQtxG7B6XvAx0HzaDv5/1MlFlpgLNwgEA5Hpc2pPWe

1: CLIENT -> SERVER: XSKUYHVMZXTf8Z5nrLYM06lMAiFdf4dRQ693JdNZ/sifAAD6XR4UtBzU+/lxvywqssjdrdzR69kc

1: CLIENT -> SERVER: +ghPvWjbW6Jbx18cXGVCThoTL/PfPnlxUKrkWQ+oPZP+bDcBzK9U6uvlS2Leug4ODg7tkarHascw

1: CLIENT -> SERVER: lWwDKvWHZRycwDzkxhJLoHCzs8rqF7ySPcfK9iobFD4VdlawxkfS24xzZXBzqRVj6fn0Fw//bXyT

1: CLIENT -> SERVER: 8bbFH4dcXWR4FOIOw4t0Sf3t/HfTzxlv33D0y/GHceC3vw4ODg4OfUTnWbmGX6lGp1Umq7vmFhIv

1: CLIENT -> SERVER: jinaRiByiSLL5GaYpW7gKwmJIkvRteCHVhsSaL6qF8sQkN4jy5AkcNAotEWhjcT6RUia0vSJ6Rmx

1: CLIENT -> SERVER: ckEymj1IKJVZ6EAGClgmJ3uJCrxEVeGnVdYUCS9vWxNPnZv46gq8RLwlidT1oJdmgdqOcsZwMlpo

1: CLIENT -> SERVER: Sd+BYhRJ/ZhWmun+zMmergieOq8jjxLaEUxuiXzE89giBDZynYCXZakd8kvNr5spqcAK2JsgWjZp

1: CLIENT -> SERVER: 8JbV5SCEy0KCAlAEqgqlqgIesksO+sgfe4GagetZ31MP4B3yDrwUfNFP1Fe8uvoOeOVJuPeDjvmZ

1: CLIENT -> SERVER: OoH4OVANJ2F/ZzTxys0sm8GQ9tSobwMoUHiDZIIchhjLe3A52JG2MxvqzHzwytVV2nqQY9I4jhPw

1: CLIENT -> SERVER: U6nFMFtCL2dz6D8mXxrc7E+prcZ7yqAAZh0vjZODAphuyqxPVEb/S+JhF0g6ODisPWpPxx2/Vv/W

1: CLIENT -> SERVER: EO1z8464s16+stt3iqw+oWzPsbK9ygYBLitIS5+2qKk6heHGtyK4udTJIV3IPnP0S/GHjLct/qrS

1: CLIENT -> SERVER: dUVnBwfB3PeTD6az6qjxnjLmHoxviY9mv2e8Dg4ODg59RLcZ4eTY1Ni5XiXbHmd1P81SUWJZEp2I

1: CLIENT -> SERVER: gRUoEmVCRRFXZvilhQbIKl8sKPyOSVSKwK+j+FMkonDydY/WawfgFHmvUEGJhQgh8bOV0E65ggi+

1: CLIENT -> SERVER: YqcRVGSxoaVAHsWjBceZryZBm8Em4wipIMFOpH9tEqjr66F6QxKpV6eBemnqq7NBsn8WyglwYp4G

1: CLIENT -> SERVER: XhXjpwaqw8c+tUsK5vUjyYm1NU6uyLLUDiZOK+Ya7o7pRxj2snq+PDY6GkMOEgCYPrdl8KbXfIIj

1: CLIENT -> SERVER: EvGD13zZQYSRrCKLZVD5yH2IavCfgP8pL1X3Bon6WhCrrwd1dQ/c3/dT9az5evYI4o+CZlE4+z2z

1: CLIENT -> SERVER: FoJGR6HPr8HydU20Sw5yXsMLElcgyx8OQwzTl13R6EidQ/9ZftODCBXueilMjj/joM1wT4Iisos5

1: CLIENT -> SERVER: jT2jJYfVh19VPzBxif9O4+0buDQODjT4XdegMmvukfRLxrsM/Op7rfbKmis5b1pLjxmng4ODwymj

1: CLIENT -> SERVER: vl91tGK5a4isKa4qUWRNXuTfgOmJW16wD4jO8K83zmUo26tsEChbVnD2+/FJLSvo5lKnhvhY9vET

1: CLIENT -> SERVER: 98R/ZrzLQKsst1eWQ0/I1LOH/3f9lf2wzKIl1vwj2fuM18HBwcGhz6BMuSP8wN85tql6Ti2oTy7V

1: CLIENT -> SERVER: a7LtLmWLWomlBYwrkbNYQSX/Wi2IGETiObgsHb+foUKLiq0GCgkNMYX+0yHrGmgXIVwo2ywnE1wG

1: CLIENT -> SERVER: m8aoCEy7IzP+RQtUPIouy0cf+ypEP48hx5QhzoinQdxs93X1QL2tHqobkkhdkYTqxQmVWZ6qIj/n

1: CLIENT -> SERVER: jLSqq4G4h9Yi8shygyDWQ+97o1QIyueXthoF6hUs08FC7jDdfmwYaXPb73CTJM5Est91SDMQxCQ6

1: CLIENT -> SERVER: Rt+3vB9lDy102vPoxPuCRH0dLwl3hIl6CO5nvVQdzFJ1AOkOgaj4qttzFPgrA+/JHypTVG76Zjyw

1: CLIENT -> SERVER: PGGzSSVAPDgMM9hxlnpHnkv6mx0tDkPkB72HH62xNoEmQdw3i/Hco5F5rbUnD0Va7yheq7QDaBAI

1: CLIENT -> SERVER: t/gdrW1OFX6lsyXPesLCd5OOXxLzq++7SpYwWk08HnTmoviwd79xOjg4OJwykpmsoyKLQuhhAfdm

1: CLIENT -> SERVER: uqztshIabnnBvmBSlIIdULZX2WqDH5aULSu49Jz6rHGuCG4udepY2pv9M+Nsi2Gy7HQYcmTq2bnv

1: CLIENT -> SERVER: JT94+H/W33n868lvz+9JetrfiumYnvkOfro+5SyxHBwcHFYX3RRZ2yoT4a7YSyqJj9k75+9GiaWX

1: CLIENT -> SERVER: HaPwLBdBGtKwMsgitLg6VdoaSwuutTKlkS9BHi5LRmE5FSHyJ2kYyx8SyvAoUucfszNNw7/+wIY0

1: CLIENT -> SERVER: hAukoN8K+0mMKSbR2gf2DNsFbYwgvdAc9z/S+xXpnYhAUhhScE+lDKnMUXc0yEdP4xDiRBWkrSIn

1: CLIENT -> SERVER: hck7EH9eGqiXx6G6oh6qa0CX4wXjXIRNsGScNwEtkXDuJZyjDkrAFFzSMCSBpajQstVu6keE49AA

1: CLIENT -> SERVER: 8oryFCR8V8gnYAaQbRvSqMDeK0U6WfCytXLI3CPSEOZew1H4AO4APntDp+hgS+xsKjB9tLO2zKIC

1: CLIENT -> SERVER: IVNj4BXumybLDoJ4/y/5njqADnwsSNS9QV19LaypO/2aeoxLDeLch5H/BFJyn62MPEXiDc73QA4B

1: CLIENT -> SERVER: /GNdffIhrTPJm6hbirpKPJIhOQnBOgA0Sn274UCWYgcZvtNUBuEC/cd+Zn4WIvzCoy6KvEiKwJcT

1: CLIENT -> SERVER: 4Kdx8AfHDssXcij4LcRrytVlDyfs2FYkQeFaOsFechPhJ1VJioEYLbU6iE4vXzauG5XuN7KKgp1h

1: CLIENT -> SERVER: Anrnu7MPxJ823mX4duCELw4ODusbHAdr+9M9xrsMXM5tWPDeEqusiZd4HzBOh5OEP9lZGcg5A/cq

1: CLIENT -> SERVER: Wyvww5LSZQXnsk8a34rg5lJ9wdzMXfF/Mu5l+OIajSFPlHwUVD+U3WecGwrnlywPGm7PLjXONQeX

1: CLIENT -> SERVER: CcVz6V/O3Z++4eCn6143YjqmN8uLuj2xHBwcHFYZnZ8mSnlB6G+JJqMdSZBVxeYJ80dZVhB/FIKv

1: CLIENT -> SERVER: fDqJCaBI2AzBLcoYE0vwkS9WPJgs0t04BxJKCOsBEuG3RBgwnrQOwetsaWwb1Igq+BqBgFZgaCUB

1: CLIENT -> SERVER: CO1H0m1p24uJjQJLXhLYIzj6yCmkgxlKRdYmuLYgcAfoDEygz419dQm/VMQL3mvhfgncp6H4KXYT

1: CLIENT -> SERVER: TiFnQ/4YeRNTA10oFRw44M/a1clfmewV5dgaWkUeCdmaL2nDQremVWQVG0T0C1QSwa3bjS7hDuSw

1: CLIENT -> SERVER: ai5pWfi0IitCTBVERdYEaBwdVkU4rWMoa+d+aDM4z9Neou716up2v67u8mP1fT9Rz+MkR5GIyqxZ

1: CLIENT -> SERVER: z1d1ls9+BzOIXhx1sBZZ9EgtssQQ6g6iWjO/Cv7Y8UMCHNYNyANNnUre1NCciREKPyGCJ+GbxLgT

1: CLIENT -> SERVER: kjEsTNZ2bLERWKXtNWYpvycotlJfMXFh0FFA8vH58a70y4scSdqjcrq3UYQvpV9xl339vZqYKblr

1: CLIENT -> SERVER: 0nq2XpcW7CyhdnBY5zgqz+AOSNWq3/NLT6VfNc5lKFvObdB4axwZ13JUzwkuw1T3EuN1OAlUz1Id

1: CLIENT -> SERVER: FVlviPlWsna4Jeq819LJLitIuLlUf7D0bPYx41yGT63REqVcYr8Tsro6bpwbClwavhP8ir/FOB0c

1: CLIENT -> SERVER: HBwcHEpB+WAneL4osoLT46xezTLZtQQZ+LW4TqBBTzGgi9iwTbSUQAE1Ivm6wqXoFvDw59KCAike

1: CLIENT -> SERVER: bnqLp+MEoegnrD8PM2WMMuQ6zbUK2lwwJwaWBIXr1tqiRtCy8iya89ostkgqPyogTkKmQTtAu5Bn

1: CLIENT -> SERVER: J2gXws9PPXV57Ktr8bJxZeKrl8F/JvKNMy9KYlmcSvJVgEsNcit7urmPEolxci4k5GFZ9VqQX4ak

1: CLIENT -> SERVER: X65Y1f5upaw3sJWLwPVLo/KIQwvZ9rOwUQRzabVWqkIhLemLEGMHDkrJaT05h1wHwWffx/FO9OSd

1: CLIENT -> SERVER: XqK+6ydqL5jmObx7vhB46jAyzaLQWHKjDNSLr6XaR5BHyAUkKrIKtTGXkNcQcdqCj3n0n8MwwXaY

1: CLIENT -> SERVER: 7tky8HlCkl6U/jS9bH9A3HcvQhoq0qcQxGVO9au77ntJRq89JUkghWjnxsWGb4BhBr/ijk+og8bb

1: CLIENT -> SERVER: BH79vRZ7OzxU8hVxMje6XxHz6/VO8KKNsQSTg0M7fIEfB3ZAlqhVv+dr+7NShf5a7RfYim7LC1Zf

1: CLIENT -> SERVER: 5HVcLtahO6ZeGr7bOJfh6hJruNUGn8NlypCTXVbQoX/Iulh2PrwGyqzn5IPS9kgWsr3G2XdgPsNd

1: CLIENT -> SERVER: INpiSmQCDoMCP24INnv/eOzF/n+evj54cudNUVZGk5f6X6+c5v8b7p2H7Ot+j7t2OLfEyrR6lv8q

1: CLIENT -> SERVER: 43Rw2JDwAq+jwp/y+Y2EziMFn4PVcKuazE6P/cWIn3aLwJERhvr6WsHCcI5YpXhh0WtRL2HiGNOy

1: CLIENT -> SERVER: RKdwaAK7zqoASCtBuzzSAeKShQcRbboEP9rD90hSrtBCFO+kraDNoJ2gFyP8tch8bRKq69JAXYGX

1: CLIENT -> SERVER: PoZtAolsDAVSabWEcyyC9JKDSsW4FCQ1NegOewVFcmgH26LLW6jYdnogaLS+VgzqUIbbP51WKw1J

1: CLIENT -> SERVER: EkfrqTRTSeKp4+j7J9Gn9yPrN8Eod4aJ+i5oL+i5IFOHAqVmfU/FGUoB+ZisUKFFqxtakHE5USqw

1: CLIENT -> SERVER: uSylGObR+gp+h40B9rS2y7TcpqEVqBh3EETF+ARiq+ARLkOpB6kCGtkcireqw9Civi/9rnEuw4ES

1: CLIENT -> SERVER: QchqYa2tMxwcHDYWZDmmmnzbtgxruV9gO/x4iVXWpivCn8JhQwofTxX+pPejqiJTvWXYjfeEi0s+

1: CLIENT -> SERVER: RFhtfKLCTy/bgx+inOyygg79xeLjGZd1a4uyZf5WC0+XfIiULq2eIiva4XUU9nM/c4fBoPoi/9/v

1: CLIENT -> SERVER: eF/00La3hn+86TXBj1V2+OeaqI6gheb0G4Jf3v6D0ed23hTNhlu9XzJRGwZlS8j6kyJ6dHDYsAg3

1: CLIENT -> SERVER: dR7fLy5RAq9HlF1tZWxybKc/Wd+1WF8QIbOH1KLM4nNZiB4mLRF6dIPk91AmHCgmTjM1hxPQHJt7

1: CLIENT -> SERVER: K9l9svifk+TZaOCFi2TfEP2AdAgbxFKv0EvK6VJswxpC28uSb/YPQSIrzkk7mDtCuinQNrh3oF6n

1: CLIENT -> SERVER: I+a81FOX4kZ6A+jNaaiuxsvHSxJPnYb30Elk5byOV5Cg3kI+7bVYd5arr0JchcuyzzScqkE6Kqd2

1: CLIENT -> SERVER: 6BS+8dDaUrqtieYYSr4L6ZBMKxV0eh1LSyrub4b+F8KkGR3EPc9STJBPZL56Gv16N945vxIl6huV

1: CLIENT -> SERVER: WD0cJurJMFbPIuwgip7DYJKylCzQiix0KMeYFMcko0JLqzPktCBzcBgJGN45CUg/s9vBV3rJSQSA

1: CLIENT -> SERVER: +KCiNRZpDP4x+MeQhvu1WSuuIhhiF6U8+do4OAwGtX1Zx82kH1gDAe5aW2c4ODhsPJQtz1a2rNug

1: CLIENT -> SERVER: cUO9syKLCKfdXlkng7JlBX9kDZcV5Ie1vxN1Xt5y7sHkE8bpsMYoW66vbJm/1cIdZXOpuptLrWds

1: CLIENT -> SERVER: vtK/d/Prgn9qvCeNrW8Of3fiIu9/GG9f4AWqoyC8bM89BwcHh2FCx9HK870tE5vGz6iHyVQ9xQsE

1: CLIENT -> SERVER: Uur9sTARyEDyJbyRMuaSwm6TBJN+GYyNB573nCrOC6VmaUG9f5Kcc1nx7coCJBvTt8uznoDrN4os

1: CLIENT -> SERVER: uWRDGlQONOIaYJsZJRbjhBiEVFRWkqS90eogERKjr7VwmcQfePiVuKEAE7VJHGmZxSUGT0OBZ4DO

1: CLIENT -> SERVER: Qb++Cg/E6+NQvaUeqKsSX70k9dR2EPdYClg9HIuwftYZyaRuUkcTJrCeIrUBg1vLH0ZI07fQqYEF

1: CLIENT -> SERVER: 2EJ0C+gQrTDUpEEXQ6lctMrkHDoTSHbdMnyi7bQChEfgiwpYYEwIfYq+DkBJ5qsZpNqPhN8LaZUV

1: CLIENT -> SERVER: q2+FdfVgwKUGU7UfmY+irAWkyzhh0gVLf6fgIyHyoIB1aul/oOh2GCLoG1bTCtDav3y80ApYwlCU

1: CLIENT -> SERVER: D+LSgmPwaIsszXdUpJI/ZZyi25Sk/0yZuQNYWbUGBlv/IgmGtL4OfYZeU3Uo8FTJV8uLTydO8OLg

1: CLIENT -> SERVER: 4LAqKN0vEPPHtVhmtR12YLL6MyXL3G26MvyIcTr0Ck+dNfXK8CbjW4Zr13BZwb+plCtR6/vTPzfO

1: CLIENT -> SERVER: NcFkyUTRG8s2lPVCPNN56eOHS5RKqwEqQGlN2g7pnFi2O+v2dQpaYlXPDl5tvKeMyVeE7+2rZZbf

1: CLIENT -> SERVER: 2app6wrf3x0cHBzWCpRJt0UQBDuj8XDHUlz3uMwX50miyCJRKshnM+cEIIoM+dcM+lvDeLoWMmZe

1: CLIENT -> SERVER: dtikImsJhXLfHVp8BGmqMlIu2CZsfqD1FPa8y8JHGWydXh4sbCNz/StGp3zsWaoVdA/ooyFM0MRq

1: CLIENT -> SERVER: Am52I79R5N41m0AUNFPgvB300oRLDQbqraA3gS5PfXUOHpRTiAuQl/mlPDgTEHmAlnhcgrAGot+w

1: CLIENT -> SERVER: Gnzl0MoQpOuluTYEWlvMNkxrA+l+KG82HctfEr+PlOXecC9WEBLyPqbGAcfUDBbzODwLHnkQdB9e

1: CLIENT -> SERVER: Ih71Y/U8jodAx9GjvM/t/ewhvQwH9LZWRAT7epTpxgMOIwi5YeXJAq4A/8ChFVl63CdLUIzBfbEm

1: CLIENT -> SERVER: M19twhgyjtB23+g284d+trSy03pGfq2Z/pTB+PqNtZMqrUMMk/DlyZLz1Q6M7v5YDg4Ow42y/QKJ

1: CLIENT -> SERVER: WyI9YxwG/HCts1VWuFntDKe9f2K8Dj2gcrrfcW8xLit4+RopsqiM+N0Sa8DZB+JPZ6nquDTwIMB9

1: CLIENT -> SERVER: 2zphbHewofaTyZKso3LouMgrBgd+uNkJS8+lbi61TuH56pJ+WGK1gpZZOLhlax0cDF5e8uwLJjsv

1: CLIENT -> SERVER: v+ewftCJA4IwCrararapHtdFqEiJmB+AfFr6cH8bBFDQaK12OEEQsRnjKT3jhEELnumTP/FQrmYk

1: CLIENT -> SERVER: 1Xl6TQyLUdYictEai1/bV1C+Z86hofPyz5xCkwXrwgAWJz/iGG1IW+O6c7LXjh9DXJrNkjS0bmzd

1: CLIENT -> SERVER: ArpDTBgmVkxvyTRgITUzSJ7mMmkpw35GDhCFzZkIn03ZJh+PFZQ2RkK2Koj7Z+1OPfXq1FdvTAP1

1: CLIENT -> SERVER: NtBV8J+L829FOvYx60SFaV3Ik2UlSVRk1XA2LjVHXqOVGJVeusb6aP+sAsuS1AvlbSzYCycRaBnp

1: CLIENT -> SERVER: PziLwYDtS91ebCdtjZfzkM+8zKD3s+I9r7MzLXmn8CfJkJ6mWhgnAgSQh0LExch3BMF7UPZ3vVjt

1: CLIENT -> SERVER: 8WP1AugIJvkzoAR5JS0o8n0VgHwqtVgGiiWf+uxHkJwZ4Tyh5lGm0X8Ow49lFkfsN3vDgjLwGTmL

1: CLIENT -> SERVER: 4dLX5pfEDxu4Nx/Xzt4EmkCagLwpf1KSQEo2vOHnPIIgW9Q6hm0HaQu5kUQt3Hd4kbrGOJfhR9Zw

1: CLIENT -> SERVER: H4tRxTAJX/b4nY3DkmPqfuN0GBJwiZhgyvtAZaf/0VYKt3gfwr16PZK5PQUcRgJly7T9P1EsioVh

1: CLIENT -> SERVER: APdruowvHR3grLJWhslXBD9hnMuwlssK0hqrk1UNsfhE9jHjdHBoQtmy0GXLSTuMNvwpr+P70anC

1: CLIENT -> SERVER: r3R+93Jw2Gig4UQn+JHn3ns2ANoJuSj1m4qq0eleNdhSS2JRZDGlKLICCgcbwkMNihvxx8lekadK

1: CLIENT -> SERVER: 3zd4ak3Mon9FzSIvKgsUqGepCvWn+UbwqVNq2mgoXru9frSJtAtazSPB3WnCzew5MU2GgyUGNRLI

1: CLIENT -> SERVER: LwJz8tEXIFpH8DdBihTpNelu1mdFTgqP8VfNfCNw9tV0FqgtoJ2gs1NfvRL0ZryYvA10GehFsV4m

1: CLIENT -> SERVER: zMNLoW8UJlqorfs9zRKck3+p7J+k/8hxGjxyuiiKLAkpYFnARoDux5x4KIVNy8biHWiJfoRLn5h+

1: CLIENT -> SERVER: kdBioyIMfZ75IIwNnowRmQpBFURxuUEv8dU8ituHvnsgSNW9QV09GiRqH5eKAd/OoJTE8LWPAkIM

1: CLIENT -> SERVER: NAHHGJSbw1ZtQ/bnxgBGGvyh34Wn4MfYI7zGsQ1HKjMjOEMERUg3Bqq08kkOlkGeYly7+PUN3iZo

1: CLIENT -> SERVER: uwBtQwnQxmsAh5PG10uEL8nMyoQvuDWd5V6f4YXq6miH9yvjFwef3/qOaGbHe6PvbLsx/LPp64KP

1: CLIENT -> SERVER: tNLWG8I/2PHu6NadN0VHN73ef7C627/Zn/R+FMW4r3odhhJly7RRoXDXGuwZ2An/vEYb8fZwVlm9

1: CLIENT -> SERVER: g+3E9jLeZbipzsXoB49u1lhLTyX3ZLG6w3gdHJrwTbzjdkJ8LHWKrHUKzM9WTdkUbvGdIsvBwcHB

1: CLIENT -> SERVER: wGpEivA85U1WJipnelG2tRbH8rG8lgsiRiyyKHLsA1gI5ZQ4UHxJSnD2WdAxP1NLiMi0RM4kLkdf

1: CLIENT -> SERVER: 6jRSsI3Tfwm/7hP2c94BAutjv1gSRSdJcumcYearMdAUaDNoOvXVFjDSDmQ4C2lfDvd1ia9ujH11

1: CLIENT -> SERVER: QxypK+NAnY8020BUgFVAEYhCay6Lz3PUSSidyw7aKya1Ig9rF7lhYVvLNspK7hZygaVWoBwqEkSR

1: CLIENT -> SERVER: hRQBJnHosCrGiDHEcg8t6iFq6MvjyP20l6hvh7G6K6yr7wex2od0R5BuDuWkIvMM4Aq0JQ07fiXV

1: CLIENT -> SERVER: LMXymjusJTp1LMPJU+x79hlVWbzbwR3wRin4DMcA/FTFOMM9s8h+rneXw5ebqGNDDzUyL3MKkDUA

1: CLIENT -> SERVER: BXdf6LAcTryoFrNE3WO8PSGc7vzSfdWQWe7hbhlmnpusnOH/u61vjQ7seE90+5brw9+cuti/MZyQ

1: CLIENT -> SERVER: FZp7wtiZwcs3XxH8zPa3h3+586Zodvwl3n83Si0Hh6FBlqrvzj2Sfsl4l+HfVpaMa+1xfT10Vll9

1: CLIENT -> SERVER: QFk70cK7bOm81UQ3a6zZh501lkNncF+/Tkhryimy1imquzsrsh6em1QHZqZK6bZ5bszRHpXTV09J

1: CLIENT -> SERVER: 5uDg4NAPnJ52nrN5k9k5xtkXtDuT73neeDQR7FIT2ZY4TcTShSkpE9MKp17QeXKfISr1tV0NBZSU

1: CLIENT -> SERVER: mwjhDz41i/ijOMkCYrlnUkNRQtCh89FtqibU+YxF2Px5gSOMpobpI4wlhBDbqhnGQKJB0h1wiB89

1: CLIENT -> SERVER: QQbG0c8CFeBYAXE/G34CvAlpppB2C+hc5LsSLylvj0P1nrii3ppE6rXIy/XQt4MmkI9qDS5hmIAJ

1: CLIENT -> SERVER: 60hPRZZWZtma6d7XnKl5QPMBK9MJeaWN26EcjVZthr5fU8+TLqfG0ceNHCKUy0WOpTiiibnaoCg8

1: CLIENT -> SERVER: UUQdaZ5BwHfCWN0fxOoZpD+M9CeQbgmFpBRu4ugjrRjUiDJL91GnWnSG5o3uuVi+5QeShj5rv7Cy

1: CLIENT -> SERVER: mq9f2D7pjIbuxfYL7nbwE58RASglI3FcQTlV6mpMcg5B8qwogN7+9uPoIOUmY0MMLs3UCRMXBhvq

1: CLIENT -> SERVER: ZW1YlChl1g5LT43+F8RlyrMypdtaggosKp6mrw4+XGa1sFJMvTK8iUqtzZf7d3uBuswEOzisORaf

1: CLIENT -> SERVER: 6GyVdQ/mhLdF3Dl3ONDNKov3r/E6tEE3a6z31jvvRbaaOAQ++7lK5z3ZaI3FPd2M91TQcfkjvgs7

1: CLIENT -> SERVER: jCbuxjtuJ5B3cJjTPod1hi2VHf65xt0E3s87Sj58sHiCL7odUD/k9ql1GByG/AM/hyHFrpJxLtrc

1: CLIENT -> SERVER: fnw8WbSXKHqqGo6H21Q1mdLKJgkT8WKxavpzb6qfGqJHASdfIBuq1SJapsao1EOpngkTCTcqgggq

1: CLIENT -> SERVER: PigUX8AEkk94TiF5dslpHUyf6WXuGKDtRJrr1QhthRTQQjZ3u/TDhHZ1tyheQ9m1dIsn0CtoY7v3

1: CLIENT -> SERVER: 2bJTwU29ApUT1DFQuCyKLUIkyThmYCv0Ja1rNIFDcEqOhtwzq4pyuf9ZFWm3g9kvRNrXJaEosm5I

1: CLIENT -> SERVER: AnV56quLQKengZrIQpwPfIEyOS2kVVYNRDeXOLS9rzmRLt37DbS7VsYXqQy2vdqVs96wsmtkS3Os

1: CLIENT -> SERVER: 4h5XDcUiVVuZCtNUhQmtaFLF19AQabhlD7VTzPM8nHswWXtSlhfE/Y7MCygkZWGWn+jw0MtkNAAx

1: CLIENT -> SERVER: hjr1WbE/G6k1ESbeJpOk2qH/7IKVEiFo9rVDSQobxUFvw6OkP0z78f7V9zCJv+gN9L9WZCEN/jUr

1: CLIENT -> SERVER: 6NgIgwqJY4vwIcJEkWXIDl9kJ72vGhzrFLbdCLlmtkfmU5WV300Ow4thsVz6Sonwpf5CeptxOgwA

1: CLIENT -> SERVER: tJaafkPwKBVYJmhVUD0nuGzHe6O7K7v83zBBDg5rCioI4hPqoPEuwyhZZcn966kdxuvQgjJrLLYr

1: CLIENT -> SERVER: 23ct8IfVch7rlzWWF6mOG9JfLV8IOowi7iuxxlp8Vq36XKp6lt+Rr851fLVq8CudPwrq9X6eLbEC

1: CLIENT -> SERVER: zerquHE6OKw6RmlVDYeNiXajKrccCYMxf7rmx+Pcl0gC5Y/Qol4Rm4kQsUFFcD8d2VOHwYZkzxMv

1: CLIENT -> SERVER: 1UcpBZRlSMf9T7igGNMoVQfFzINoCi4Zr5Pr9KlVsjCNSPDoIDGZhzi4+WLBIyHRJr2lJnSMGBLI

1: CLIENT -> SERVER: xWuS67DXgh977bzWVipiWRzIHHIiWDbPw39Dcmq0J/+00pJ9pcn2s/S1pGN6FsaOAdGsxvIGwtk3

1: CLIENT -> SERVER: VGzQOmsc6aX7QJvxe2EaqCuTUF3DI+gVoHPTUG3LQrHq4j5NFFTb08ipWAf50xGNfb9YKojnlrqR

1: CLIENT -> SERVER: ECQ/4mhALrSQLgfdhlAOheFtcg89pEtboO/Axh9hW9KymA62Dk2NtqW6CiFwcroewyNKBHSKWFea

1: CLIENT -> SERVER: fmCqAGkq6GitdNB8UYf7BTj34EQvgKi4XkJBMfJmohAVB8+gKyOMwvNqr3EViAeTVsiENQHhORnA

1: CLIENT -> SERVER: KYpb/tmxSbLqtuBR2EJ4RKcvQoJtGYZsIrSAIe3buNDtqNu04WOb5O0Nauo+EpPgR8fb1tRjUATi

1: CLIENT -> SERVER: rglUkPLZwzQy5DOVKNKZiQd9DkJ6VHhQ08ggbxB9Ha2Q6+Ifo0HCjxLBtrA3kYNDObis4B+XKLLi

1: CLIENT -> SERVER: Y5lTZA0IlbP9/0hrqcpp/oUmaNUxfW3wq1OXBl/BUNLXZR8cHE4GM3fGv26cyzBKVlnE+IXezcbp

1: CLIENT -> SERVER: UACt1cqssbq162rh4SApfRb20RrLoc8IJr2OCpyXD3CJylvK5lJHVv+jIH+ys6Uft29wWB30Q/Bf

1: CLIENT -> SERVER: urfacbe3moODg4NF26e65/tRZTzYXPNqYUKpGJ95VkBGsRjTIIzBWpxN1/IHoxY76r928cwq8rlU

1: CLIENT -> SERVER: b+TPFDTIqAllilZbAcID0V6AWkRyncptH9oOLMySQzewvbnkmyz71vJnFYda3MwWNe0qTEOi1wih

1: CLIENT -> SERVER: M19V4eYqwBMIn4J7Au4qEm1B/EtTX12NB/474lCIyq3dWag2MR9K4N5ZYplhTqsF2JqKva9/HQYJ

1: CLIENT -> SERVER: 3fqmN+TmBkegs6jMChETypDjyfKQVGA97KeizDoAmsOgIvviMS8GGr1woeYorXjQeTUVnIWgBjBY

1: CLIENT -> SERVER: oEyryLBEa1CtsCLxXJpnLfc0A+GmXH1F+leDEZY6IE/SrmwHoth6tqmsMlpCJIFtd44fHAM8NUlC

1: CLIENT -> SERVER: B3IcoXWoLcemFCBQ+/ErZep0Nu26hbnIgAMtm2wDXPKoI9yeXWqcy3D+gIQvZcsK0jrCbWo/EExR

1: CLIENT -> SERVER: mTR9ZfBB4x8oxi/037j9bdF3/DHv3SbIwWFNEB/P/kOZVdaHq0uifB8G0GqIezl1ApfxDDZ5/9B4

1: CLIENT -> SERVER: HQhfXVBmbbpW1ljkqQ+PLRpfe8zcm67J+FyGMqtAzAD7upTPMCOY8Dp+iHEGP3IbALisIJXtbVFT

1: CLIENT -> SERVER: 9XRJ/a3xOawzrPZcHq+yw/MFh4ODg8Mao92oGlXHKmeG45XtS0uLIk+U6RGfyUVaAYxczSBXfeQU

1: CLIENT -> SERVER: oEArsGbhNRDOLMJuCiEZL/nNuRslNMOGLI8pVriYimQKzWmjo7lvGr/mD17PSoQF1mGPbEMqEah1

1: CLIENT -> SERVER: tGTblUddDhmPVhUTIO6bRaJSaxK0M8OsO/Vlv6y34eXw74DeD3oDOOEcpKcCjK835BkufRnjyCd7

1: CLIENT -> SERVER: gqPmFH0ODZ6zDDq9w0mibfPqXmCU7X362WfSbwigZd4sjo+Dl+4JEvU9P1XHA9z7SCizNMSRzbSi

1: CLIENT -> SERVER: HF6Ek5r7S8dptLpBJqnxCcgherlUEyJpLNc0SABH2/C8tPaxOho/eRQDbJ6NCtsGxbawSsSGyzaX

1: CLIENT -> SERVER: JUL6XScTK1CryJqiG2n0WGDyyq85gy0EDzFtKbeRwHZIOV6vypu7F3gdv/ac1jeqwwpQ3R1ebZzL

1: CLIENT -> SERVER: sGtAwpdbIs642mPh+/FfG+dIgx/NdIIXqWnjXBt46pzp64IHqEwyIT3hRsyT/kU9VH9Yqyyj36pF

1: CLIENT -> SERVER: ImBfyV4r/pTauvX68M+cMsthrVFmlfU0nu1/U+k8Zg0a/3iJNuKdse2NIa2yprTPYeoVwf9rnG2x

1: CLIENT -> SERVER: VtZYn6zUOishgJm74v+UJYp7HA0VLiyZJ3jhxlFkjZ3v/YBxLsOLB/RR0NdKrLHmnky/apwbFmVL

1: CLIENT -> SERVER: G5YtiTgKqJ4VdFxa8Ly0N4usT5VYZGV11ReLLL/qdRwTdpcpxQcIp5x3cGiPsvfVsvfc9YhlTxPP

1: CLIENT -> SERVER: 86YmNo+fF01lW+MkyVf3YsJ+NQ3Lsp+KF8mWzyF80UvVHGjZawo6qOwjc8Z0R2+pNjLYurZfaAVR

1: CLIENT -> SERVER: 7K/cOEY8IHFYWOUViT1p3frFgL9yj3koEcScFYSOg6aE9E04jZgdoAuR4Vpkfw8eaO/DJOD6LFAv

1: CLIENT -> SERVER: A+3AifVrIxVZ5JPMnE0Kl5jOsJUv1rsTOr/QOADoG+osZTlButFcOEhfFHufoMKBVnd8PWVaji1c

1: CLIENT -> SERVER: 7PkheB4ME7UvSNUM3IvoFt2PLZCg1vDiGVqB8ELlUqHMUMOvgXI5aSorLkexDnS31smip8IcAHsn

1: CLIENT -> SERVER: 8mhbtOnupAfEbdYqiB0H0YpzDGQVWbQUtemECpBxx5DDqSPc1Hn5lotLXlJbQSF8J3hB570j1hO4

1: CLIENT -> SERVER: F1Kn5ZWogDhnAMIXbmxf9vK89Hz258Y50igTZEU7OvP0ILD5Cv+Wyk7/POMtBZVT/21xTO2dnVR/

1: CLIENT -> SERVER: MTehfgnuH16qLKOfXqqqj8+Pq3uQ7jYcqfDqRanllFkOw4BuVlk/V6nJ2DUMuBj3JO+vjqioaOIi

1: CLIENT -> SERVER: 7y+Mb0OD+/GVKew5vq2FNRaXFPyVLsrRxaezDxmnw5DB89UlZcvx8h5dbdCi73dKlj2tPZ1+1jg3

1: CLIENT -> SERVER: LMqWNixbEnHo4alzw63ei4yvCVTK7OiPgqgvFlnBeGdF1lkD+niuG5xy3sGhPcreVwf1wcawoPVq

1: CLIENT -> SERVER: PT/wt45NVc+MfW+cO8UTfE9gQlLvli5A05ht0zNQK6P4q33aIotfzutkmVoCncCEQJaOaHrowY3B

1: CLIENT -> SERVER: rVM9dHnd0C5VczkbF7ZtNDX+lreYaLREq9WItRZb2rquqM6QBb7QlYix+YQQiBj2P5UcVplFy6wK

1: CLIENT -> SERVER: KIJ/E/wvhpvLDf5AHKkbklBdAvd28AWt9XJFlpSNxEVC+HI0JSiB1NiQQzuwBY2eSAUguV1B3OOO

1: CLIENT -> SERVER: JKJR+BnOVwha0IyB2LfSWaBDiNwTJuqxIFb78SLJe17P9zTftYVESCEFKsKG0SoFvFcgVobLlpK0

1: CLIENT -> SERVER: n+kxpmQBCKOcqZeFdmmOJukQG98cokNtykaORvqNjuVtYlumcTTjh3n+SHfQga7hkMF9sagMJR/x

1: CLIENT -> SERVER: SL6S11MWUKSmczV8jZD1C7n8EbjSrYX7bBn8EX6hXQGqZ6n3GOcyvGMAghfiE5XOG9u7ZQVXH1xO

1: CLIENT -> SERVER: sHp28Grj7QgKeKmQonKKgt6V7HVBIR4VXl+bmxBrrW6wyiwMJm7PLIc1w/E74l8wzrb4jS7LwA0S

1: CLIENT -> SERVER: H1yqliqKJ18Rvjfa6f0r492QoHKc+/EZb1v8Itpx0OhlScGjX465FCK39O0bBmEZgXnz4LWCa4Dq

1: CLIENT -> SERVER: i7yOSsaypT/7iVIr0ZqqUzlvfA7rDP64d6VxLsNlPVpjUZneCfN7Erc/loNDAaeXfQw7mbl3lw2A

1: CLIENT -> SERVER: Vg4Ifd/bHFbD6UTFUZpquwgm0hY5+o8+isjEgMHOs4yEkEs4yR8mhVqh0QDdlBuLIgqTfasgkSLh

1: CLIENT -> SERVER: 0PP/VGU47xLKmUPiBYRxyTgWLqVRkimJkYnBhAkSiDJMK05ysOAmMuFNGR0EbBvbLMXmyd3WwYQg

1: CLIENT -> SERVER: 611GtpF5bOkPJGjmDMSh37iOZQj3GOK45CCXECMHUsSWoN+2gNlemfjqDZiQvi4J1Xk4jiGc/JHg

1: CLIENT -> SERVER: fDyD/dVqh+azNipXRLuwVujyZO8e+LqlXndgXxpq3EL6T9oG7SJ73IHYjwxlj3NssOkJKsRDUAUB

1: CLIENT -> SERVER: 3OeMexsxP/vuBT9V3wtj9RwmcQu4tVOP9zcdeqxgoUxuFVHGxwIa0AkM0W3q1JJOhg5D7ExaBub2

1: CLIENT -> SERVER: hnZcMdeiiWlIGK9k/JEEJpxhuhzNGIzTB6kqnGaU28Bgmxhqaisc8v5iAO8vKrX1I0HAbE3IwDsY

1: CLIENT -> SERVER: I9JMVUGR7K/IvdQIfdcL74FsVn06ngMOUNMp1y2WNdxQomwZQq/inWWc6xb8gpj7pxjvMrwpXn35

1: CLIENT -> SERVER: Ey0ayr4gnnsw+YRxOqwCulknEBSO/6mxrjrVr8qp/KK11t3zE6UWkQSVWbQUM14Hh4Ejncs+ufRU

1: CLIENT -> SERVER: 0nEpN1qSfm5IlhjkvXXzYrkSZst14a9vWEtHT50jyvEScDnUQVght+Lm6lLpkoJzj6Rfio9mv2e8

1: CLIENT -> SERVER: fUO/LCOuKnkuhNP+Nca5njG56Yrwp4x7Gd4ygLkUlaG/W7JE8+zglmju+BHYSpYZdlgZom1ex/vs

1: CLIENT -> SERVER: ij4oUvG+3BdrLAeH9YJdJR97RJt9Z7W3AdA6SwqDKNgajfvblFevpFQIIYUIa82fDzdJW9ZQsC0i

1: CLIENT -> SERVER: /hbJoJUYFknHcCbbBCkDRx+loyydLVO1NFMz8CwxHnWQ4pGMReVSyhaSOBLOoatDoXoeCPBEEqGD

1: CLIENT -> SERVER: ilEOBZh2EuoEG8f+s2Sa1lCLhL/JKU0vPwjIO7hB/KM1Fq20KiibUwBmHUfci1NfXZmE6jWYGOxA

1: CLIENT -> SERVER: Xi3+xh8KtMTCtRIDuZiRRLScR8gC5xFqBylrY6JdUxH0tgQJbDj7UHjAEpuQQwoKChHH/Y7YRxle

1: CLIENT -> SERVER: Hl/wE/kSaT/cS0haw8BTQzrupcU07GEpQPpIOy2xazTxHEWyWajsYDk6q/wIWUeB//JIZm4daIoo

1: CLIENT -> SERVER: hEtWjjl5LYUciujWKrqP5eMHtKcoF+GQDx7yvqTCKlUh+nMc/nEcOT4UXw/sWfR4gHKQV6spUU7h

1: CLIENT -> SERVER: z8KmJxhqh4B2NLRg3Wz95CIM565mnXn79gFlyxBuusz/DZxnXX9RNXaB91HjXAYKHK6I+9LMpSiz

1: CLIENT -> SERVER: xiLq+9N1sawgMWx7M3iBuqybdQL54DML4+qdtciE9AcUFnNZwtLl0ABailXO9v+j8To4DBwz96Yf

1: CLIENT -> SERVER: NM62+OgQLTF4eRyqn+kiNKcyB/f+pca7McA9AK8NbqVy3IQsAxXrP9qDtWi/cVsUl37MQcx/Nynl

1: CLIENT -> SERVER: wbVG2b4Y01cF//d6n0tVzvA7zqWI1w1AkUVrLO7d1wmLT2QfM85VhRd1Xpb76i4frzicPCpnqo6K

1: CLIENT -> SERVER: rFf0qMh6IOxskVXblzmLLAcHB4cCWp9oERVZlclwRxLGlSTTFlkBUgUehYFaHGhh5WftH9sIpSTN

1: CLIENT -> SERVER: kqTqMNFiMEhiMRmj/mwxzdRR5KEyKwUZMadJzHT60A76bPqvAZvX5BfYejk0gRPiInWEbT+0tE1u

1: CLIENT -> SERVER: QvK21lJpTb3AfoGGySCF2pGfqjEcxxFUxQkqiN+SBuolmIy9ChODF4Om5Fy2x019WAbQ4NdGzU4G

1: CLIENT -> SERVER: J59zY4Otb0l3AcYRUMi+hDeQSX+q5r1UPQt6Hv6jSDwPfqnjTV8rmZiPowBt7/RosAzCfMtJhp8E

1: CLIENT -> SERVER: XADywTNapUEVGo+EHlcaY4sORS44C9TunAi3ynKbQpfl0IwO7SdobjnbExZamYW+kv7UDywuS8nx

1: CLIENT -> SERVER: YBI0ATeJ4exrLodLkh7Bv5RF6z4Zg+hmwAaBfKm0OhdcOb3zl4evXIHy5fySL6+5XxAFX7iEdSmA

1: CLIENT -> SERVER: 4d5YZdZYP4J2XMnScSeDbtZYsw/En8bQ+13jHXkM294Mm17j32ycbUHBLpcCXE0LBS432E2ZNX1l

1: CLIENT -> SERVER: 8EHyq/E6OAwUWaLuOfGt5I+MdxkoPB6mJQZ/ebF8iUGxdLwmuGW9PtuWwSixuu0B+BsYi1b7mdeK

1: CLIENT -> SERVER: p4JUfbha/jGHLCmYqseMdyhRui9GRUXreS6FF4ALpq8OuOxjW1Cx3Kf9iTqimzUWrUrdEs3rGpNj

1: CLIENT -> SERVER: u4OOCsS+zOH0VvAODg4ODgbNI6unIj/0pr1Jb1vspxVZWtAICa0IuAFEnCpQnOgtSC1Fz+PnkJeq

1: CLIENT -> SERVER: E36qUnOq3ue3zFCs3+pOYDYmTq3/2SPNvULLKtpbWDsYlA/m8/xMhTjS8oL7Zk1gMjqe+moax7PT

1: CLIENT -> SERVER: QF0IOg1+spBWdej8DmuLYv+29jU/nKW1HS3twoBx5KVUHQftBT0DPxehpxJSq9IJzRlaZUQwvN3g

1: CLIENT -> SERVER: 0QK+vIAy8Ah3UvJJWWioeUTLi+SxbZE8tz1/AzpkebjDSQJtr1uz2L8kPUJUQWOgCYTY/fSoOiGH

1: CLIENT -> SERVER: 5Pd/u+7o2K8OawXudVgm8FvHyqwpsTgrwU/UVn+fkG7WWIuPZaVfOY8iuiytMzBlVjjt/ZPqOcFl

1: CLIENT -> SERVER: xrsMrOfvL4wPRLDbizJr6uLO+484OKw2lp5N/1ltf7rHeJeBSwz+VbVmfGsL3rN/sTBmfO2x3j/U

1: CLIENT -> SERVER: yNGjEotLpw56SUEqH35tbLHUimbuwfiW1VhS0KJsH4+y/T9awSVnLytR1lh+W4+WgFOvCP5f42yL

1: CLIENT -> SERVER: H+6zNXM7dLPGmn14MNZYDmsDv6quN85lWMn+bA9zw/EOiGey+4zTwcHBwQFomiV5yguCyN/kjast

1: CLIENT -> SERVER: cVqXkVcb0mi7Fk29vlR3Tmdj+H7epMgC8cCpwAJcRzApmEFAwnQM55EJ+o7Okw+HUwE7y1IZdBra

1: CLIENT -> SERVER: YlBxoQXSWr1hf2idFeBI0R4teciHk5i0vwgT/V1gCvIp+SRGGqo7JA+zOqwadCs3k4Xu0TYwidi7

1: CLIENT -> SERVER: tMaKQL6Z/M+DnoD7CS9VM2JKpRUTticbv4UBI6c2QH7ySf6XWSUWLXy0lU++bB3RtUgmtOSwWrDj

1: CLIENT -> SERVER: vPQ7+4hH9ofwSSLKrApiORZQVETrLHIEYzl2SA/hR7KYvwYkVjsd1hwU+H20y1JCuQAmUteZoJHH

1: CLIENT -> SERVER: 1KXB35QJ9qhUWO0viLmU60ayxrIoW1qnbEmervDUitZj33Rl+BHjbAsuJ7jaPFAElVlle2ZR6eas

1: CLIENT -> SERVER: shzWEjP3pr9unG3xc5Va6Wb5gwQVC1TOlGE9KxcEPSqx+Lzr99KpveC3x5bUF8oExyfUwflHs39k

1: CLIENT -> SERVER: vKuCsn08yvb/aIdf74Hftr0lunU97dE2cZH3P8r2mKQS4VT3lewGWrZz7OkEWmNxrz/jdeiO1V8H

1: CLIENT -> SERVER: ss8It3Teh65s/7pWHDfykHbIkuyYcZ4ywu1Zx2dO2UoZDhsMfdpGwMHBIvOyvo7vraOVF4RB1Q+z

1: CLIENT -> SERVER: qSTRAg4tDAThpyjz7QVMr2FLaSgXRJzI8lADHhnOu4UV4nf3dQRwxJ4BUUGhbTGQSwZ5S53B8kit

1: CLIENT -> SERVER: WJ6ze1kO/Udz32glliVRZoEx0jSQZeEymuR5eNngC4d5yPPVg0uMbcFEn9ZZXK5O8oGB+AweoPxn

1: CLIENT -> SERVER: Q4P9wLaWe73Q5uwmS6KTIiHcEm90KieplKCCkv910AuIegrhVGLztYD2AhRLsGhts0fYkxVO2ALW

1: CLIENT -> SERVER: i/lyRRiXl2NuMIhHfgHxKAm5lil5S/iLR9YQcaJlL56D4ZZaUAi2OTqkdChB3mam6TP0QSb9ZFsS

1: CLIENT -> SERVER: R+EbrdjmM4P7rbHNi21t93XUvcEY6WjttORw0ijbT6hsH6J2oACr254iFMBseVv0+WDK+wkTNLKY

1: CLIENT -> SERVER: ujT4SpnghZY4g7DG+nCXpbjWozUWsZvjSQf41c4b7y+Dp86iVdX4+f6ntr45fGbn+6MneaSf4SZV

1: CLIENT -> SERVER: WzA+3Kx2Gu8y/GGtMnDrBIIWYGUWa84qy2EtQWHw8TuT0uU4f3x8cWj2y+KzrZul43pULhD88KQX

1: CLIENT -> SERVER: JRaV51SiDxq/h+ffH4fl+2IdvyP+BcwVDxnv0IP7s3XjNy5ruf2d4WfDrd4vmaCRRfVM//cnXxG+

1: CLIENT -> SERVER: 13jb4he7KPf6gW7Lmg7aGssLvI6W5dMlz/dBosxKCWNHR6XQsCI6vXOdV7Lc+h7KIDogi9Ve4zxl

1: CLIENT -> SERVER: +BW/I49MDgmPOKw9+rWNwGphUmQ87eGNZQNfLn5QCLZ1/nByl8gu1xZlH49MXBj0dXxvulrPU2F1

1: CLIENT -> SERVER: vLop9Wpj9bguwj6yiFhlyQ+CuP8IwkkWDTZiIOI9S/BSoGiEitoCwmRmvMlBMCkX+uJeXMxTB9Ea

1: CLIENT -> SERVER: a8YItKnIspY2Ih0XMhlJBRSDbRTr0qgXz23KylF0O6wE0s62S9C3eR8XqSVd3tymv21nST/BkcKR

1: CLIENT -> SERVER: pJooyJbkfDmVhzyO+Of0dAuOm5CWey4xjbbogtuUpc9tiH4BHZYIm8ahDI0+1i0nrQZHkRjBg47E

1: CLIENT -> SERVER: jyEZN/iHzCQWwm7PlVPInICOwf88aD/ijyGerwfcGYv/TJNbUPEkhXJkjCmEpaAaaImEE3A8SanM

1: CLIENT -> SERVER: 4gBPQabRckly+cHoQt4SkkBNOBH5kXVvgG7jZ9IiFdLRlbOfQzOkHy3RbxpKgtjatt1BSENitDQl

1: CLIENT -> SERVER: nOwaDgch+pP3Pt2atxCOSPIDE+FXyrVjvn1+sSDGMl6n0WXLaTrQ0IJ1M8RDg+dyR99Rtp/QySyF

1: CLIENT -> SERVER: xj1FyqxBiHBMjW+7Mfzzytn+fzRBI4duSiyCFmqrbYnDJbjuKRH2rldrLOKskkn+5teH/5ZKJi9S

1: CLIENT -> SERVER: 1+Nm0i8KONJPCrd4H6qe6/3Z9BuCR3e+P3p261vCP5p6dfDD4VbvRUzKI/0Mn3xZ8D+RV8JbUdnt

1: CLIENT -> SERVER: v8c4l4HLQ/3wUrmV4mqBfPfhemfLCFpl4TF6ifE6OAwctWfSn116JvmO8S4Dl/f6xfEFWTZuGEAl

1: CLIENT -> SERVER: TbelpaxyobKrfLnZUQGVJDveHd3WixLrj+dpUz9Y3BbFpdbIBBWmg7Ci6bdAqptlrcXWN4e/S2sm

1: CLIENT -> SERVER: OLlC98iBSqzNrw9+wXjb4rdq0ap/EPK5Sl2WNe2EtbDGCjd5HT80u3iFH5o59ITJMuHsSiwCy+bl

1: CLIENT -> SERVER: eJ3rmyJrFNC3j84c1i3KxveyPetGHZUdnS25B7mSxzCgiQM83980sXlsV92LwzjRXwWwOUSeawRi

1: CLIENT -> SERVER: /DWqhJMG81KoqN0N0S8rQ2WWj/PFOOkcjicQxv2yaiBdI0AqpZ1SFn5sGTa8CRKmBZkOq4O8S6RD

1: CLIENT -> SERVER: DLVBnq4VJrCYlf2tlVk2DA5ZBkJzTRWB06DNCKpm2v41BQeRrO2Ozsk8JIuOtXBYAYpCfpFdW+oA

1: CLIENT -> SERVER: 6QnE6x4ETHr2G5UR1CFRcXUQsU/Dwz3y6l6muH2uGOTISTrAlMWSqfCmReciWOA4Cj+M4zHQAsK4

1: CLIENT -> SERVER: MJ1WZiEpiLIOGYE8vIj4CaKo0LJlaQe5rSOkXjaVTWl9jNJHh1bYRl7etmwv3T28j1vTmQYHIsSP

1: CLIENT -> SERVER: oS+rOOrXhMYIjx5GmM6X58jQt3A0FFnrHH6AJhBTxH6joxKry/5DHUHlFwVavQhgpq8MPrj1rdGB

1: CLIENT -> SERVER: blYvQ4apXpRYFHiu9hJLXHqrbBkcYmFP9kHjXHco+4qQVlJUQu14d3QrLax23hRlPNJP2npD+Aeb

1: CLIENT -> SERVER: Lws/UDnNv9Bk6YiJS/x3bn9b9EAbS4vJyYv8G4x7Gf75AKzxykAlWtl9HGzyOu4F4TCaeCrgE7c9

1: CLIENT -> SERVER: Fp9Ohm5fjpl70tLl3rhc3M3V8v3/Bol/s9CbcmH62uBX+ZzABOYCEzRqmKJyhEoS4+8Iq8QaxB6A

1: CLIENT -> SERVER: RVCJ9UNdLGgW9qS3UmFqvKuK1RBI9TqXojXTzndFR0ZsLiXLCXZTYvH6f3qVrbE4bn60y1xq5t50

1: CLIENT -> SERVER: 3c6lHDTK9sfq5T50aI+yj86CcafIcnBw0PI+Cy+Mwp3RVLRrKav7aYoXGwr7MI+yFgv2r6gSOqlp

1: CLIENT -> SERVER: VlMmChqtwNIItcXtqUXQDE50AqQtM3huI4G29cgMMQ8qm3koi5Xm5NhWUhxFstDn0eSwtkC/GD4r

1: CLIENT -> SERVER: 9pHtMa7+pgEfXlJ9pCNV4Z9GKC2zIvNClICLuGCd7ldk1NoKgCV1gpzFkEMR7e6Qdq3U2nrW3xrO

1: CLIENT -> SERVER: wlLcoyTesz7+qJQIOBwh4RH07zN+rI766En0HfPKnmmmEGZrC/azn6kEtASaRXEHg0w9jZeNZ0AH

1: CLIENT -> SERVER: Ue4c+EGzkifJtWbDjiccYZrHODsuSaWbqBOKdj4cXp0iqwHdouXt19xa9Nl98/Qor+NZQoTfCSE/

1: CLIENT -> SERVER: X15Qp2qkIWzv6lD+apc9rE+grcIs8HzPDoR9g1eyj1DZ/kPdsBJlllU4bL7cv3vY9+1BD1w2fV3w

1: CLIENT -> SERVER: QDclFpUHFHiuJmil0G1JwaNfjj8M9hmZ5ZRWCn4de7IK15WClhabrwlvxh24wwSVCj1ojXV9l6Wh

1: CLIENT -> SERVER: BoEyq6zotM71dxhNzJU8DLNFr2/7cvQLWaLukXGqBLS44fJxw4CVPNv4nNj5vmhP5Qz/38E7qUOH

1: CLIENT -> SERVER: H7TC2nlTNNNtqTeC7TCsSqzawfTJ2QeSnzTe1UbfPwoiLL91swQUVFTEuRStjId+D0RfXUBFbzce

1: CLIENT -> SERVER: Y9v9xiovV8m51K+Bl2gB2gknvpX8Eccq43VYj/DUueE2v+Oc6A0rWH6tbH/H+T3J7cbZF2R93qfG

1: CLIENT -> SERVER: wcHBYS1QnFVHUSXcHlSCzWnd97gvEZ/PIjSGQy/blMqxoRgA8s/bbZgW5OZ/IqyW4JxocUXLK/7R

1: CLIENT -> SERVER: REMvHcUovecJv6TnnkdcamwGdBz+BYTHcg4qJrRYk6R/ddGsrBWQiwAaeSWNCKt5PUYQKuUgrpUc

1: CLIENT -> SERVER: Th62I4roqW2ZSYualRcjaQJKNSGO++DQ0pp9J/0Iv+ytBMoQQZ7cjLDTEcVpK3mJyxJybx27xCBZ

1: CLIENT -> SERVER: QVdDCpIylle2XVgLWJilDQRzJ6P92Igm0DQXvS1BTa3Y2mQ80G3vU1nuD+Sjv6iM4IB0AjzwfBCr

1: CLIENT -> SERVER: 436Kd6zGTpNSrpwAP4YXGoDb9G8KvqiB5oJMHQhS9RQmh4+jvGdQ7iGUudSUz8DylyGOf1ZJTkjN

1: CLIENT -> SERVER: ihfDYBCvh2QYTBNC5A/pSBzLHHqAaU/yAI+mifV9LEQfA3W7VtDWVGSNw02lFv90PNLpf/CXXmZS

1: CLIENT -> SERVER: /gx/2PJtca1gcCuNHmSc5CqL+eX2C6u5/r4VwHTbM8uCS51tf3v4l1RoDeNXxRRG7nhvdHe3JZYo

1: CLIENT -> SERVER: ePnMwuoL9ri5fdnSJVwGJz6a/Z7xrluUKWr6jWiLOmP8Qi/f16dsU/D39sj3q40bStqnsjvs6/rm

1: CLIENT -> SERVER: Dg4nA45Tcw/GtxhvW1CZxWVUhwErUi4A01cHH955UzQ77AotKj+oBOnFCosYZiVWOquOnvhG8pOY

1: CLIENT -> SERVER: Pj1lglYVq/VREMH2/TjaudueWRa0MuZcalit3UVR+r5oT7cPgoi/WBhb9SUFafFJy89OqO1P9yw9

1: CLIENT -> SERVER: m/4z4x0ovMnsHONchtNPka/WKUK7fLQlv6JuwLz9o5aqZ/p/MPXK4FbSpiv874i1vrHY51htylmG

1: CLIENT -> SERVER: q/s0p8M7b/laqCtEv5ZCdFjfKNtnqmx/qkGiy0cfHevvsD5gn2iUAY4HUTDtVbKJ1Es8GilQ3qET

1: CLIENT -> SERVER: gEnwr5VZFA5KYGcwEYgytKIwsCg+EZkvAiiQFOUDYvmnF4XTCi0qJOaR8DiF0pgw1E0qK6jMCdCq

1: CLIENT -> SERVER: EJZDBUagLTh0VOPEUm+KRI0zdzVCHAYN9ij7lcorraBqIqSgxU6GyVfGiSn1XWBO9jLz+AiiRdaZ

1: CLIENT -> SERVER: 6OMpEBUiKUjSc8LmaZVpo39zrnA4RRTvnGILEzIEsPNaI+Xe1T3Ob4/Yk1RVsY/5G+J+X8D9/oKf

1: CLIENT -> SERVER: qAO452vIJ8oupNJF6Dtd+pFdaanhkHPFoFnwz0Ecqcja48eizHoOc8HjKgaPsAydFowmDiQHYXyg

1: CLIENT -> SERVER: EktqqEkgA5a9IAtmwIH5Jd4Q2U4OHAHhsPVy6A40lTx32LRsuiZqePgXIE0FjFYxvCNtjTBhMXSb

1: CLIENT -> SERVER: VUTKM0M612TvhsZpes8zjBDNc/9rv9rr71MA868XxmR/g15BhRa/KqYQhoI/3Kpruo8PBUGsS9kL

1: CLIENT -> SERVER: roVVYq224OVPqktdN7ffKMvgcPm8QS75MvXK8CbciWfRXbYpeL+EHqcKLmlF67B2qGxRp2OwHdWl

1: CLIENT -> SERVER: zxzWEeYfyd5Xtl8WwWVUqcQYBqxUuUBYhdb4S7z/7oXqahO85uAzjgosKj96WWqV4Acqw6rEIo5+

1: CLIENT -> SERVER: Nf7prK6+aryrjrJ9Xsr2h1kJuGfWH9Z633PRWrvvfFdUG9vt/cmwzKV6VZT+N1zvagviyU/d9ljD

1: CLIENT -> SERVER: XOrXjXPgiDZ3Xq5yV5/46lRRxt+ytLNVFPVIVC5ZRVORmpROnalul4+2tP1d0Renrws+Ymnz64MP

1: CLIENT -> SERVER: jb/Ev560kr13VsKLc3xP7YC0lg6dZbTD+kcZr6/2O2uvKPvoo+xjkVGFF3S+pkG+13bDoBSM9oo9

1: CLIENT -> SERVER: T3njYSWcVn42liWJl1sioB5WHMY6CcErsZ3G3EJCm9aSQDzaskY88s+fTAUgTvEpqKzjxCeQ5jBo

1: CLIENT -> SERVER: BsS9cphDfkDMbosQcR3Sc1lBIQbzGphGRxqyvw3YIhxOHc0tvTIwjxb+003FFlWTcC9jQE94JIJz

1: CLIENT -> SERVER: DOE7QGcg1yYQhdvs9hiklZla6N3gAcL2eEOpWSSH3tCu7UgEu6kJbG4LuS9NH+DIe5hWS1ReMIzL

1: CLIENT -> SERVER: Ah5GR74QcJ8s+BHGe7rJupMwRTTKAwyvsO/52noY9BSCvh8k6rtBXT0S1tVTfqKOgLfy8QRp5S8D

1: CLIENT -> SERVER: 97UpT1woQxT5cMq12YHHJCtCK07gIDkAtjFsg5i2awNtxcajHgskB350/9gy9H1rFV6857U1n6RC

1: CLIENT -> SERVER: NAmBlqRAyabzm3O0BdO10ihC2sD8mSvvFwb1tSf3N6BQostkqAkUwlDwt+N90UMUskU7vF8ZlCCG

1: CLIENT -> SERVER: 56ESTYQubwn/iHUxUR0xKCUWBS+/UuGI1xlcqqvfy+DEM1nH/XUeLvmaeRBYiXVEL+ik+LGonO5/

1: CLIENT -> SERVER: iMdR+RL2zSV1CSY8Z5XlMBQ4cVf63vox9YLxtgWVGMOizCKoXPjTFe7fQ2X4jvdEtw/6uVYEFWlU

1: CLIENT -> SERVER: blDJwWdcrwosgsoUfqAyrEqsE99I/iBdyD5jvAMBxtHzjXMZyvaHWSn44cZteN6tZC7FJQc3XRH+

1: CLIENT -> SERVER: 1FrMpTDvPovnW8lciuB8cbWX5r077M5Px+9Mbk7nsk8ar0Mb9JO/CQrcraKpSCtROvUbK51fPh50

1: CLIENT -> SERVER: nhPHh737jXPDoOx9suw91MFhXcPvrATaOuD5VRkGpWC0Z/E9zxsLKv6m1Peqcax3iWGsGBuYRBoF

1: CLIENT -> SERVER: uVgX8ViKeJvaUgOFEBy0iwLKjFsgidEFXzuO4eS0qpgFcYGIplcRZGLddP1oo8NsogLRoSxUngs2

1: CLIENT -> SERVER: FWl5w5paOKwh2CtUJNCiim72JgkTZ1FgiICaMJ3F6QFfAzehf3fgZtkF2oIcDKPsWvOK7e/WPmch

1: CLIENT -> SERVER: lpq5w2EwsIoEaXO4bS/xdqUSch7Hg0i0z0tlWdFymMIIOFkmQ2oocRa+FxDwKAaVB/EC8mBYU48E

1: CLIENT -> SERVER: dfUs/CdwwjrPmoGbMi5OJ4uagjgO6dGEJXG+LeMxqWleyrPoNA03R87cjsshR+93mFYoYhxIta1e

1: CLIENT -> SERVER: wEGgJb/uIw22PHst7xrpDvygE5hGd51Rc1HYbLtrXQMcXPfiLBXDx75ebWVXZ4us80omLicDCiW+

1: CLIENT -> SERVER: MD9xUgoHCtm2XB/+phXEUAAXTHkfKPuaaYWQ5UgocGH5cp6rgw/3KnQZlBKrF8ELl+hajSUFsyTr

1: CLIENT -> SERVER: +BXp8Y7a5MHAWkdQ+NVNCdUJ5EsKpO8Gj/6vuclSS4vpy4OfH5Uv6Qi30bbDSCBTT524Pf4gl4Uz

1: CLIENT -> SERVER: IW3BMZBWqcOCd9YiGTdWOvYUn2sU9FfP9f4s3OJ9iM8iRPd3GR1PneuPee/hs5PnoiKNyg0qOUyK

1: CLIENT -> SERVER: ruBzjkoUKlMGDfZ3r0qspefTXzTegaFyeucPAl65gr11egE/kvja3ETPyzYX0cpz+VxK81xfNEd8

1: CLIENT -> SERVER: NtL6auIVwRd3vj96ludbyVyKPLbaSqynglR9cKx8DFnYk95aeyb9WeNdE4zCcmAbAVedxHvLIDAq

1: CLIENT -> SERVER: 89Ay68Eyq0OHvqHjOLKijyJWGS8veYcOJjvLK0YVnrblcDCwnBj6gX/+aS/e+ZPbL930owfq+86Y

1: CLIENT -> SERVER: qc1SqqsiTFfD0FM+KBc7kIGNoFFkZK38bBhc0mszCw2E0ysleZkky61mMvzKelAM89UcKPN89bI0

1: CLIENT -> SERVER: UG9LQnUt0lyUBbIX0mSaohw49D/gyfJjMXiZSizKR4IkBbEkeEQbgmQFXmd2C9aD0WssV1mXsJZ9

1: CLIENT -> SERVER: Ftq6qhXsI6ZjB7GvUuQjL5Az4EcHiWrAlKWL8FQNUcfhegZMdQ8mmJ+PEnU34p5HHJerHEfcREAL

1: CLIENT -> SERVER: P6oVEpShzROKa2NKv+tQ8dDVEJG3gIxisYGYpdhnrf3ZCcWmEiCbtqDRLcy5Uh1zPGlr3OMeHkQp

1: CLIENT -> SERVER: 4mL005Ifq+1o3+uTinpvvaIuw2TwbMRXWAjbnWXzBPlJOJagJOkTT9V9T+1H1CM4xx3gi6+EsdoT

1: CLIENT -> SERVER: 1FXVT9T5MSaXS6G6olZVL0kjtQtjwybk4V5sWk2eoD7gFVaL1+0jBiTKVHjl9LHhRdsWZmlCgiE6

1: CLIENT -> SERVER: lMoYqk4aIQ5F2DZj2/D+JMEtfRrAh85DvGY93rfmScEOQBpqZ55D3Ddxf98WpuruKFVPoH9nMW6E

1: CLIENT -> SERVER: iBxLM1VBfIZ4sJcuC1n9BIE8FZCh32TfrALk9AV+z4G+bkk6NBC+RNvEeObNL6SqBjbevnmz2uHt

1: CLIENT -> SERVER: eOrgt4/+50N7j/1H3LelX6yvBFyKwziX4cDMlHH1H/yy+t9Wyvd4Wglqh9K9yRG1l0t2FL92TBay

1: CLIENT -> SERVER: velStpdu7gdWXEqRXwHyBSrYps6t7Dj5F6lB7RNCwcv7xxdKNyTn5vbHv5q8Gk4+TvsLT53LPQSM

1: CLIENT -> SERVER: rwkU4FL5MyxgW30TzwpailHJtgfzEPIa63mhUerwhelCDChU2LZTQLKMyyf4GUZ7HPrr+hu5bI3x

1: CLIENT -> SERVER: NoFKMSrWhgVllgwn7on/fGlv9pPG69Aj1mrs7AZuMn/9RPtPhhYeTW+bfSDpui/NWsMf8969/Z3h

1: CLIENT -> SERVER: Z423I6hspkXUsGAeY80nK7WuFrMrweLTyX3Zones9dlG0ErWfmCAuUMYTjf27PMiNR3t8F6FeVFY

1: CLIENT -> SERVER: ZjnaK6g0+eXF6sCtsNim3MOo2/JvxFopsYjtb4+O+pPthYV7ZydXrd34cctH0D4DnUt14DUqXU7F

1: CLIENT -> SERVER: aoZzqd/A/bzaHwT1MpeKT6iDR79YvxzT8YHssdYJw/qcKYJ7F3LZ1/UMfqiwEr6k4r3Tc+Dol+Jf

1: CLIENT -> SERVER: iI9lHzPeFUEUV77awqVM+RES32M2XxZ+wEQ3YZjmoWXzEjvm1E+ke7M576m0nh1L5swKEKk6liWq

1: CLIENT -> SERVER: 42oQDh2xBeOyjMWWV7ispsS0YJj45HO4Z/5Bh4+UOBdKTmR7+Vwq8khWV7fj0H2CMAzAe7QXgswz

1: CLIENT -> SERVER: lM9OLnVqYptAy/e1+GioHf7V+GLH7Qz4XlHbl91O4V4+Jz3J+9bOksIgCi4+86LT/vGWiyf+zr75

1: CLIENT -> SERVER: F7bPxnM+9T9hpFQQecoPcnG/FtBi8iBLPbV7qJvJl8TkEyWEwUlBtpQEr4gv0TMizBZBIUL0v1rA

1: CLIENT -> SERVER: yWsYfXdngXpLGqi3g15uFFnjaapCESSbc2CEFkUWywSxSlRiBVR4STwD9cGC+XRewEbnAQ79Qm+K

1: CLIENT -> SERVER: LAv2FjtD756kOxhh+WS+0GsIo0x6AbQfSR7EJJOCl9vAb99H9BLiKyhryvdUhPIo+ta2MgCLNmDJ

1: CLIENT -> SERVER: OWfDo89gz9eCvB6AY5ZSFJsqB5osSPX9T0UW71cqq2UcwY2L2xVPlVTV/ERtQtAVaajeFVfUm/Ey

1: CLIENT -> SERVER: fG7sqwj5Mi43ybKZx3SB7YlckYUyDyD6UfDCV8EXnwdf3B/VEF9XZ4O1XlcL1RtqVfWKtKLOVIHa

1: CLIENT -> SERVER: hnFlElm9jAMuJpE4ioIDY15KRRaeIFpZhSCmY0UTOCxvyyDDeG3HpcHrYohJ49AC3V6698y9LoQw

1: CLIENT -> SERVER: ERqT0HrS7OaZUSD+PQdGsIqse0CPgzdmUBZ5TCuykDZXZBnFoh1agDJFlpy2gMYytcMH3g9sn1ZF

1: CLIENT -> SERVER: 1q5s29793zn+l/1UZPGFaMd7o+8YbxMoUPiLuQnjWx1QQPU3mLT+blQvFSgMMwY10exJ8LKoFo79

1: CLIENT -> SERVER: 7/rbV3NfkFEQqvQTP48X70/hBbwduHxjp70+hk2RtR6UG8MGp8haXYRbvJ/fekPYVdi3VgqWMnC8

1: CLIENT -> SERVER: /v3qUsexY5RA5f/vLq7+XkXtcAjz/l/Ec+8LPSxdu5ZKLEzadux8f3TQ+JrAr93vmV39jzwoAPxo

1: CLIENT -> SERVER: pTaycynuo/qjmE8NwwdBxOG/jW8a9PKUrcAc/TLM0e823mUYljlXmfB5PeBk7uGyuSM/gsI8/Tbj

1: CLIENT -> SERVER: bYIXqiuDTd41ldPUNX7FF8X4yX5sN0wfenAsv3hyzvhOHvN7ktvx/i8SdSrba/vV7clMdnsWqzsl

1: CLIENT -> SERVER: wfrHpF9R14Rb/GtarYDXA5+UzV97QZE/qFyJj6W3pzVRdJ0685Wj7/0yiOV1e8WpfKyQzqljS8+l

1: CLIENT -> SERVER: uVKrrF9EBAt4AJcWnFJhMpb6FBdroR6VWUwl8wQSnuPUN/F4MtAiSJOd5etADfpBEo+T8O+In6gD

1: CLIENT -> SERVER: mJDWEBpQeIxz50sHtqB9KGAD7YkL52ufweFk0drEvbdxoZOaMhdBvxVycz8sWun4Yiq/C3Rh4quz

1: CLIENT -> SERVER: 8AI1RqEzJpxUaqZg3BTpMpNnuYi6CMaVxW9MUIhv6ZRQ6D4piT8p7mYQlQ/cH4/RXE6OyqhDvq/2

1: CLIENT -> SERVER: IYB9yHAWQNV0Jv2J7OhjSwJqLFLEScd7KsJYwSov4afGI/KzvCcwnjwZpnoPLvgPI/kcs7CCMtDZ

1: CLIENT -> SERVER: JQb1eUXBzoEHZ83/MMGiMo6nagYDSHJx5mjq59AFrY2pFVg6lL9ocFFysWe0FV2EviWF6CP69f1d

1: CLIENT -> SERVER: LMf0ARmB/KB9Qhqt52ygtaTRAq4wDGhKqBusT/AnvNca5zJcuspfxBIUWFAJxCVyqBA62SXh1gJU

1: CLIENT -> SERVER: VPALzUEosTix70XwcuK2+IOrvbk9XxKMcxlYz/WGH6t1XnWLggbjdHBw6DPiY9nHqZww3o7gV6I/

1: CLIENT -> SERVER: M7EggrJhAb/cpyKbS6TxWTGKoPCWS63S0nYtlFh8ntw4MT/8SizAr3ZeVvAdA2o7Lm/JudSpLK+7

1: CLIENT -> SERVER: FmBdeZ9wH9VhUWKRn9ZYiTVZfZH/78uUWMPUxy8ewPvCIMA25XjNjyP4TkIib3LZ8NVGsMn7h9yv

1: CLIENT -> SERVER: cMd7om/xA6nJl4fvsXuDneyKEf3eu+xUsKNP/ErrYtsubCO2FduMbcflTE2y9QdfXSBLtd4UzW5/

1: CLIENT -> SERVER: V/SF6WuDX7XtYOlk+eS1yfCsbneqc40if7CN2FZsM7Yd29Ak6yu4n/Zq9MvLh2jueCp7ptNSvdge

1: CLIENT -> SERVER: Zf2Sn8WjAUvkT6YqraRZ2nhkU7NEORgDJBBuG9YBZbEsglNMK+JtBeck+alUoha8RB0D8bsNsaiR

1: CLIENT -> SERVER: BI3StUjTnK9dgW3Rc0KHFUD3m/0D0CliLSCEfhK+aQVSMlhIl6DRLm2eEP8kKrOouFJqGx54F+Cm

1: CLIENT -> SERVER: 2Q3GGqcaFjxDLuZ+SwnScJHJztBl2jO3BSMLp3coB7uylXQEybQ13HpJUa3EChHIIThEeIw0XB7w

1: CLIENT -> SERVER: aRD1+czGX71YqM7POQ77WHMbSA5cohDp6NahyNPgSe6ZtRcn+U6Uqm9Hifp+GKsX/EQdBr/MSwry

1: CLIENT -> SERVER: CR/QIJTFevtUZCUklJSZ0nBu2VqLFWbldAWbgbzUn5AcOqHYOMVGZLhtwIZX0kjje2Lsy+UmSbTW

1: CLIENT -> SERVER: Y6/JI7x1nCmUkTsljaUGhE9B9mjdQkwwMmDlUxl2tb8/CLd3FsQPcmJrFVoUmFEIM8yCP77oso4U

1: CLIENT -> SERVER: Uq728jcELZP5dVovgpdkNvuE8a4a4oPqHuNchicCzgTXF/hRRCcki6rjnmHDhrkS/uFXrcbp4DBU

1: CLIENT -> SERVER: oHKiF2UWlR1UenCZtWEChTJWoVW2594wgc84KrCoFKFyZC3Ar397ee4Ra63EIsKt3tXGuQwXn4IA

1: CLIENT -> SERVER: aKXgXIpfcHMu9bcLYye1h9agYOdSg1KU9vxB0D3xn60lP4GXfokCvs2vC/6pCWoLu0Syw3LwHaKV

1: CLIENT -> SERVER: rGKKxPGNYzKJH6TRso1EXuR4/a9x7/CdhETeXO25fvVc70+3vS38T5TcmqC+oN97850qVnXPLrTd

1: CLIENT -> SERVER: 1reEfzR2gf9f4JvWgesDwZT3E1vfET0weZF/gwnqK4ZJYUKsxnOLbcc2ZFuaoFOGF6hLp17jf4P7

1: CLIENT -> SERVER: aZugvoHPx34pf/uBK1ZpLGntFztC0PygGlTUVOZ7ES2hTGgH6V1vDaVT8bc5PUu3xOkBY+2p6Gc/

1: CLIENT -> SERVER: yNjlpbJnzjxSngBRQMDVY3XtkIDCSGYi6RBZutBnChtu4hwGDas66AVFjtC9a3oT1K4DG53LFBy+

1: CLIENT -> SERVER: JjEZ3wE6E+4dKMMH7/AvAT/Y1cRIUqOWIhnWa00dTg15W8uLge4ROtmPHPLskaKF44jbjzQzSJCP

1: CLIENT -> SERVER: zSablIMwGSdyNkEo/llqDf5FUB0B9MsPEnN0OBj46gEwzdcx0t0ZxurRsK72+zHOk4rVVoYnDRdw

1: CLIENT -> SERVER: F85CPtGLGssxjwotsdDCAecl5fMsnJvXYsmhG4qNZDvYHotx7RuTzc57n/YtVRB7jGFMnfro61xZ

1: CLIENT -> SERVER: RZjRqG1RNo1Gs2904cuXA7xL+oexs/2OwhfuG7QWoBCGL5IP44WSL5vDslkxX4St0GVQpv5cruWH

1: CLIENT -> SERVER: etncfoCCl/rRrKNF1l3rzCKLX29/uGS5nPiwLIswEni8RMnYuu+Ow2hjvSktObYd+UL8AS6daoLa

1: CLIENT -> SERVER: ggLqHxhflL1Jhg0UhnLpHu6VNEzPtSIoPKLyg884KrBW2zqmHWhVxyW5elnChvxAvlhrJRYx9iJ1

1: CLIENT -> SERVER: vXEuw1oJky9Hf1IgP2xzKdZj0HOpXj8IWtiT3rq0N/sHxjtQ0Jpk61ujA52WK27F9Brcn53A8c0q

1: CLIENT -> SERVER: g/pBVC5ZRVORikqnMuI7RCtZxRSJ4xvrvJpKqjtKLEmzemPvGFpibb4s7PsepRSE8/qGCf+gtvor

1: CLIENT -> SERVER: WGx6VfAjYxf4Nxvv6MNXF2y+Prw5HFOrYhbID2yGSWFCvGmVPsBgG7It2aYm6JQweal/8/iLg6uM

1: CLIENT -> SERVER: t6/48XhtPiLqBM4H+RHAaqDYL3Y09jzfq/ihmkiDBNNCPLjJo0LGbQP4TOdn7aWQRCZH8U8LE/ks

1: CLIENT -> SERVER: pZBRW1YwHOnwY+WO8qyV8zJ9KoqsI3AdAy2CzLb/JlMjrYSibkIM475ejEd4A0W3Qz8hXSG9wFa2

1: CLIENT -> SERVER: fzamG3SuBhFkz3Z5Tf8bdwiywuyd6PsXIXZSay7wB35BcSkoL1lXNEce3hW9pXLoDLnvpf11q/Mv

1: CLIENT -> SERVER: v2fhpkZd+heHGtLMeqk6iuOS6TPZTysnUwbidZkggD2/yLwYyXhMmY4J+ODNAlXDWWjt9VCYqrui

1: CLIENT -> SERVER: RH0njNUzQaxOeAnOx7wekpL3OKEDoUBEiRJLlFlSHM+p6ym1MD+Ms+TQDbaR0IhNZCGNWiALnY68

1: CLIENT -> SERVER: wqlLFXFjIFplMR1/ufciyRYnS2PyD372m4V28bc1bB0gzALP9/v3VuKp0yqn+RcaXxO4pNAgrI3K

1: CLIENT -> SERVER: wIk1Xza5T5cVxFDQxroNChS48Lw8P1+EByV04d5hvze22NOeA4MWvKSLnRVZXOKLdV8P6GUJomSu

1: CLIENT -> SERVER: c1sM2944MzKStgc3TTZOh3WA9ai0pLXp8S/FP5LOqqMmqCO4wf6PT87LPTxsoDCg+FyjQH/Qz7Ui

1: CLIENT -> SERVER: eG7WgQo2Kj2o/Fgr8MMNWtX1MnbWj6kXyA+DsELuAWPVc4LLjHsZ1lqY3DqXWgueo1Cde2BREcF6

1: CLIENT -> SERVER: DGouRVCx3csHQZxLzd6fvMl4B4ZcgfWW8I/CzWqnCe6KHxxgGw4afP+wiqYirfV7yUrQRWmaz7m2

1: CLIENT -> SERVER: vTHsu9KF9/bNi8OzR6sF7/tBWCZTmbVelhmcuCRYNSUW+eQnapS2DhdWk0/YlmxT4z1pcDnB1VJi

1: CLIENT -> SERVER: UfbwLjwvhw2s02p9EGP7xZae+b4feIEf1ZJYXl8bMkCrhIILESQu6VQOJtCKhKJTIAUVyECrJuyf

1: CLIENT -> SERVER: 3p9GEqCGC36qjoNoMUFFFovMq2Aq5cuiY9xBxxCy8hrEakIeDsVKEHkJDqsE20/dW9r0dU5AsbvI

1: CLIENT -> SERVER: pexHqljRqY3yyDNgZiHwQJap7Qg5E7SFEUgfg2cSFERlxjJlFsrk/ZVb1iCoyCEatk4kon0qh97B

1: CLIENT -> SERVER: 9rd3OZeGDBCA5tdAM2uVFlrZS1QNdAz3/hz60bY6lUa0kuL+WnapPz1goRQcYziXkGDeT4SYQpRY

1: CLIENT -> SERVER: 6GwfRw+UwMtyHw9i9WBQU0/6sTocYIwhiQKMWcgY4K40UD4KJXlgIvkzPKN8+WG1AGRixZdBrsYc

1: CLIENT -> SERVER: HTRK7iHbpGjOBth2ze3HJLz3+egWQnqO+3IvW0K4zWZLEC8zk9YzqMnLH6SnDn9s7fd06BVWEENB

1: CLIENT -> SERVER: GzdcpjCECiZOdPs5qaLVFcukoIcCHwpceN5Bfq3GL9K538vvRN2XyFoTwUum9tf2p3uMbxnuCkff

1: CLIENT -> SERVER: KovKuA+OlSux4hPqIAakRxafTvIva1sxTIL0r5f0CzfKNk4Hh6FFupj99ZEv199bO5g+aYI6gksN

1: CLIENT -> SERVER: Xj4xL0vUDSv4XKHApvhc47OHAn8+i/qtaKAygQoMu+8LLRd4btZhLayvLKwVFj/c6GYxQyw9k3zn

1: CLIENT -> SERVER: 2JfrV5EfTNCaghu8G+cysB+HCe14zs6l+llXzsuKcylaX3EPrEEqIvgcJ19Rsd0Na6TEmuYyaCtV

1: CLIENT -> SERVER: YLFt2W9rqXR26A/8qvqBfi4nSN7g8+ML4I9hVfrRMpnPH/ucWy1EOzq/444QJldrOUHOBbj32yDf

1: CLIENT -> SERVER: b1eCIp/0W3li2nRS+04OZVbYJwteJ+dnf4zrXss5WSewTpSLcM6wGvcu+8VedXVy88SNZ7/utF+Z

1: CLIENT -> SERVER: 2Xb08uMLs6oex1zLUVUqvgp9X8v8MF8UAbKVi+GgVQkWRgRNSTOJcSxE0jAzlwgjMS0zkzAwIy2X

1: CLIENT -> SERVER: guM50sxXNcQtwF/Di4UCcfPBt6Gj3lavqFcnoTpDBWoMWQOk8Siq5LmopUAJtOCiMJurKjFEhNyI

1: CLIENT -> SERVER: k7kuCTlEtoeAYp+LcwiZYNSQN7NxWTnqiltWtAQogwyHzCyNvc0+plWOLlWfg1ZX83Ad8hP1dJio

1: CLIENT -> SERVER: r0Q19ddBqh5AESkG3igLxForJI9ZnkEBuk66JIFUXJepg/ijB0PhH+bTiQxMvg0Ee4uwPXSbLEen

1: CLIENT -> SERVER: 20jCTRzvVCqiaOkkyixEUO6+hOZewpDBFwruiHVJHKifrlfVjfwakIMgBm1abwVUYPmxSin48zg+

1: CLIENT -> SERVER: hRgqEI++PoRCvxfE6nuVWH0N7tvRb0/JOT0VoXyyVhyAb4IE583UWXhnuRYvUG8GvQzjy1aUNY3U

1: CLIENT -> SERVER: WxBbZZfHqCTGQ/ygsqlKI9QVBaWh5kUf+cF6hcbhDxuneXTUEc0h6xdkkNwFaE+DZ3JHAbp9ivzD

1: CLIENT -> SERVER: vm4GIiUsU8fgfAh9eCfu+XtAD6FPn0EMxwK+ro2h30PwENNn6PTMbmjGfyH8EHIKXSbRbi8/WnQN

1: CLIENT -> SERVER: K1hbjoUx7qf5RTw3wabbN0+p06o79x2468R/PvDYkY+j/s/p1CeP6pn+H2x+ffAh420CJylU4IwS

1: CLIENT -> SERVER: KAw7gOcBl9UqWiQ8h7CnEUdwKZbifhXcvHQXJjC7wE/DMJnn8jdcyq4XYd7cg/Et849k7zPegWJs

1: CLIENT -> SERVER: t/cnm64If8p4m8DJLa3XRhV8VlGRSEF4GQ5/Pv6xdC77JDdk77SXxbDcR7ymc6fmjK8Z8aJaPPq5

1: CLIENT -> SERVER: +uh22Noh3HlT1FFCSiXBWoHKm05Lsx3/avLrtYPpR413NOGpczZf4d9SPTt4tQkpBYUDv7xYlS/6

1: CLIENT -> SERVER: RxFUiM9hTtD6bCMexjh1vPC8uKpwjVN43r3YCDOH8do5Lv1Npd7TMoIWa/nc64TKTv+j09cFHzHe

1: CLIENT -> SERVER: JlAoxaXMRgm9zKWIdrw2yZtzCATo3Cvvg2O9zaXWyhKLSixajhhvTxhFftqo2LVp1riW4+Cn6/LC

1: CLIENT -> SERVER: UTnN/zfTbwh+WQJ7BJ9nW3G/7cY7C+Wp9j1mVJ9vhB1zDuC4D880riDwkBl7uIpPt/l4O8RHs2eP

1: CLIENT -> SERVER: fjk+23hHEn5FvW37u6IvGO+KwA9hrjbvu+uFVzgXIp/wuVTkkZNZAePw39RvTGvqfxvvSjGG+X/p

1: CLIENT -> SERVER: UtedwA+K7P6GfIbaZ+e56JthVF51g52fPmA+lrRz0pO9b6UFPM/bOr198zvPfN2Of3F4bP8lc/VF

1: CLIENT -> SERVER: VU+MIivUiiwKmvl8t894Hth+zaJa+iRGacUS49D4skwXKocBB/0h6gAJN0n9lNZUmZwjQ9oYxAnr

1: CLIENT -> SERVER: ok9hdaK2IcPV9Ui9u15R18VVUWTREKIK5qQlFgXiWsdg6kJBpK8FoiKALJjiUAUiahAmlYshEUzM

1: CLIENT -> SERVER: QIf+gSom26Za+bQc0hHaWYR0CzsMZaCfcp4xfEN+yXkNqMM3A145CrozitVnMSn9WpCpw2mgsiRU

1: CLIENT -> SERVER: EeIjlCMKU4/8Zs9aOL85pyg/JYh1pvpDggFhMjoMTL4NhPwWYxMVm6KATreRDteRAQ6+LNWne5Wh

1: CLIENT -> SERVER: Ce5ZKrK4v9W82FGl6sLYVz+aVNQ744q6KA5EKZnhfo4wZnieVmSlgY8+xZiQ0i4vwMtTou4LaupB

1: CLIENT -> SERVER: 8MEdcH8bY8B+nIE8IAbRPAcG0CV5kGWqgjq8GA+H19dD9bo4VBeoUJ2O82zPQjWNB0WlDl4TRVZd

1: CLIENT -> SERVER: FFlZBE7AuJjyInBRfgI+QVHSHjpIyiV/6jaSAIOimzCZ1h3QqOayeIX5opE5z+jQBiQWhDvbNgcS

1: CLIENT -> SERVER: yz2ub34DRBpF1gmM899Hf3CfnW+jP+/H8Unk4asAp1xcbrACPhIrOhRKtZbkB5/J2ex5pBqN+oy8

1: CLIENT -> SERVER: Igu8SEXWrsrOfQf7qMhab8KXUQbnR789tiRL8/WCtd7c3gvV1TveE3W04uE+K6P6tfC/Gl/s2g/H

1: CLIENT -> SERVER: 70xurj2T/izd/oT3d7e/I/wriWgBBQ78em2tQQVpp6WV5h5JvzT/YPIW43XoEV6krt/x7uhW423C

1: CLIENT -> SERVER: Witz170iy4Ab5K9kbxFaiHAZnWH9AnkjgWPSv60sqXsKipFuOPrl+MPx0ez3jHdo4OZSwwPOpT6J

1: CLIENT -> SERVER: sa8XKyxirRSjspzgW8I/Mt6u4DPl1xbH3Ng1IqBwlxbB7UAr/pm7UvkIY/JS/+sTFwZtLYc4j+Z+

1: CLIENT -> SERVER: 8cSwfGw3DHi4oLSgsv0j1c7PkYOfqZ+H1+m9xjtyqOzyf2P62uBXjbcJtFS6uuU9y/FJM3/cgXe5

1: CLIENT -> SERVER: Ts+C419LfrN2IP01410R/Iq6Yfu7oi8abxM4Vv/jlmf+Ru8XPpf3FpRaZf1CGbLyfG9rZTza4Udq

1: CLIENT -> SERVER: kkuwIb8RjlmchBCvqf1b8xcjm+NYIQohI89XgREocmh/XqXqMNJq0bOIlB2GHk1M0Aew58nYTZJt

1: CLIENT -> SERVER: AVUY/J51GzjoAgwAr0l9+ZJ+GuGel4JfMuEZzT+6Xvy15DA4SHujK6kktEos/nD+JT3LbjZdvST3

1: CLIENT -> SERVER: fapOoOe4ZCDTMkqnYe7mMtjP3OfqKAL3I99R9D0VYxxT+Jjgt+5VjHERysa8UcqpYZx5IsjUNxD4

1: CLIENT -> SERVER: ddADGDyfQb5DzI8kc76varLfHs9ChYw+J+dBvb1T63qaWgJSeUMOJwe7P5aShaDH4bd2DLZldfey

1: CLIENT -> SERVER: zY3iqtjetivWM3C5/dS/xcfTjooICkHfMTknwiaH1QXb+NrJ+Z6VWMe+Gn9krTe3z2J1hyyt1wF8

1: CLIENT -> SERVER: seTEddTAfcm69QO/3rZKLCJd6LwsH79GK75UrRUoMO6E+gvpbcbp4DBS4N6AR/53/FOq1tsrJJdr

1: CLIENT -> SERVER: 5R5MVPSN4vi0HsDxkMu9UbHeqxKLSwkeuqV++TAqsQg3lxoO0ArrJtzfvSqx+EHQWln39brsGb/e

1: CLIENT -> SERVER: 5/Ja/DDCKTJGB7RQ6IRs0cv3x+qkxCL4MRgtZ0iu7xuwbUJiG1nrlnbwQnWucY4kKqd3HieoxCq2

1: CLIENT -> SERVER: BcnxSTN/tCr6iihr224Ip/2OeWllVawDaaP3Cy3Niu1R1i9yN4dhsD0ai7allaRqbV/YhJowuHJ8

1: CLIENT -> SERVER: RaEiDhRhbrGBJdIQUYyzsHEWNk1zXoZqMbEWUoYMwXkXQfvhPISweaTlLl61zFjOEDqZ9bWgfegy

1: CLIENT -> SERVER: 9JjMYSXQPGM4Z4VodIi8PwrhJ6MVnrHUKBD9FfxWEbszC9RL00C9HEyxA+GRl6qUCg24YxZheLnx

1: CLIENT -> SERVER: p3mvuY7ap7kMmdq8xNqzWyxP0R7Fc7WWsSLYgmxhglMqcWDImxPjCe9dLvjIfuHFMEouCQ6+yh1D

1: CLIENT -> SERVER: 7AwyaEVW4b6HTy8zqfuQGepIy/20jiH9QQSeAHE/LI4lVGZxKcFAFFkk7s+llUxczvQZpPs2XpTv

1: CLIENT -> SERVER: Qv7vg14AHUE5R4NMzSJzjRsw8Uw8J6rAd2oeufydLIHHasnwyUAmxY9Yo5p8JPxbntJ/7cC0BGM1

1: CLIENT -> SERVER: tU+3EcG2JaFPQVRkVdHOVQSwj23LWVhFlu0z9pO0qAnOaZRRvAa5uALpn74granSfXEoZKKwyQph

1: CLIENT -> SERVER: nOCvvygK9HpZ/oab2x/+XPye+sHsX5ugNcXcg0nHTfbJOzdXOytPhhHk8W77krVdgihTz5XtGfb/

1: CLIENT -> SERVER: rPEePbyuMoFxfCxziqx1Bi7t0QnxTNZxT7dRRDKT/X8HP1e/mPemCSoFx1oqF/jxgFNoDQ72eXc9

1: CLIENT -> SERVER: aCXLANH69cSd6WuyRN1jgoYOK5lLOZ7rP+weaz8w3ptyNF5UC0e+EH9gLT8IGju3syCUoAKL+4tx

1: CLIENT -> SERVER: bzEK/hwcHBwcHNY7tCKrEm6LxoLNWZaFSZKoNEv1yoAgzp+0qLeAJsGfSVgUmImUEDlEkKuDGvFU

1: CLIENT -> SERVER: VJkyEefzBHkaqrAYr4XNfgZ/RpVWoBa9QCwjFpCRr/nGmEJ+eeRicYnHhQYDEJeRYopUBJdyCiPw

1: CLIENT -> SERVER: bgCBvEidrFE9hzUAG78Tsc/AE3BaasQtB/lmHBO6bale13Ub0oVeApYEX/MP2bJUL0MX4RiCL0S5

1: CLIENT -> SERVER: gbyaP8iDXOSSforBGwySC8ULYC2WsVDn6i0rwSaV5PjRvEpPGxQz2oLyMGYaAUZuqSYP0sq4t2Wp

1: CLIENT -> SERVER: Pv2PftZ2T6nc+75YTekezBSXU2d6rn3qkZBOl8QUiarhDZYK7zkUtIR8KQYaP8B4gpdhT3iBpWaq

1: CLIENT -> SERVER: gnNUwQPkA44zSwjdj8b/XpCqB0BP+6k6gTzzoEXkTwKch+el8ot5wGPSVyBZeg7nFZs/YTJyD+rP

1: CLIENT -> SERVER: 9VmlfiDUBcEIo2WptS7VXJanEdJg0XK9IP2BwQj0bw5eU4P4uxzFNBa8PkPW2Q7Iwpai8pr9yGUj

1: CLIENT -> SERVER: eecyzN7H2g5Pt7/Esiw5HRziMbDJi9UYRci14R9sIqzoeVxEsZ9vtItLTyVdhUNWCGMFfxQaOJw8

1: CLIENT -> SERVER: 2H60/FmJQG/YNrcnai+k/1eZJQSVQp/r8cvotQaFrOTxMtQOpk/O3p+813ibMP+9tKNSj33ML8XX

1: CLIENT -> SERVER: AhSYlllj0aqO1nXG67BOUNwzqRVZkuVfg68bpOoxKpi5VIwJ6YpWhZZ7rq0OOPadjAKLHwdwH8Ki

1: CLIENT -> SERVER: 9esQo+e5lOU5zgEcz50a7Fzq4sm5nnmLz/Fjn69flcxmHZ/Zqw5PnRtu9V5kfE0oKrCur3f+at3B

1: CLIENT -> SERVER: wcHBwWG9QaSmQRRMR2PBpkyloVZiYbKE/4a1A6VjCGolk65B/AFEgWWJfh3WsIRpCjbJ6ANQhrVw

1: CLIENT -> SERVER: CFEcBdqMTbwAL9meOgEflxrka76tJ+O57FciROGxLitXYrX8SaDOaOqtnQ5rAdsBLaS73SDvuZwa

1: CLIENT -> SERVER: KbUiQLMJra/0MmObELADtBuJphGlU5NvPKGUGaQAzWviQX7ujyOEeOEdSyY/XTmxiAKJvxgvgdqZ

1: CLIENT -> SERVER: l2vjyKPiNCcw57d/EsRQpMlJB5m85rqFGsiLWyUUy2+qW4E6QefFjyGOHyyK926eF6SbRv9RGRSD

1: CLIENT -> SERVER: qJxGCqTBKCVpmYjDF0gKASla3cVqEcclBCwgz6KUgTFOTs791vSeayxNFFmZD9J7b1HZMe97sjnx

1: CLIENT -> SERVER: /V6ivuOnaq+fqFm4FxG2FHiqbi2sqMyyleYJpFFAGD95jXJtSKOVWfr6iuCV6zT0mHKkVgWYYNY3

1: CLIENT -> SERVER: L19oFJBXHlUnmUvIwWttJYK836D8cnm0JGDLcqlIo8gCUSnN54U+lz6vlGv5RHz2jmklQDOe6Zdm

1: CLIENT -> SERVER: Gjrw2opkYYN4TWwi+RqEof3BzL3pB42zK6zgj0ID7iO0VsL5UUVR6NLN8qcI+0U6+v8pEzQ0OPrV

1: CLIENT -> SERVER: +BeMsy3+QXVp6JdU4l4GPw5+LgOFX8e/lrwRzuM6pBn1Q9nHjLMtuOn8WnyFT6u4si/UZ+6Mf904

1: CLIENT -> SERVER: HRxGHtzvgEvQ9aJUsCg+1zg+czxwODVwrONHDLRAopXMShRYxIlvJX90/OvJS9K57JMmaOix0rkU

1: CLIENT -> SERVER: 5wDkOSr53FxqZTjZudTMvclfHv9q8sosUfeboDVB2XJnXCbNKbAcHBwcHDYiRLoXRsEmP/LHUy8O

1: CLIENT -> SERVER: kjSlLFYkX1r815CC8fXWvuKu9BXbpmdpLK9x1GRBARz/+C7N9wOtyKIwG5MKhHOprzkltjVi0aCh

1: CLIENT -> SERVER: S6GIsumVomMlV1p7h7VH5z5jn0u/Z5pvqvBMp746O/HVK5JAXZh6RpmFdGCVOoj7JpG4TCX5yPIS

1: CLIENT -> SERVER: eV5sOFCOtfDQIvAiyG8lKEYXqt0llyQoyqQF9HfNOGJAm4gxJPpL+g4NTDJRcrlWlsYDLTDrcHCJ

1: CLIENT -> SERVER: wMzHne+BkCCTRMiYoccwmee3/DOIO+ElahY5Z1DSIuJ1KlOgtKVRgiBPBSeugCkqqAjlhlxikMry

1: CLIENT -> SERVER: x/1E3RnU1V1BrJ7AS/U+DEaHQMdxKlp5cYwkM4lVFos0oFsrSnTdJZn4DBgonWyJMHXrAo5vjTwb

1: CLIENT -> SERVER: HVaR5asx3LFjcHMPNN67tv1F2Sipim0mHaCd6xyel/meJ1q8voHL9Rz9Uvwh4+0Z3EeIAiq7VI77

1: CLIENT -> SERVER: srgzaO1Dxd9KhS60lhn2L9Lj49l/mH0g/rTxtgUtncgjwwgKXH8N9aNgsRPSWXX0xDeSn8QwU6ZI

1: CLIENT -> SERVER: nDt+R/K7xr0MLP9nJhYGqszqtlQi+Yv9Z7wO6whlioOsXr4M2qiDz7QTd6eXH7stbrtBehl4v3CD

1: CLIENT -> SERVER: /h+fnBdFzFoon0cZfNZRwUCLI37E0Msyb0VQASmKyGfTf2aCRgYnO5fivWrnUn+CNnNzqc6w/LXS

1: CLIENT -> SERVER: uRQtx7mX3uIT6d+Hb1YHOjisHg6U3Mf1E+le43RwcHBwKECEXH7oj3uhN1aHM8X7jBWX8gN1C/nC

1: CLIENT -> SERVER: 2+Ckp015eUXBooUWP/J1ygp+KZQkMYJ73xz2Egz2ieyBw/pwWsIdk1iaFVnmUrsulWS0JX3udnVy

1: CLIENT -> SERVER: WFuwT9r3iw1t6mYyDhioAtoC9+4kUK9IInUFji/LfLUJmSjWjUGLoHkekYUiM/sab3kuACdx/6Qg

1: CLIENT -> SERVER: 4z5KvDHIWzwByZ5VFixr5jtb5TygHHle5JFS7YW1Q9PFtkG3+CECq2q6K2/7vPpw2GbkMnwLSEkL

1: CLIENT -> SERVER: K22VxWjkpOAF44AO0pZPtNQ8iskgx4iDiON6OAuSvtDOgC5F9xv7Wi9eihAkpPENR5cZ/D5ORVZY

1: CLIENT -> SERVER: U3dEdXVfWFdPBLHaj/MeQwEsNzEV1lygFfMW+WiGMUsKJnBglalg8cQCjDkYRyryFSDB2t88whXP

1: CLIENT -> SERVER: slGBdpH20ZZYtMAch18rsvRIbluqIVeSDPlBmnudA89vXn6u1+sX4mPZx1f6FbuFXSqHggUK/9xe

1: CLIENT -> SERVER: WhrFL9K5pBIVfysBvxw++n/qLx6FL9IX9mQf5P5dxtsW5BEq84aNN/4l6vSFkv2EiKNfjX86q6uv

1: CLIENT -> SERVER: Gm9HdFtqkecZ1L5hvA+7LZXorLHWJ8rusXROplErG4xGFPVD2W8d/Ex9ZzdFezvwXqUi5twpbX3s

1: CLIENT -> SERVER: nmudQQs2KmDss44KhrIPA9qBSvWjX4z/KRWQVAiZ4JHDqc6lfgVzBjuX4vzBKbX0eMb7j21i+Wsl

1: CLIENT -> SERVER: mHsk/RL30ONeeibIwWHVsa9kXpnNeUO3uoKDg4PDMEBku0HgV33Pi1Qmi3ZJhCixjDSQISJT5Q/o

1: CLIENT -> SERVER: ZJZaEqGidhqwDBZuBLS0cqDXnk/H6goC3CfmCCZp+zBJmQFRdE1BcmpSmVJyYmh7FOpuTiBV6JzB

1: CLIENT -> SERVER: Yc1hOaHYSVRlWgUkyDINeNMHTcC9A+FnZ4G6LI3UFWmgzkGCMQ8cA6qBFsFHNRSrp7map2RJM8wn

1: CLIENT -> SERVER: RDEBZhSFgygeGKLPqE+ENDgUKX+HMFXKq8xwEG8b45QfpicxbyMTzuDre0EgcV1gbxw5IcjmHWLw

1: CLIENT -> SERVER: svSlaZf1s5UFaBgPRMurGqiOy5L2I6HBpC9Mw/PSaUk1i2s/Cvd+pH0eeY4ijmJAptZ9WVA7ws+l

1: CLIENT -> SERVER: Ti2/hEhVQcdXMKKQD7hdVw3HvX6s7giW1DfDunooiNVzSHMEdJz8g9PLXoIsnxpSHzlJHMvwp7Ul

1: CLIENT -> SERVER: ZCYQTbjoxTn1/l9W/UUwbZHsr+5RpsqXyrO04cE20LvZVeEaQ4NF7Eu2VasGh0l1Q0qIYRvtaaV1

1: CLIENT -> SERVER: hNW8HPsVO4VJFCqZ4BWBwj8Kzyn843I5G00QYwUuFHyyDU7mi3RrhTVSXw5n6tCJ2+OuyypRmccv

1: CLIENT -> SERVER: 9YdlGSUKX7steXXiG8kfpAvZZ4y3K47cWt4OFMLx3lhNoXgvSiwK95011vrE3hIB2tJz6X3GuTGA

1: CLIENT -> SERVER: sWnh0ezvcEw9GeUCwXHLPtc4tjsFg7aMscorWrBRAbPSZ50FLVmP/p/6rvUyHvVrLsX5Q1GptZGW

1: CLIENT -> SERVER: vGydS/H+Y5usCDVVZx/MP5i8Be9qj5lQBwcHBwcHhyEFxXuA56eZ8rKMuwdR7IsQCgOpzbJ7wgD5

1: CLIENT -> SERVER: fiGGbJoilUHKRVYhWZYLJEJZnBUHqtEsyRQXP5zr+ibTMUxMnhchcibLjHGakkoGKhpoPcMLomCa

1: CLIENT -> SERVER: yVmIJgqsEZQTIVVtJBG3w7Ah7y38gw+FGryi+8w4kFQv9wYHKIR7DHyxJQ3U7iRUF6WhujAL1E5E

1: CLIENT -> SERVER: R5zggkkS8FFsy7IFcGlN4W+Wav/IXzqJhj6nZkveODza0DxRAwwq3De52kYOLIfnaIbwJKDPjz/e

1: CLIENT -> SERVER: X/jTYeZ8lhqhBRpOmEtuVFNeZgvENgIkGt1NJTOXgmxYP1F1TdssChSZXmehhdQc2ugE0h5C/+7D

1: CLIENT -> SERVER: i/OMn4gCXA8opjBQhoKpLKS1F4llhuj7Kvp+DMdx5Ik4QKBucyjhedD9QazuRZmPoczDGINoFTpL

1: CLIENT -> SERVER: ZRbSaF5E2T4IpbGqchkcVFGmhzdV6ShTF/KTKLKQx2e/Sn4Tb4ilSI9b/mCjsf4cspl+o0HaSJO9

1: CLIENT -> SERVER: Nwha0nGPrAoiuF8WLbL4DEBD41cGBLQd/cyHjCRpYvy0JUk6cpBq49LA1voSzWWuNihMolDpVIQw

1: CLIENT -> SERVER: BBUEVhBjl8yhAmO9fdVO4RKFTEWBy0qtryysQG+U9gWxSBezvz721fgjxtsR/FKfyyhRmUNh6FqB

1: CLIENT -> SERVER: QjIKX8sw92B8y9Lz6S8ab0/gV9+0pjPetuC9wWUGV0MwyfuMPFgG3te0ojNeh3WGJ0r4qn4o21iK

1: CLIENT -> SERVER: LAOOqVQunIpCi+DYXnyucZkzjiXrXbFVfM5dhuccLWNORXlF8Hl38NP1KbFkXYcozqVOheesUosK

1: CLIENT -> SERVER: w/U8l+I91Kq8Otm5FPdYO/g39Yr7WMPBwcHBwWF04PHntHN3/Mut50xft7j92DUHFg9PUghGgVhU

1: CLIENT -> SERVER: 8VUYcJE1JTJ+LYBvoJviqhU6NUsD8qJQKiZYReEk51uc71KUy1fsBZEPp2oS/svqvrqpHqrr01Bt

1: CLIENT -> SERVER: UYHakvmqypIzrSDgn1VbUYApVheo5zIFA7MYpz22Uyg4rCGkY9gjhmQirvdI0vzi6/5FsCgM0sQI

1: CLIENT -> SERVER: sREEBl4MfDULOgr/Y5jcfzOI1dcx0X0oTNVhptNJVQg+qaQguH2jLNDWO1Qg6LPLMnG+qEXgN2n0

1: CLIENT -> SERVER: ifNych4u3BeUjet4k4jVBeXKCR1UuKYGfGpIWBbDSSLH4zl5bECfQgcu4/Mhg/SXgShr2H5yjYFc

1: CLIENT -> SERVER: Hu9ftrIQBoExpNod++rHaqF6XxyqMzEQLYEHJnGZYRYhR6hi9AWtNZ/3YvVAWFNfCuvqVvTxCwhP

1: CLIENT -> SERVER: 0I8Tqa/G0ZEe8ooVF5uIp0Sc7kndgqL6QDh9CSLqqFuCDqQiveL76nSUc3k9Um+oB+oS1Gk78m9B

1: CLIENT -> SERVER: QZtQAvdokpwJr4A7+OlroVUZTyL8lARgF5yA5l74R6DOIyltDxqwnYR5CMagEJShFX+69I0Lcgrb

1: CLIENT -> SERVER: JFBzfqAeR5vc69fVV8Il9Q0/Vi+w6RBPxZbdN0t6hUpuIG9nceS+JufQo3gfwcn7iPtbLiymarGu

1: CLIENT -> SERVER: 1JapSXX6+GnHDt9z/JP79xz5nSzNnjHJVxX+pPejUxd7H6qeE1xmgk4ZN+K+e0PMvQ4D9XLcQztE

1: CLIENT -> SERVER: czwaoEDvwSBRj+DZ8WUcT0WQZ0HrGFEsZOqQCRpZVM/0f3/z64NfMN6u+BH0/3sxBg9yc3P24fvH

1: CLIENT -> SERVER: F0qXv1rYk946e3/yJuNdKaamrwseqOz0zzP+jvjDWkW9qxapidbJwgpBpeBvjy319NX64b+Nb1qJ

1: CLIENT -> SERVER: lZlDe/gVdcP2d0VfNN4mkK8/Pj9ufIMFlSudlt868oX4J5PZ7M+Nd8NiNZ5rl+E5dhmeaRfj+fZK

1: CLIENT -> SERVER: PN/OxfFU7+u1ABUktOp7IEzUwzj+L4wtK10qsCNqqn787uTjtRfSj8I3pwM3Bshz1bPUe6ZeGd5k

1: CLIENT -> SERVER: gk4ZxbnUeXCfwxedEQGfw0+Cv76N9/h+zqUWH8s+ilfD75qgoQRej1+1473Rd4y3CezTf7ZUUY+X

1: CLIENT -> SERVER: fJDAlUSe7qG97kD79u3eHQB47VtXMGbuxph7Ft+jTwJTOM+LS+6XObRbWR9wj/+HWuJ7be/Df1N/

1: CLIENT -> SERVER: S1pTX6J78lL/6xMXBtdIRAtuwxyCe22VLVPYCo7ZNA5YCbqtTLCa6KXPr8J8qhPORx/++2qt49z3

1: CLIENT -> SERVER: 0C31V2eJGtkPePBO9Qd4p2q79+KfLlXVabgHyvi0HXodP4oYFI9wHnVhl3u6jB+KIG/sx3XyQ5B2

1: CLIENT -> SERVER: OPGN5GNLz6c9v68WEUx5H9h2Y/hnxtuEf4H32dcmYel92278aAeuRNXLe91qYzfu0atxr5ZhGmk4

1: CLIENT -> SERVER: /+2Gbv0io8EZ5+/66Nbzpq6d23LkdQfmjo1T8kfjgigMVBhoYe9aKLKYg9WmIouCfgq+X4oLeg86

1: CLIENT -> SERVER: /cY4UmeoUJ2WBWqcfUalFTKRWCaSGx0DCkaBpYos4xDFhXY6DAMMD+QknUNFViL8knpa2US5tvR3

1: CLIENT -> SERVER: koBvhBmEzdIoUAvg3xNIsx888LAfq28GdXU3BtgnUMZRpJHXdzJAmimqRURJJYMiFU16nyy9hxJ4

1: CLIENT -> SERVER: yE9EKC4WWjjKeXhiA8NGCNOxRK6LkLT4ZRSdcFhFFpGhnOI9QDQpsgg5lS6nCJ7CnqYlauiwXJEl

1: CLIENT -> SERVER: DpBWJ1klFi2lEkSy3Xfhnv97tVD9UB0vX2jQGA0xiT4P0whtFqpFDFYHcd/vxQvOt8Ka+iJeqO/m

1: CLIENT -> SERVER: 5Iz9hP6jcGAMebQ1lwwKclJtGUWXHlsYYatHi0+OPXXUgd3AAZF9vxsRr4t99fq6r16Cep2BQXg7

1: CLIENT -> SERVER: 6r4ZGUPyjShLtDWQJvh5EpxB4eVR+t3HUa7ZnJNpQObUGqxIzjxSAU2Sx/D4hkVDkTWPttyLvn/A

1: CLIENT -> SERVER: KLJuxz3+NKJitE+EeCoY2W9sY4bx8SBNmMO0Og/GORKwjArIEIHxg4qs+cVULdW0Iuu0idOOH7n3

1: CLIENT -> SERVER: +H/Z/8iRfzMoRZYFbolLqi/yPrTpVeFPqIoMrX0FBb8vx/23CZ1GISA/cllLoQy/Dj6APqB1wws4

1: CLIENT -> SERVER: csLZ74n8qAhdVopwi/fzW28IP2a8PYGT5B9Bv18bh+oS8MJqCICp7KFw4iOYPJcJzWoH0yePfy15

1: CLIENT -> SERVER: I4aXk9/HAOy75c3RN6MtmNZ2Aa/9w/VI3QBaqVKXX+b/ZaXeM29yqcSVWpk5tEdlp//R6euCtlaI

1: CLIENT -> SERVER: VFD+8BI/uxg8aLXRib8P/o/6hZhuuGW2DPhcG7vA+2g/lQtFWKEMBS9WcLrWzzaL4jNuFuPiNzGG

1: CLIENT -> SERVER: 7IG/HwqFVtT2p3vmHkg/7ixkNM9Fp/kfmL48+PnVmktZAf8wzKWsYtTNpZqx9R3RTDihpozXYQPh

1: CLIENT -> SERVER: 4Kfr/MpFTOcrp/n/ZvoNwS/T7dBfxPNq9uj/qm8y3pGEP+69f/sPhCve59OhO07poz5fXbDzfdEe

1: CLIENT -> SERVER: 43PoI+Qt+KyLTv/tzedMXnN84tBrjyweH/NCtHma79AAAAD/9ElEQVTgqSigIkvbn/RFkSXZWydI

1: CLIENT -> SERVER: KBURRTkE0+m5sadq+F1CFlpHUID9otRXb40j9QOgl6Uh/Jjwi1wTGYJMpaKJ9IxiA6WzHIQ11xQ+

1: CLIENT -> SERVER: /Msp8GP3/NLLtzkMDaRb2COGpHOo8ElEuZAK/4E54GFfiyKLlln0kM3CQCWgRRWooyjsaS9WD3t1

1: CLIENT -> SERVER: 9ZAfqwdBT4BfDqGIRZZlrDVE5UlmZNlUYoG/aNnBPZR88BHdWn3G9ORbMprOa4J0XqQgJEaccLFI

1: CLIENT -> SERVER: cSI/z5EzPeN4XRKbI+DLBMoqJtM/zemKRRWVY8MIrcjSdWxWZIEQx1uZSz7aZR8ZvAXt8Hdrofp7

1: CLIENT -> SERVER: sa8uQj+lGIymYrZPpGI/VEdDX+1HX34/jNWXopq6DS89T6CsOnKHOHIGyL2vxPorS0x3UYllFZIN

1: CLIENT -> SERVER: RRYDGMZRhPtu1f0AY4+PcUWPRWPgrfPiVF2Byl2Jl76L+RIIPtmahWoSYxOXtNRlJbhWkhnbaOJK

1: CLIENT -> SERVER: poTHQ53Fi3T2T9qCQRZIZ8clXSPUFfXQled12LiNCBnwQYFa8AL1LB4W3/NphbekvhbE6nG0EZea

1: CLIENT -> SERVER: pC3xBNJRES2KUbYxmk0eETlMq/PQ1AFDDmEqDd5DVpE1t5iq2pJRZE2unSKriHDa+ycTL/E+0M+v

1: CLIENT -> SERVER: 2Tuh+BVQ8SssftEjpuYt6PQVfLtl7IpfOtov1Abx9dPMXfF/Wno2+9h6U2AV4UXqus2vD/6sF6uk

1: CLIENT -> SERVER: dihaN7R+OVvsYyskK4KWBIT9MnUlXyXHi2rh2OfrV2Gov98EnTT8Me/dW68P/8yfUltNUFfw69R3

1: CLIENT -> SERVER: xGHO37vwLLLKLcvDFAjeBfdKLSWcEqu/GEZFFu8HLsvVDumcOnb48/WeeXFDwVNnRdu9D0y8zP+J

1: CLIENT -> SERVER: ymn+hSZ0VVF8ttmPOIgySwHOT9uh3fOt1aKAiipitZRV7UAFw9Jz6rOjuFzuIMC5VGW3/57Ji/wb

1: CLIENT -> SERVER: TNCqoRO/cWWKXeYZU8QozKVG+WOg8YuDz09d7N9ovA4bBFxmlMvcGq/yq+oHtv9g9DnjdegjZh9O

1: CLIENT -> SERVER: v7DwcPJ24x1NeOq0ne+P9hmfQx9x8DP101Wm9hvvijF9Q/RCZYs63Xgd+gSZdZx98Rkfmz534vWH

1: CLIENT -> SERVER: xg5femTuWCUMPeWHmDTRIssziixSi/B0tRVZFO1yClRDlgVMdqjI2iZfq1GRVRET+bMxwZpKMhUg

1: CLIENT -> SERVER: nhLLVObtVGxo5YbUGZOj5prCh3+pDs9jrsspsoYM0i3sEUPSOa2KLHQ4eMIDD1CRxeUFrSLLC/Dj

1: CLIENT -> SERVER: 06YnUjNIud+L1TPgoqf9WH0f9CiY7FkkOQKGm0WqBdASiDsw0QKH/Odhch6ByFY+0gcI0zGaKCAn

1: CLIENT -> SERVER: w7ImxkmXIVTNOnUEcvAH5TIiZ3pm5HXpSbzOgvPw5RTXyDw6N2F9hRApSpc1WoosuTxWWnsQxxbg

1: CLIENT -> SERVER: PU+LqLq5bzejHX6oFqofpeKICfAWMlnn/e2ruSBUL0SeejrM1P1RXf3vqKbuQnlH2WcgioaqaNdQ

1: CLIENT -> SERVER: 2haEvPp0aFszFumz6jZlfSQUXtrf1b1QLXk+xiBPlOnKr6txxJwHfntdPVCvT2gREKrTQdPmRS7C

1: CLIENT -> SERVER: eOKbc2Uk4Vl4RRFFhVQIkguWP8tLDMmBDMsUWTSTRTp9HTZuI4IcwjYJ1CLu733o0Ee9uvp6tKRu

1: CLIENT -> SERVER: C2L1PfiPS6wnX5dyv7MYYewJ/lNWQx7QMK3OQ1MHDDnkPtIgKw2zIssCrH9JuM17z9Rrwp8PN6ud

1: CLIENT -> SERVER: JtihDQpfpHNZr42ypNLU2Iv9mze9Jvgx4x96HPlC/IFkNvuE8Z4yvEBduvma4JaTVej1C06J1X8M

1: CLIENT -> SERVER: oyKLe8xwb5l2mP9u+rm57yU/aLwOHYDp3NXVM70PjL80fLd7rq0cc4+kX6o9nX52gz3rTgl2LjVI

1: CLIENT -> SERVER: Reqogns8zt4bf7x+KKPV98jyV7TD+5Ut14e/abwOGwSHbqlfniWquGfe5M6bolnjdugjjt0W/yrG

1: CLIENT -> SERVER: id8y3pHF9BuCR91zob/gO/nxrycvMd6TwvhLvP++Wtb8GxXsF1H7bD19+gcrW6NzlsLZ0+frS77v

1: CLIENT -> SERVER: e5woKTiU71Gk3h4rVmSZI9EkhmVEIdJ67ZkpZuayUFReJKgb9805W76+9WRJrwCFce8bKhoy8wGa

1: CLIENT -> SERVER: LOElwj5GtgiJjY+/NlzcK7weh0HA9hJIukcL/wXSX1QO4ChBOo7dTv6lX5STeNMkW3DPtBRE1dam

1: CLIENT -> SERVER: zMcbZyC0BRlouSHKKh6RxxeFA/kfYVQa4CjKMzhEIA6iEktI8kkSoaIrdxqvgHVqDRQebfCppJAL

1: CLIENT -> SERVER: KWbsAClKp9PlDi8aV25/i/VtKO1IbFvGVtC6r0wC9erUV6fxvsZfhP6LcTyBDtqHjnsySNVDYaIe

1: CLIENT -> SERVER: 8rkcBcYJdFaEtFWUEWJcsPtgEY3zN8CmZhCb0Ta53S+Nyjf2O63E2E9UiiwKKVH084tYfg1v+YcW

1: CLIENT -> SERVER: QJof6MMxNTwrHk1UPLI2tgWWKbJMqCZ90PVqXIeDr7gr3gL6YsZP1AEvUc+hrw/APy/x4AEQ72fu

1: CLIENT -> SERVER: mcf7lE2IJLZVgUb7FgJHAIUrgJPPPyo+63GmkkSpsUpFTVWmlhZeWHpw7vDC7WCZEyb52iFTB9N5

1: CLIENT -> SERVER: 9fXFx9N/t/Bo+qX6YXXEr6qdwZS33aTY0KDAZe7++FMzdyc/t7g3++fpkrobwXUduyFQi49mtyw9

1: CLIENT -> SERVER: kz07vtt/OwZUM5sbThy/M7k5PpT9/4y3P8jU/qWns8/6kXdptN0buDJLLMy+FP90/XD2b02QQ58Q

1: CLIENT -> SERVER: THrXj53rX2+8TXg75jfc/2/Q+Eylpu4oWOEUMfdQ8qfpgrrDeB06IVXPxMfV/7TPteREluKVY5N7

1: CLIENT -> SERVER: rnUGlVdz30l+f/a+5B/V92f/YQM+604NZi6FZ8W/X/h++una/ux5f1yd7XhOoziXWtiT/hzbCsEj

1: CLIENT -> SERVER: zV+8Bs/zrox2ek5AvUFw9Evxh/AMvsV4Leq1F7LZ8Rf7bzV+hz5g/nvp5xefSn/GeEca9X3ZwxMX

1: CLIENT -> SERVER: BT9uvA59wLGvxH83S9STxntSiI+oWytnBn8/GFMjvXzlMIH9Im9OW8/a/L6x6XD3vDe3cyGpUX+l

1: CLIENT -> SERVER: FVkeBfrtpXsrVvp4RlDLH5G8Wbf2y8HKeo2cVs6Bfy4JxWXGKPzlsYLKvSjz1avSQG1CWj9j/kwF

1: CLIENT -> SERVER: lFAGPA8T+yiH4mSWYwrMgfgCtLKjOcxhbdGwkjM/xe4RrQOAcKsQINNQpUQlkyzRZ7KI5Q3SUKXA

1: CLIENT -> SERVER: FAnK5ZJyEypUW1UgipEXgU4HbQNNgLeonOBycjSIEqAgKrGoTK2jbBKVGeRFKjj4x/ItaX7S+YQE

1: CLIENT -> SERVER: 2sM/RhajpWYMhltzL/70Rck/4xooesz182SSCOfHUUpvyjM8sNema8lKslcYoPtMSELZtjqsir54

1: CLIENT -> SERVER: dRyoy9Ehp5kEVF4v4rqPoY+eCzP1vSBV9/l4yvipmk/Rx4ivIC0VWT4tqUBSvLQTO5ZHniVvOgnW

1: CLIENT -> SERVER: Y46Ol7SU8bAakob9ZOuNsQi/3EeLi9ZPY6zhEoZUmIXkIbi0IgyQ/Dg/s5m8csCPnIl9Jn4CiVkt

1: CLIENT -> SERVER: EsqxY5NWVJjKIF+efCPCtB3BZ8McnFwS7ACOz4AHaKHFzy7ZrhH7Ae2n7xPe++Ye5Z+0K9KRbIny

1: CLIENT -> SERVER: MwpoVFRfA/ljyBVZRaTqmWQ2+6IVxCw9mz2cxqpS2eydPewKjH6CXxPNP5zcYgUuFIiybUz0hkRW

1: CLIENT -> SERVER: U9+ZfyT9jfiomhrb7b/eBA8V0Fe3Ljya/pDx9hvHa/uzT8SHVDh2jn+tCVt1ULg88434ndmSutUE

1: CLIENT -> SERVER: OfQRw6jI+rmxJTw7jacFs/cnH93oY9GKYZRaxedaMpfO++P+Tr+qJk2qDQf7nJt9IP39ufuTH68f

1: CLIENT -> SERVER: yP4/o7ziYhkOp4KCUmv+e+l/qj2XPbER51Ktyqv1OJeqH8pux3vLRU6Ztb7B5QSP3Zq8u40SS5Au

1: CLIENT -> SERVER: qm+qJLu0cpr/MhPkcAqgEmvu4eSDcHIxl5EHFS71g1mG+eYbTZDDKeDYV+OPJDOKFuOnivna89lj

1: CLIENT -> SERVER: 0S7/OqfMOnXYfpFXmPNfu/sTk2dXrjzo7b/g8OJMEHKPLF+pKPBV4HOBJo3GUlcUnHV4++kEzyiy

1: CLIENT -> SERVER: jNQ4L0l7WTiTcFLWgDkFP6PhV/dUJnDfmp1K75P100uROj/x1HSiVBUZK9zrIEpRFCqf4CL4Yshy

1: CLIENT -> SERVER: udRcu4IdhhYNRZZlkAIMn6R+Jsom8oWk5jJustdVCg6h5RUVCwF4mS5P1VHmDKLnwYPzKJdLVqYU

1: CLIENT -> SERVER: hXupmgMdQJ6ng0w9iXDuK8HNjWm/PYPwYyh7BvmpwEKlEKprRaE4FRlcFCZClLw1mHipEyEOcw08

1: CLIENT -> SERVER: gGgdZvmdB16Dhr5PJA4uc7voRCCtwpBIQYq6CiSO+fgLry5g6CD1M3UkRI3FuuI62NesNbteKw2p

1: CLIENT -> SERVER: gPLUZhWqn8S9/g9roTofQTX0GveimscVP+N76m50wK249+/0a+pZ3Ou1lP3vYUwIVIRTeehHWbaR

1: CLIENT -> SERVER: hecNRkgA4piI1TIKDoRSEeZj2MCEQKWobxL5qo7OrSM7eyhEvgi8Nga+uACdx2VOL8OYcx7cp2WB

1: CLIENT -> SERVER: 2pwGahz5/ATnRX2Uh1HM57l8lXgoiEoqqaWcGpep6yJ14j/bSBRZrK+ppyiydA7+bliwrdgk+FlC

1: CLIENT -> SERVER: SxxAEz2JJr0viNXXgrq6y4/VC5KMlpbgAVpjoUOp5qYC1C4tKEW0oMCaw41CRYV9wd/DvrRgr+BS

1: CLIENT -> SERVER: TeEW7/roDP/66jn+NeGYGjNRI4/aMbWv9nR8e32/ui0+kX0WTPiciXJoj8nKGf5HJ18R/MSwLNs1

1: CLIENT -> SERVER: c1/yqcXH0oG89OJRcdmm1/g3r/b+cutlSZVhxrAtLci9a66f4G6Sy0Gh8NH/U99lvA59AKZylwSb

1: CLIENT -> SERVER: 8Fzb4V0zdi6ea1u9F5modYelfen3a0+nt9cOq9vS+ew295xbG6znuRTHqMW98Vc5l0pmstvwerRu

1: CLIENT -> SERVER: 9xBthSwz+PrwI6oi4geHdYD5Pcnt9X3q9vhYenu6pP7WBJcCz5Bf2vrm8HeN12GlqKn6sW/Ev75e

1: CLIENT -> SERVER: 575+Rb1505XBzW6ZwZMDP8CZuTP5YFpTXzZB/YGndoxf6N08dm54nVuOeuVo7ReRhl1w2e5PTpwd

1: CLIENT -> SERVER: XnEwO3De4cVZUWQFgWcUWUyihWanqsjSB11eXpItviDY14DDnIJ7FtHygfvm0ApjWvnqDXGo/t5S

1: CLIENT -> SERVER: pF6ZKHUWaBLpQyqyQq3IyqjISgMpk0K+QsEOI4BmRVYLyEMgKicSo8zSqUUtIooD5qJ1UgBeoIkh

1: CLIENT -> SERVER: i6EeoA4/l6Srwb+EfHWVqhgRVJpwp4ATCD8COmAUWdw/63mk2Qt6GnQM5S8Fmhd5TpZL5RUF5CFI

1: CLIENT -> SERVER: rBgt4wLiFuUajgwG8ZaShc54HTwgWNeY4VqRRZjLbAAJef9YC0P+2njhczoQILEmzbBBq2B4YfhH

1: CLIENT -> SERVER: H0t/MQh90aTIwo/ek8pX01mgfqIeqX+Ihr8ADc9l/Ziyhmt9CLf55zCV/0qQqMfQmzMZezcVa6yK

1: CLIENT -> SERVER: F0hbUysl52Fj2QbTZzLEYPITlUYaXE6SexRz7zXWJw0DlWA8JK8hWOdCRJolahLHl6LcazDmcM+s

1: CLIENT -> SERVER: 85NAbUt9Wb5yTKzD2MkgXg9On8h59EWL4gxO6VOmQclSK5TH9vCo9JKQja7IKlwx25GdAtTQRgfR

1: CLIENT -> SERVER: nI/jBnwAHXa7H6u7vFg9y+RoQ1pYiiILbUhFFhWUvFd51CU0I2ePYUehopp/1o8iqxUU5gebvGvC

1: CLIENT -> SERVER: bd5rq7u9ayo7/HNN1NBj8enkvtrzfDnNvp3MZ7eDBR8zUQ4rhD/p/Wj1LPWeqZeG714TAQ5eeo9+

1: CLIENT -> SERVER: Nf6F+Hj2H0zIwMBrn7rY+1BfFVq4nuN3Jx+vvZB+FD63N80qo3qm/webXx98yHib8KdLVfXO2mBZ

1: CLIENT -> SERVER: +vfGFtXvRLQrX47ZB+JPLzya/R3jdVgNeOpcv+q9KtzsvbZyundN9Sz/Vf6k2mJiRwbpnDq29Fx6

1: CLIENT -> SERVER: X21fdnt8Ivt2uoTnXKYOmWiHIYKdSwVb1KWVXd6rxnYHrzJRQw+ZSx3I7osPq9uTOZlLPWKiNiy8

1: CLIENT -> SERVER: UF3J/qycpq6JD3v3m+BlSBayvbgv9xpvR2R1dR8Ox7Rv+AF+fhVeo3seMzHenhuMeyf1/uBFajra

1: CLIENT -> SERVER: 4XW8X9JaeqysD9J6dgx8y/bN0af2nvQr6ppwi38NnyP1E+nebM57ysR1RTyT3Zcl2YrqgHrfjkP7

1: CLIENT -> SERVER: ycMqo1uf4304DKf9a4x3GcLt2aW1/RhDZrLbs1jdaYLXNzx1mj/mXRNtxdi/OTu3jE/bodfxo4iB

1: CLIENT -> SERVER: 8QjmURgHO97T3fihCPJGcsLbWz+a3Z4uyjxmv4laPfjqomDSuybcrq4pu2/bjR9tkapjWSLjylpj

1: CLIENT -> SERVER: C8bM0vmFF3hbwk2dx1SLbv0i0rDzLzv7U1NnV67Y571w3pG5eS/C+1QYoPfXWJFlrUootubdwOXe

1: CLIENT -> SERVER: qMjiJ0WvSQP1brz4XR176qJEqWmk8r1YZQFFllRk4SLSEDkpDKaaoKlwhyFHQ5ElhwJ8RCKQ0RTe

1: CLIENT -> SERVER: gkdiKiqMbkArLBhFaxijyEKaRjm01QLBzyUCa1mqFnCuOkLJY1RwUTi+5CMc8dwH6YhK1NOIfwLn

1: CLIENT -> SERVER: e5JH8Bj3ZVqScnkyrXygk5Ugj/O85L0AZZN0pXBAPlFkSRAc1E0gglY/OeAk7wuZIIJuq8hiaiEp

1: CLIENT -> SERVER: tpGKChCJlRMMIfLLxLWhirqW6Ct2EP7pZ3iSsk+o+PHVNGYuPxxH6ieWAnUJ+pRLOnKfs0O4xq9E

1: CLIENT -> SERVER: mfqvYaruQX8dRV8mmJlEyFdFmohmpWhstqLuAvKOnBCQAEP4xfnJFxa0mAsShNCain4/UCnK4x59

1: CLIENT -> SERVER: MhYhWx3niHEuKlR3IOzVGJPeyCUQQefAvRnnm0K6MZDuDvzgn3t/icUVLlj/svyGcoZRosjiH5Ve

1: CLIENT -> SERVER: wrxaFWOqa3JuJNiW4gEDvmmrGG1zCE1ERdaDQaK+4SfqW4h/Gm3Me2oc8ZU2iqxOt4d0yyigUFG5

1: CLIENT -> SERVER: dToqsk58av8jh6nIetokXw8IMUG6BpO/V/kVbztf3ryxbMtaCmVqh9K9yRG1t34ouy+Zz57ihHMt

1: CLIENT -> SERVER: X/bWO+RL880U4Phi3bAaAmB+IZstZYeG6aUXjwPZ5H/8PO89J6PU4pdsS0+lXxVLibnskybYYQCY

1: CLIENT -> SERVER: emVw6/hL2i8teNv8uLp4wEsLXjY1J8/Jdjj8+fjHHH+sAajcitQFFLxYwelaP9ssis84PNuOx8fT

1: CLIENT -> SERVER: 29O6egxTqxUJuByGCjKXEgH/hHf+MMylrGLUzaUcHBwcHBwcyiDSsAuu2P1fq6f7lx/wD5x7bGG1

1: CLIENT -> SERVER: FFn8yYwAkcoEA1s8ypY4EyHCZ88IkfFHq6y6F6hFHEOEnZ/6IjR+e+yryxJPbWNGLt8leSiwxkUk

1: CLIENT -> SERVER: 3OqfwmCK9m3h5gQOQw32P3+buYw+9i2OiKZomsqexE/1inFUWggvIWUC3o09xX2KfCoAmMXqBKgc

1: CLIENT -> SERVER: EOg9s+pZqmrIU0eiOhJQUZJR4o185Ely1AmkPQDPo6C7g1Q9ENJiK1ULIC5LOC+loQqogIfKhFmg

1: CLIENT -> SERVER: gpS8moLAvbx3KEE3iixWlHu4UeEm3GkE06LkEGISpGehAA8MY/n08ZdiD+o/8uuDn8J7iWWCIYRW

1: CLIENT -> SERVER: zun6m0vRVUWf8F6ln01FRRaXF2TQJtz3P5BqRdZVuOfZe7Mo554wVrdEqfoC+uop+FPkCdDWFY+E

1: CLIENT -> SERVER: 9hFFFtsEGdDOPCHPRa/+tcRftpvlC7YzTp2y37hMIctCa4M3EhCXOqU1GBWeNeQi743heBbCXwPm

1: CLIENT -> SERVER: uT4O1auTQJ0OHuDeWZtQdsSLldNplYoMpTwHDiTpSMImY11JZFghhJEfGMt8dG4osJVIRG4TJ/1x

1: CLIENT -> SERVER: BDfUXnTYd4NE3eHHoEQ9jqRMRUVWFfk03+n7WZYWlNzLwW4aCRQqqllk/VpkrRDyFRDapOkrLH7R

1: CLIENT -> SERVER: 41f8ZcqOTl/BU4mB+69JcFL80jH/Qm14vn7a2LDWDZu8V1kBsIlp6mMrJJMIA1oSYHBI7Jep2eh8

1: CLIENT -> SERVER: lTwmX+KCzy1/B9vUudZi0fIwBYID/cLQoS2GSZF1WxSrHxrjGgTtcfDT9SkcnJXecCH/wlU+4og8

1: CLIENT -> SERVER: GdNaxzsLzHnCiQuDtl8it3u+tVoUUFGFeWqcxWovxg2nrNp4aM9vk9k50eblVvFuLuXg4ODg4OAw

1: CLIENT -> SERVER: SIg07IIrd3+6cmZ42cFs325RZFWMIstfLUWWEbZrp6bUxmnw63kKHyU60wLk1AtULaMSzFM7kPY1

1: CLIENT -> SERVER: qafeXwvUG1Nf7ULdEq+uAi9VIuqmIosWWVQWmHJYKuvgMPzQQnv2fbG/2IvsWxwRTMG0/FKRFaB3

1: CLIENT -> SERVER: wavCl4gXBU9dK7KYRrJQOwGvWFEJpBDh6xS8FFMN4vkqYZmiEKVLcw1n4VR0HUbe76Gc+4JEPRWk

1: CLIENT -> SERVER: 6gWc6Fm4DyKcYoEEGTzwXZD4KkSZVKxEskdbqjxaC1JWwcsgX8LjcflL/HEpO/5xyUIul8j68i6R

1: CLIENT -> SERVER: CgBypRJGBYdWuTQrspgb6SSLXCR8wwetUDAXxSqaavIeRyuIsQ1BBSNbn9ETuO+vyEL1Y/VQvSMO

1: CLIENT -> SERVER: uHqo+k4Yq7+u1NUXgkx9H4kWUWSAi6+iLSoIC9hACJd+lw7kOMDz6DC2UoPwi0DZW8+Ao4woPkBU

1: CLIENT -> SERVER: nEeoAwsUxSdcdaSPEUbFJ+VP7KtxpD0L8ZfHnro2DtUr0kidjtxb0c8TSC+6KiqyDAlPSKnmx5DU

1: CLIENT -> SERVER: CulZV7aLVBwXpKuHQBkrdb03DmwDAdy4jO0AL+/5Y2ifp3HPPGIUWV/1E+EJ7mfGfcrGkVA/S9De

1: CLIENT -> SERVER: aHYOA53A5h4JFCoqfN1GkXX65GnHDn/72F/uf+To72CMe9Ykd3BwcHAYMIZJkfXzEwvqU3hetoNb

1: CLIENT -> SERVER: VtDBwcHBwcHBwcHBYZghotE08Gm8gLcoIx3jr5WTaXmhJs/LaaWg7NCSyrQgloJaBhQVZDlaTiGW

1: CLIENT -> SERVER: LkhmX/X4qeALKlUH/VTN4kjLCO6OQ3El/+TCtCQ4P0+D+OMwrNDdpPuS1BOQiQLqnFcZZrLq8iy0

1: CLIENT -> SERVER: gkKrSfQfk1GdxCUrJ5BwCrwmS8LBT6VXDcRl5Iitma9elnI/JL2M3JtAtMC5MgnVRWmgdiB+Aukq

1: CLIENT -> SERVER: KJfWWBSe82y0tCJ/ckm6JRLSLOE+orBd9Bsge8WEvQbyrgjf4SbpapjYotSdbl2ITTSU4PUsVyTw

1: CLIENT -> SERVER: jmVcIQIBXG6Q/UJbrcMI2oOMD+J+pxLry6DbA1reJGhLLhlHayytwAqQr7hUoVhjEXnx6HXGWTKh

1: CLIENT -> SERVER: DY7TfIHOZyVEWcKeLGSXcYgKLlr70NqKZ2CfvoDOopLz20GsnvIT2VNtEbm1SpRgSqRHQ4hC1RLA

1: CLIENT -> SERVER: XyoihR9YL1yL1COHzruh0dQcaAsQDxGISziSIonSLceuZ1viv9jUOXIeMDSSaK03/MK6fLLaLwIc

1: CLIENT -> SERVER: HBwcHDY8uPdrJyUWsfSc+qxxOjg4ODg4ODg4ODg4DB0oG1e+l3HRM5EvUybWSqsKK2aTk+GniXS4

1: CLIENT -> SERVER: KM/olLRaDcH9i44IpeoEQpayTPRTTKMpE+G2Fj9bag8q0toq0xyGA3n3aYdY9Ugnaz4Rax56c4m0

1: CLIENT -> SERVER: SSpMwyRUbBglhfCE+ZM8Op8oZ5km43JyiexrVUUcLWk2UTkF4kKVvGHGQWci7uWpr65LAnXTUqR+

1: CLIENT -> SERVER: aDFUb4pD9co0UGcjbjvKmvRojUWBeqYS5K+DaFG4SEJJ3O+NyiwuZci9vvhn+VYoJekbk8uhCcGt

1: CLIENT -> SERVER: lbr64mRvJ1kqkcSrGm7oWqMdeQ3mT2qO68LlSxtQkaNTeaKUYh4uJXg/6JYwUf8t1FY3zyJtLO1h

1: CLIENT -> SERVER: +hbxuq91XvlLQUgjSjKQ5R39x/NJTn0+HBqkw3T7UpFlFUxMxzim4bKD7Cu4pfhMzaPPnkXKh9BZ

1: CLIENT -> SERVER: 30XnPa8SNQtaylLUVddB6olMllgAlyek0sUqXjThh30rfc3aNGhjQveYtIC0jQTiYJSYaFv7IGMY

1: CLIENT -> SERVER: O8X2t+1l5i/+jTJ4PdIMhlqvhvzv4ODg4LD24N4zxrkMkwMcqz9R4Sc37RGfUAfd3lgODg4ODg4O

1: CLIENT -> SERVER: Dg4ODsMMypAboCRMy/+E+gm+ptlXtVxQa09ofq0Qlwl5EEgSbQ9BZQQFx7RxqYPmQMdA3L9IW8z4

1: CLIENT -> SERVER: ojDIjERYroMFmDJF2pd7HEYSNE/SHQvCD8jzfCV7YZHQ71T+eLL8GhyiCdJLkYkSi1klnsvY6aX9

1: CLIENT -> SERVER: GrcBmY27sZHIc7S2CdU4aAJpJhE7gTSbkWw7GPUMnOts5L8Q5VyehOqGeqTeFkfqjYmvXoU03DNp

1: CLIENT -> SERVER: Sqroq9TnAoANihEWo+6ylCBI3w9EJkvkNRRXRkBvwqxiK1dkoSySKDxIcA+1ABv1Zt25Yqm+Ag19

1: CLIENT -> SERVER: 7RZa8cCr0QpGT/Ygewz9eLtfByXqCXTiDNoCjYk20dZvtMphuXmhMg7gWCicTjSnCTOJ5RwIyr2o

1: CLIENT -> SERVER: I07us6EBFkEOShFOynASD6THo0RFaapCEHkO/2oWaR9H3F2o5/dRz3044XHw4gKOVp0ijGiUWGBb

1: CLIENT -> SERVER: IbCNEC3AdAOZI4lVwTlUApIL2GjgNYPsvW/6TZoI4T7ahs1DYjI2GdPKnnOStwFTUkuog4ODg4PD

1: CLIENT -> SERVER: 6mBsd7BsHyOLc/jgHwBojfU7UdN2NU2YezD5hHE6ODg4ODg4ODg4ODgMJQbz9tRveBQsZ2oB9IxK

1: CLIENT -> SERVER: 1T4vUzUEchky7nOkd7WhJNOJK9ct2L0CkVjjjwocuLKGwkr6nlqrIixLSLzOq4mw6Rt5GENVVxVE

1: CLIENT -> SERVER: SyzugM3PaneAtqee2pH4amcWqN1poF6eBOoqEK20qMx6I+Jfl/rqFYh/EWgKJckKnsKpPHqiPKE1

1: CLIENT -> SERVER: liWpFmHqyPPzJpV60G/CzAXSgWSadIzEDjdYdbSNWMJZfwH2CuzVMJr3+j70y2O48x/PEnUYgUum

1: CLIENT -> SERVER: q9guvOMDtAmVS8whuh7blXSvGPrs5Cse2b7c/0w4A1FagcLzZqqC0ApOGJLvEFYDcUf9B8BL3/Ji

1: CLIENT -> SERVER: 9RDqfABpqHifRXr2s+5IEqqHgrTlF4+6fDkHT5DrWXlynF0ujLTBwTYykB6SpqGFnlZcFaI3bmvZ

1: CLIENT -> SERVER: Rig2hoODg4PDhkSZNRZR35/+uXE6ODg4ODg4ODg4ODgMJURESgy3sG+5JC7zU7UAegL0JIhWEKGi

1: CLIENT -> SERVER: EstYqDQuzWHdg0oso8hKNTXQhrObdAHWYyhnNToaPEQfdQrc+2oMNJFmahLnEUK2CaSYzrSV1oWp

1: CLIENT -> SERVER: ry5PAvWWJFTviiP1g0mkroX7kixUZ6WhmkZ8BXm4JB7/UlQ4JuF0tCzk97IkWgGJxRaOtoaWs0m2

1: CLIENT -> SERVER: qhTb6924rEJr2EElFq3ncBUkA9ttvAJ7fWyfGDHcZ4qKoBk0AvfHW8SR6ZkuREIqssSIia3EhqJp

1: CLIENT -> SERVER: FBPQ3SOWtxxDSLSiaylOzkWeyGTUiUBSB4n0UWdf7YPnniBV9/qxetZP1BxoBu55HLUyC0mpEUNa

1: CLIENT -> SERVER: /hYhSi3kz3wuOyi7rMFjyKEJvN9picmmSXBPsbV0P2xspGmGoYPk4ODg4LCR0c0aa/aB+NN4hn7X

1: CLIENT -> SERVER: eB0cHBwcHBwcHBwcHIYSIu/zuFCWNj1YPVACXDQ3IIxTjCjagPYQ/MsTmnTcY4beOmr8bJCqJ0CH

1: CLIENT -> SERVER: EBZL+bwMHgmTJ7di0PnyaIchB/uMaO0w258t6BLciLZMYEOoHNAxEi7KhSIB5KECcRk5vexfqsmk

1: CLIENT -> SERVER: jECbkOS0xJMlB69IQvXGOFQ34Pgm0FVpoC4C7UT+8TRWYRKjvFSUVRQx1FDIEohWPbXAU0tg5zoK

1: CLIENT -> SERVER: R1EgFAyisiYArxc5HTFyFcUrGVbk97Voa3gFon7SJBdk73teTyqKrBixvDYLuxyfh3YJeERyyYFC

1: CLIENT -> SERVER: ZM8786dDDSGR/TOpBblOyZAU0iN0nbT6kDwQ4hwkmlPFqNxzCHw4zNTjfqIOg+a9RM2ht9m/kgsX

1: CLIENT -> SERVER: Ift4gV8CkChkeA2Ip9UpFV4p8pBDdAv0Xrf1iqYWoIf3gvCS7r/W+0KTda0zyGUtvzZZkjMRvR4Z

1: CLIENT -> SERVER: Zx1euIODg8PIgN+5rCm6WWMtPpZ91DgdHBwcHBwcHBwcHByGFpT5UQIbeBHcRQngasAKrrW0Okc7

1: CLIENT -> SERVER: RZaImyUdSATDJHpTWT6MztTP1EyQqedwJB0XCbDJZ/MAIthOtWBbb/4vwTlkTxyT1mHtwZ7I97PK

1: CLIENT -> SERVER: +1/HUSSbLx8Ij6TVMToOB8ln3Bqm78VlYXxMyKPwDp3IJftN2dzF+AJJuFUd6Z2vxlCW7KOFMio4

1: CLIENT -> SERVER: hkgygeMuHF+KZFclSl2X+Or1qacugf9s+LekqaqCNymIl1KoAPFJnqqD4gAUKqGER/C58rX9lThB

1: CLIENT -> SERVER: vAT865qg2q38PUyQ+7rQM7ripieln0kIE6Jtjbaw0QmRCl2D5hESzZEds0C6a5AexCMD5I9loi3l

1: CLIENT -> SERVER: Ps//kAVJilQ4jSlLuyUOP55pbPvHtibZPc54GkqrSPwygHujsS+fpzIroOVooua8RPb7WkCGulik

1: CLIENT -> SERVER: IR0KIPngDZ9udKRcB86RLzmJc5OkMqzPhgbagp2D+4ZtZZ8TtGvTi3ayf9lIOp2khVun0r9C7LAR

1: CLIENT -> SERVER: gH0+yTOqUGV9VSC5RuPhIADIpdFcUGs/HRwcHBzWCHi/usY4l+FH+JXSKuPhIHHWWA4ODg4ODg4O

1: CLIENT -> SERVER: Dg4O6wIUA+egHIxYC/Eez2mJsGLHYogObRCld7Rk4ZIZT3mp2u9xGTItXJb8kkXnayaHYQfl9SSN

1: CLIENT -> SERVER: vMe79570N2BYh/koybX5NDfBJxJwcg+ONo/E8paw2hGLRglMKkQPK0jlAsgHcdlBKrKmkXdr5qnN

1: CLIENT -> SERVER: oAkw4xiSUKG1E0cqtK6NffWOeqDeBLok9tTpCNuEtGPIRyE8NcqZj+v1cASlnqeXHcQ5SKLYYA1Q

1: CLIENT -> SERVER: EavQa/4bXkhLmr4RAqS+RkjfCC5eD5VGSAWiNSaVWUJML2SE/DY1ldZGcd0oUH6agWh2X5sYXamc

1: CLIENT -> SERVER: 2MatYeaACN1Xug5UpoT4pVUWlVmp76vnwkzdHSXqW0GsnggSdRytsIC8NaRLxLQMeUFUZrI+UjbZ

1: CLIENT -> SERVER: ktcAhyjfEcEjx7b2Fd44ME2kf9BOwhpwSvujL9gHvoSzIQ0JmhtufTUjr1E43rQFl9gNqAuVWw7k

1: CLIENT -> SERVER: 4ODg4FCOSb+i3lbZ5f/G1CuDW7e/PTo6+bLgf0bbvH/hhepqk2bk8NtjzhrLwcHBwcHBwcHBwWF9

1: CLIENT -> SERVER: gBL7HFoU1kCrXwRk2tkfFArUzuYzavHx8jOy0hTTWRxAkocCpR4LMtk/h8uz5cJ+ki3GZmlkbaBd

1: CLIENT -> SERVER: mMMaQ3dcgw9InWD7mgSnUDGPiW9Ca3nF9MshJSCa9RFC+dqvy6alIC2xxhE34flqEkQF1jiiJ7NM

1: CLIENT -> SERVER: bQLtSpW6EHRV4qsb01D9YBypt8Shel0cqHMQNgHOpuLKglLoOspdBG+TlkIQFVo4Hy2PRMkC4v1Q

1: CLIENT -> SERVER: yCagtyVo7cH24r3Jfspbrh2aa892plfWQMWR3zCTbCqSLYvNoqX3COU/G4YJSs7WDEm8HPkJDBWc

1: CLIENT -> SERVER: un6smy+KrCoCaJnFouZR0T3otzuiRN0exurJIFFHcf0LyBlLOZJZiAotLzXLDYrWijDtZZNtSNiW

1: CLIENT -> SERVER: Xt4MbBr9TECb2T92CJkgRSTvEUmp+ylvSvkxRDCcpyANJRoV09Xmn0a7KntJKi2gfQ4ODg4OHRCO

1: CLIENT -> SERVER: 7fb+ZOdN0ez2d0VfmL42+NXxl/jX+5Nqy8Ql/ju3vCn87R3viW4fe7H/n5F2SmfpHXjWyHRgLfC5

1: CLIENT -> SERVER: Sl19gV92dICzxnJwcHBwcHBwcHBwGCU0KbLaYRAyPREC9yhAZFJWmm+F2nrFU0fw+wgCvw/iXllz

1: CLIENT -> SERVER: KlU1LcXUGYpwYr0Rg+5AYQ84hVeWgbGmv2nSIlzNH1Hv0NOAlEFFlI5vpiKaGVLOgCS0sGkihHNp

1: CLIENT -> SERVER: Ob0InkmPdB4tQ0AR6jPmpWpTBkKqKdAWJHlR5qtXpoG6Po3U2+qRekvdV1fHvnpp4qtduEgqtLgH

1: CLIENT -> SERVER: F5UyMcrnkoK0xqqBlvxULYK4d1RK053CZbdexbBBKw9oWYS60yqOlTdo6akWIFYURY3l+7h0Y8hr

1: CLIENT -> SERVER: t8Wg3TJ0EvucPdHMKwyxCUkakq4NadAlBYuvFaL0AGyJmteoyFKyXCRJK9t8NQdeeQSV/WaYqPuC

1: CLIENT -> SERVER: RD0vSwxqhSTtAm1eXlkA3hDrrJTUaBfyX+7ZsFjeF5rv9R/bmiRg2yF5WZMxrkgODg4ODhsHXqSu

1: CLIENT -> SERVER: 23x18MCmK8KfMkEdsek1wY9NXxc8gIfFOSaoJ4TTfselBa9axaUFuVrFRyvckbMzFvZkHzROBwcH

1: CLIENT -> SERVER: BwcHBwcHBweHoUdPcm8RHYoEus8wMkkRONNtqQO0+oHC4UxF8JFC0BJoH+r3BF7a9vq0dkhVIlJM

1: CLIENT -> SERVER: ydQWcirEyelKzukwHJC+KlAz2IFalaCBBFpjIiHaZQCHVmRpasRasmBOSw3FCPOKAsujEgtu+hHO

1: CLIENT -> SERVER: JS1JCVKKIY0oHZAL5HuxqoI2ZYlRZim9BCEK3JX56jwqtRJfvSH21Zvqnroi9tR5iad24JImU/A6

1: CLIENT -> SERVER: FRqsAEADEyQBaWUtzydR+lQjAK3wkz+p8PKeaEYjxlqgsGlFiQViu5hi2DmaTHp7MJGGyCcNXinG

1: CLIENT -> SERVER: FKldSCtM9wqKqaR+8FWyTFV5NBU5wTEKzu/4qXoc/XcC8TUUsAiiMpQ5qYSRXxRGJZYQowB7Dnue

1: CLIENT -> SERVER: jQVpIMBevW5TC/YDlZxC9LdQJ/Sabrhhao82oMvyCMYKGm2S2R0cHBwcWhBu8X5+x7uj26pn+C8z

1: CLIENT -> SERVER: QV1R2emfN31tcCsG2xUps9YCvzG2qJ62k5Q2OHZb/Kt4WBwyXgcHBwcHBwcHBwcHh6GHlpEmKslo

1: CLIENT -> SERVER: 3tGCZcI9KgdAjT1p+glzNrxzNTboB0Qq1zgXK8zvF2n1ECHcN3vMzCH9036iHg1SNVN4caOIXJes

1: CLIENT -> SERVER: /1h/LUQ3RRtyGDIIr9FhekfchO5DHQAqdKJOyXAdIH4TJ6n5UwBZLAMjaFVKnlRH5DChxXMWYPPo

1: CLIENT -> SERVER: zWj0/lW0sDG7b0kYUwRwVRE6maVqAuVzuUHyMFm1mnqi1DofxysTX11X99VVoFfHgbog9tUOFDaW

1: CLIENT -> SERVER: gNdRoGVtHqj80MqzBulzajJJhwpy70mr6L+8OamhM+0u96Zparlr0fa87y1JFiZldnMUEtiMkkq7

1: CLIENT -> SERVER: TYK8XEAO/GG6ZWTjeALjFuQR8qfRCLNgNtaTyqwI16RtxBgfqBOerx5F5GPozP0Yr2a8VC34mapj

1: CLIENT -> SERVER: UGtYXOm+9tNEeSDulaVhVX4bGKYppBWkW+VHGp1KLFrp8vmgLeEsEM90IFly0PazpGilHoBklo8G

1: CLIENT -> SERVER: Dl4ukVcZP6YucmfZ5mBA7OOpjid7I5eDg4ODA+AF6rKtN4QfM94VYaXKrHB7dqlxLsP5mPOtBv6q

1: CLIENT -> SERVER: WlOfCjgrbI/a/nRP/VD2W8br4ODg4ODg4ODg4OAwEpA3qDTNairx6hTyUeKlheAUkGkhMoViolyS

1: CLIENT -> SERVER: 8JOEzcjCjOBNYMKtkFlby2hw7x+9YT88iNQ1ofKqQLKfjJJluvbC8XCQqhMe81Gw76mYherLxAFl

1: CLIENT -> SERVER: w8kgEaPLNSEhEksygZysQIQ+b4OKaAmX+tp8DqcG3aYivkeTWpLmlSg6SESxH3Q+xmlf44+w6gCb

1: CLIENT -> SERVER: qhc0ymkDWw2pmCbhKxA5j2TrTp7lkoER3GNwT6UguCfh3gQ6C7z8aoTdkHjqxnqgrosD9Qq4T0f4

1: CLIENT -> SERVER: RKJUSEk13PjViizQEgqmVWIdFINoKcYrzK8eB92GRdL1IXgQQjqSyWYSNNLa9BY2WaGEAhFNhQmh

1: CLIENT -> SERVER: tDy2HRotR5KWM3+N3KZajdMYSBr86DFL57El6lL7D1tqU/0K5KOtSbrtPLUI2ofL+q6fqu+BDiKC

1: CLIENT -> SERVER: e/qxD6kElYSSXuz98nJ0+fhjOUI6nfFokjA41y3yVsCxcN3mohmqOUYfrZtY1iwmm21GiUdi8k+e

1: CLIENT -> SERVER: aVhg6qqfgbp6eRCIITxi2DB+XjufjyoBG1GSaYMdHBwcHIBNr/FvNs6TApVZO38w2hNOe//EBHWE

1: CLIENT -> SERVER: V/V2GOcycO7XbzyF96Cf67Kk4My96a8bp4ODg4ODg4ODg4ODw8iAsj5qfGIVZ7GvRG0kX3WLUExL

1: CLIENT -> SERVER: hSUJw3PFjwmg4ku+cAeJZQvSlr6TeZkRNJOQl0SxHMriMmMknpdBucAdkSKmkwowLarMRCDPSO54

1: CLIENT -> SERVER: EXWVqkN+qp7xE3XMSwrCfS4BhxRegIRIz8Qkz9rQWEkf4oTo4fkMyYltnIkvQi64QTaHQ7+gW5QC

1: CLIENT -> SERVER: fMtvwnMCCTRkeYnEqAL/SNfo/tH56WJ4e2IxrdC5dT5a2Ngl7axSKPdTCyw3EPgZcXChLmQ4ayfC

1: CLIENT -> SERVER: MgDEBYgch3MzUk0LeWor6ncm+Pqi1FevBV2XhOpNcaAur3nqHDDqJCjCOVgG2b+GojWB1z0fNzL4

1: CLIENT -> SERVER: HWXIeQmk4TX5JKk364tYJpC2YklIj/bJ88AvbUmXSa+vlTEmG10mv44z5SLG3suS2LS7yZSTLY9x

1: CLIENT -> SERVER: JkUex1bTfxpMlyuDhCS1RtEJt+5D4+ZfnscSM8gAIFmFD9pQW7AwQ/oaTbgJlmyoJ/+szZnKUhXC

1: CLIENT -> SERVER: VwGFbCucex6/D6HzvxUmag+OsyiHe58llomQ1pIos2z7y18hiYAeSxsAwk/i0A1hSPhbCL3LKGko

1: CLIENT -> SERVER: TcWeNTm1i31liX9SFto4P0cHmNP2E3J7NJGpr3iYgOckH+grsdetr0EO8OukPPoYC7JE1bM0qyMk

1: CLIENT -> SERVER: 5xYHBwcHBzVWPSe4zLhPHhUVbX1L+EebL/fv9ie9HzWhyzBxYdBxj6yL+7xH1jyeC+8fXzC+9jh+

1: CLIENT -> SERVER: Z3JzOpd90ngdHBwcHBwcHBwcHBxGBpToUgqWijNWlOdpYVgRniHCCs1WCpu/FSbcim7t2YuntJDz

1: CLIENT -> SERVER: gkQcjCMrT6GlvAbiuIQSjnqJ2uen6jAi+SrHdZW4j5GWcDIdC2BB+oz618sttRpnZQzTWdjwbug1

1: CLIENT -> SERVER: nUN3NNq/2KriLnbNgCA8B6ICivu0aaKb6glDYBs/yZQHIgvppQutEoskTAgiEANepDJrGrQFWbjE

1: CLIENT -> SERVER: IC2zNoN2It2FOL4uDtWb6pG6thao19Z9dWHiqe2pL3vEpeDrxPPFOosS6+JeXbJfF4jgGXP5PIN0

1: CLIENT -> SERVER: sL4VukDyGiqikbU1pojm3NrVHNYZ9gyNMxkxviZkt8fmohrpCR1tExXbvxtsnvL0zbHNS0vyN0hT

1: CLIENT -> SERVER: NUZCtapSaU+9gGrcC0a6J0zVE0GqZuHn3me0sBMmo0aUzJR3EK5ALtYOVM1n3chgS9g7yxIhzaWd

1: CLIENT -> SERVER: PWGl6QePRu2aeh8PRvKaxJoIL8bQUE/qWZLVJIGDg4ODg8CvqI6KJeJnMOe6bX5c7Z2dVDfKmr/l

1: CLIENT -> SERVER: oFJs+9vDv9z61ujA2G7vTyo7/Y/6Y957cJ4b6DbJlqGXsleKn5lYKN0Xa+mZ5Du1Z9KfNV4HBwcH

1: CLIENT -> SERVER: BwcHBwcHB4eRgrxFZalKg0BlXuiJQYpIw+x7EAVjRakZwgctFjOyX6mHHHB+WVYQ7hAe388UK56C

1: CLIENT -> SERVER: uD/WU4h4HgmX+FU7iMJh+doelacYXIheUyYLKp6D6TTE0wW63EYeh9VC3j0dsTy2lx7sGehi8o0Q

1: CLIENT -> SERVER: PJr0n17Ky/iK6QxTFThPiGGWb2gBEsLPpQa5zAyVWFPiVmoK8WfSOisJ1Y21MfXeekXdCHpNHKoz

1: CLIENT -> SERVER: cNYp5KNCi6DyhMqsJeRZBNVAMW5Wo1OTe4Hn1X+6BgxiPXlP69qYH3Hog1bIlIEl8W7ksQhbUJGI

1: CLIENT -> SERVER: /OziOxk0lVooqrzk9qGdUV4aUUzRSGUsfFg7/LN9Q1AVjVyhHymoPH8OTXZ3lKhvg17wUjWHhDWQ

1: CLIENT -> SERVER: tWYz3aWJP7zQ4sUKrL8YthGANhI0+JkcSCI2WmsQ0iK4cM0NXpZkXmwssmxjOTg4OGx4hNN+R0XW

1: CLIENT -> SERVER: H9Yq6l8vjIml1ASet388P96zwincrHZuuiL8qenrgo9sf2d4y/Z3RV+k20QvwxtifoLRP/ze2KL6

1: CLIENT -> SERVER: Aj+AKcHMPek/Mk4HBwcHBwcHBwcHB4eRg7ydZUrVs7qq+7Es1ieCV62tSrXclGIxEY9ZZIjun2xM

1: CLIENT -> SERVER: C9405TABVnZblN+yfqx4CAoQFuDFzQelHvfHUupRuPlF4iLiRbiPMBqbqTRVXgLCUQOlyJKDvpTP

1: CLIENT -> SERVER: pb2sBUt+MnqLlypC5gIxUrQAhiSNyeuwDsG+bRB/yYvWIsveKTa2EaJTaWqkEBJ+0eG07qqAGSdw

1: CLIENT -> SERVER: J9JSaxxuKrR2JL46Pw3Ua5NIvS2O1LtBb6xH6oIkUJuQjvcCSyDI3XXkqYEfSTECEsQmKD0lv4O4

1: CLIENT -> SERVER: 9BhFKJaFtbUZ9++iQs6Ge437TyfDD37FwfA2CjqTUJYZtKQDTKE9wGQRGnFIz+I6SEVLPrbPLMar

1: CLIENT -> SERVER: x/1EPRAk6jGMWQdBS/AnCM9kfTxyA0lzkHSEaB4N2c6RWB0mfVKMMiiGFcNHF7wIcHyxPSSMTMM7

1: CLIENT -> SERVER: gEejTrRRkg7HEjAXkWcR31rA1kSjWA99Za0pNOztGWc+RhAvgT+Gv1yy6eDg4LCBEM9k9xnnMjyM

1: CLIENT -> SERVER: 53ARK1VmrQSv6uOygn9VranfiWiP3xnHv5b8Zpaoe4zXwcHBwcHBwcHBwcFh5CBvZmk9WcqyrOaF

1: CLIENT -> SERVER: nhhtWJkzl0WjFNCIUXNYHwVm2nogU7I3TUbScStF8xlYthXKFoWz5lyIZcUp4hUBPsJ8L5G4efgf

1: CLIENT -> SERVER: R9rH4T6C4wJoEW5ZNVGkfMif6nrqK2NJVGQ1zsGjBh0kXlQHYkG5H16U03WPFYd1AMsbzSR/hgc0

1: CLIENT -> SERVER: HxTCC3+IbJD4TVJziMBPVdAE2IqClAmEcdnBs9JQvTwJ1RvjSL2jHqlr4lBdmPpqG+KqOTtqXk/B

1: CLIENT -> SERVER: 57TGihEXZ4FKqbqickRIn0xzvzm9yW9ZurHvHe84UzmBSSC/krOJiikbaYtUjmJp7YBqNSGv8zCC

1: CLIENT -> SERVER: lTXEOnKfMo5ZEgX/IfTKw36i7gkS9TyOYkWH5Ilpd/mTvPBb4vVLG1gHiP0phHIR0tocTEW0i1sf

1: CLIENT -> SERVER: 4BVaakZ+ze2ii2GS0DwnBg1bSUtES331k89SGxTycousLMFt7yyyHBwcHJqQJdkx41yG420mE5yD

1: CLIENT -> SERVER: /cXchPoXdfv0PnVclnrqcszf+oHbolj9XKVmfO2xsCe9tXYg/TXjdXBwcHBwcHBwcHBwGEmIIov7

1: CLIENT -> SERVER: aMjG8Ik2BMgF24w0yP3FwFWGvE7ifA3BrQadVgBPEisHvHyS+D3ifiTYg4i9fqqOgBa8VNVVKoL9

1: CLIENT -> SERVER: fJ012cTGlGAE9fo7/nYyP4YxVqdoBv2WgEI9HdY7LCe2drrhq67MwPhCmmJyuCniqICvxsFaU1mg

1: CLIENT -> SERVER: NoOmUi53E6odcF8M/r06DtTV9UBdCn7eDf7eAhblXky8J8iT3P0uSanI8sDyIN8Hkdf1yZiKSmim

1: CLIENT -> SERVER: l1ojQOQ4IH1odx2M6RX2viFtRLDtLOnfEE0RsZ1xrIGeQs/cE9bVnqCuZtFONc9XKcjykcd9sWSs

1: CLIENT -> SERVER: sgoM2/7Fsi1tZGjFH1uqFeuDAzsosFogadAIXpbqbfJWdsM6ODg4rG+kqqMi62gbRZbFLy2Oqb9d

1: CLIENT -> SERVER: GBMl1KniZ+sV4zo1UIn1Q2Ncf6IzagfTJ2fvT95lvA4ODg4ODg4ODg4ODiMLkfnxq20vVYnn2x19

1: CLIENT -> SERVER: ir8a8rE/hWPFwD7DFl18j8yVWG3OySBZsgvHEB4e+TX9PN5S9wapegR0MMhUXWkFF3VXUiDLlyNL

1: CLIENT -> SERVER: IFlIhKFWIKyYtB26xTs4dINlScNLtOCJcBxPPTUFmsh8cLcPnvbVGOg88PAViaeui311DY6vApOf

1: CLIENT -> SERVER: ifRTyB+ZMsj7/FaXoo4lhJG43CZ1utr6RNt4yFKDoLZAxLLbpSNsonb30caEbQkOuCEakv0ZyRik

1: CLIENT -> SERVER: 1Ax+Hgti9QDoSYxZ3N9MtyF7hDlkmAYYzsVPSXC37Qt7po0HNocm/exqxUo0OkxnaRBo1F1T08mX

1: CLIENT -> SERVER: RWrkTjjozg3J6PeSDONEqlXZDg4ODg4WWaI6Li3YbY8pWlF9en5C9tLaLZOilYOWXe+scWZ3auhF

1: CLIENT -> SERVER: iZXOqqPHv5a8Ec5ZHeLg4ODg4ODg4ODg4DC6yBVZaebV4dFvcNRW4QXNyLi1EstQM6zkrD20QLH4

1: CLIENT -> SERVER: xxz6rxVUXlmyoLMppS4gJ6blvj6a7C5FVFyl6gUvUY8HqToKP64N6RljhMK0cGBKXGCWpflRZH68

1: CLIENT -> SERVER: 6FwiKNlaCPksSYVAxcYxdXNw6BmWZyzfGLYyDA6H5k06uXwgl7mpeL6KwMtTSLgbKS5LPPXWJFBv

1: CLIENT -> SERVER: AW9fivizEb4Z4bTqotqDS9YtgRZ4RNl63zhaZqHA/EYn4R+3hxBC7f2ol9wkIQy8Tu7HjaXz2vtF

1: CLIENT -> SERVER: 7gNmtPcI80nJ5hRSIlOeMvKyCzSUYL1M3aSVUNEQfVQxxD3JGHEcP/eHifpOGKtjXipNK+NUFqIP

1: CLIENT -> SERVER: 7D5ZKZoWPWb6Ib9mpuXIbfvx/8/en8DZmlXlwfh6h1PjnbpvT/RAzw00zUwzCAoBYwgqGhF/6P/T

1: CLIENT -> SERVER: BIcEE0V/hqh8GBW/zxiN+kVjImrEqIkhisEQJCQCAoJNz03PTQ/3dve9t+9869Z8znmH//Ostfd7

1: CLIENT -> SERVER: 3nOq6t4aTlWdqtrPqXXePe+11x6qaq13710ndqD2kTmrHXdbHdomt14DOvRIrn3aRsqH4xAPSwW5

1: CLIENT -> SERVER: 6XPwYP3b+VgHV5FdVPU7oG3ms9NI/S2XZuhpnixa2Km6FhMQEBAQsFbwb7B3N4fkizNj8qfzI/Le

1: CLIENT -> SERVER: ZR4RyJ1c3NHFnV1rxXKMWMSZz2fvwW+Ap503ICAgICAgICAgICBgS4M6L8nzYj4qilaaSkHFmFda

1: CLIENT -> SERVER: q3KsgqrLzEn0eBcDs/tk50m6LHTuBqFmDq6SPJaSlLEastSgBaazKJdjcS4H8DyBdE3k4J0z3Mli

1: CLIENT -> SERVER: TaaCmEd2RXq8lynkzVjAsnu5VX0yghhjRD5qZXW10KcKCFguOiNLodppRxqmg9TcGN8JgodB46B9

1: CLIENT -> SERVER: GHf7i0guA11fxHIr6O/nDXlzzruzEtmFLNzVxXlCg20OaoFo1Gph8GfOMKIzC+H1Ia37gVil1ssw

1: CLIENT -> SERVER: fIH8R8tlnMZ76qSr7nTSVBoB2mlw8nHflEAKyQ2ViYygr4ZBXLdofH88yeWBRi5PJ6WcRcI5pM6R

1: CLIENT -> SERVER: TmjIQhruxaMhi4sW+8yXa4Ab/af3FMJNsniXpubVrNsYfqSRdN0m0Q3aKvD8e3j+l2oDp67GIZMe

1: CLIENT -> SERVER: D5xgJGTSLouCv/64eAQEBAQEOBQzSx8vOLvMX5I0aL25ncovzI3Iwelx+fzsqO7UItG49d15ou6P

1: CLIENT -> SERVER: NIflztkx+dTMeF/uxVq2Eesz2Y8X8+X/cN6AgICAgICAgICAgIAtD+qqZXzP6OuG94xcmY82nz+b

1: CLIENT -> SERVER: zw3pjgsqw+IIFKtbQWWZ//+OYT58SVDd3QMXsEjMQvg6yADrrcjU4tS3M4Gp+Km6LaXAP6C62wRE

1: CLIENT -> SERVER: hfFlZSzPwz+b+0CjSJcgv+rbqd1kKfgp1ZrFEnhzEJ40cjEC+bVqOjWFoYpzn250UgUEnBt+rNSf

1: CLIENT -> SERVER: GNUYdDY8Xbhqqd1IQ1zsSO/QQtQw8vH93hGk2A26EGn3gEZBHKUc2Tky824sNQDbBMCPjXcqvv1o

1: CLIENT -> SERVER: jbijClBDiTKhVdYTwOk9Ptj56+kIzd8hzVeP30FgHxBqJ8T6krj1g+tVBiqwMDURyQX54jyRvYUd

1: CLIENT -> SERVER: HcljCJmyy4ilJTm5an941GIYpT6g6ocaerxbGXz7Yh50EvJ7BvJ5Js7lBJ7TkCt3Bvr9bPxQlvo7

1: CLIENT -> SERVER: wOXtODYX9V4k6vyxL61nu2EtMhRYI0hZhvGFwPGh3c10Mnn87NHpO9ut7ACS8HTRgICAgAAgGYve

1: CLIENT -> SERVER: 1tgfXeO8Xfj2LJWL+QbbCtDAasw8t+D3N+nvoIy/326o+yYQ/wfpB35tZF5+fPj8y/nk3+b/X/tE

1: CLIENT -> SERVER: +QvOGxAQEBAQEBAQEBAQsC2g/6nlWTFbFvl8FKUFjVdUmqliTE1E3S9zq+qMmjWP/vxvtjiocCTV

1: CLIENT -> SERVER: WCBvvOuKvGX6jUgExgUVllQQg0N3LtppZHwkzuRroClNWUoL7UMjVdtH1uOCN4nw2DZfiW9Q559Y

1: CLIENT -> SERVER: 8mDGBBLdSKPENJ4CAlYPNTApcRzyad+edBLoRDCiYYOGLBqwaLzaC+JRgjxqcD/G5Y1FKm/IU/l7

1: CLIENT -> SERVER: oG/IY3kBJs0FGOdJNXsKaWMOtDEXWsjTBnVi3FywaWKoMaP8eDDepwk4L7T3IFcsV1inbM3ih2sJ

1: CLIENT -> SERVER: l5enId2740IOgGbhzmicqCRugu7shFsNQodtNSzV0+fqxbiMijyXZhF2ZAUEBARseXCXGI1Yv9zg

1: CLIENT -> SERVER: rafnBo1YzSPFTzhvQEBAQEBAQEBAQEDAtoFaYPJ2Plvm0myk9q46Fao0ZNn9UYVogIJGIiM1Znmd

1: CLIENT -> SERVER: 6Lk0amuAN2Lps8OCku4woaIX5KN43wwNWSQm4n1AT0SZPBzn8lySy0xcSosndaWIJzmDnH9DX8m3

1: CLIENT -> SERVER: T30GPa6rIvqRxhuzKtBNTuoUELAMcCjhYSMG3zrnarpnjEfaTHXIaUDu0pjpiUaNIbi4I4tvBfPu

1: CLIENT -> SERVER: rD3IcHWZyqvyVN6Ux/JGTJgbkHwPxzAmFcvKUG4zTqQZJWrMonqEhhMafHVWcbAnbj6wYkdIok7y

1: CLIENT -> SERVER: 3UUa6AA3cnZ9djLqIsrQl1yHMm6/gmy5c1TvykIfTSDB19A/h0Bcv9gXXIs9fDmezg+XCn1pSxZG

1: CLIENT -> SERVER: C/tzy8O3oT7ouuFT8OmJWDrHYKHOryeP3jYR1TBBIJcLTOgMy0QbIVulyQEBAQEBPTiJ/13eOzYX

1: CLIENT -> SERVER: jFgBAQEBAQEBAQEBATseasgq8mK+aBfNsix4fpW+vq2aL9We4Qtkd7REqtTuKKY7ajTvq4xcBPLx

1: CLIENT -> SERVER: Xh5PVp5RV7iDKVodafqOASku8HSZC/xTl3tiWnwYH4Nx7m5IkZLGrDbCT8S5PJlkciAp5BQNWRHz

1: CLIENT -> SERVER: oxi2A09yquWj6BgB3M3ld3RV7UA51Olr+SA1rpEsyqDpaxQQcF7YYFHDAn5sdOO7xDQk6RjDh+MR

1: CLIENT -> SERVER: 45pHqPEoOjU0lbmSRCTkQRzH/GgZyzgG+FgRKe3HZLqpSOR1oNfAfx1oD5LrmaIsD3kyEHdkkXQH

1: CLIENT -> SERVER: EEjnlfJFwqwiIZ5zhfyRT+4q8rwrEeBZOFdRr7LliXF07FQ4QXBty7CItLEetRmGruXOOt7zx7uw

1: CLIENT -> SERVER: cjyPI5xH5B1D3zbxtHWPZZC4NmlPWNdonJcrA2ysmOWTxLAO6doK2vJgG3Q8gXRM0ll3c/zhdxbc

1: CLIENT -> SERVER: KpGOCDQvkwwUKt4ddYF+Tx6uIexTtJPXPHLq0bStUZyFZYmpXAZDVkBAQMAWxcNJLm8bm5VP85+P

1: CLIENT -> SERVER: 8yAYsQICAgICAgICAgICtjuo45MiL+fLgpsyolJ1oFS4Ily1X/hSYxKcqjzVz1LwMf3Qm9Vqcco9

1: CLIENT -> SERVER: 8kElLBXodTJejTMasbgjhYphhk0j7tkol0eithyOMjSSinrkY7nIyybjAcKHyk8LrBETLgWrWfnz

1: CLIENT -> SERVER: /2MyvaeAgGVhkQGDIeV3/ekI9ePRRXY+HqUasoaRfhy0F+N/L540Wl2I2BswJ/5O0ZC/l6XyyjyW

1: CLIENT -> SERVER: KzBxeGfDMPLww/d8OTeamA9NVNMCMYxDm/YCJcR70gg+LaIDF6xURz3NjkK3QCByrFk0AhZSxnxv

1: CLIENT -> SERVER: oLQ1C/0Vl9wuGskZpL0vzuWeJJPjSMP1mEYvGjK7DFQsE+FVDTo+HDFe09BbC99BoEwgnmqIDnbr

1: CLIENT -> SERVER: q15U33LBtvnG0ZhlJTAgKfKibJVlyctUVlZoQEBAQMCm46PDLXnz2Jw8owv9uRGMWAEBAQEBAQEB

1: CLIENT -> SERVER: AQEBOwHOkFXMF3nZSqK0iLhVA6G6sQK09L9PvTHrrCZk8aiStXodLXdWUafrjVlU/Cd5LEN5IkOl

1: CLIENT -> SERVER: 3T7TRgR3N9yb5PJEXMgMUs6UpTTx1F1ffGVfj/hyZYOsMlIPXLAa+vQfS0tdz0l0yggIWC7UhKro

1: CLIENT -> SERVER: jB8Sp6iRM7N2oTPyLIbm2xTjegSBu0kI2wv/xYh5QZHIm0HvaKfyLaCvzxK5JhcZRTraOmgsoRFr

1: CLIENT -> SERVER: HsSjBnOSWwRYuhFr8wHO7VFzKjqZAmowAySFxd1WdtfZMBazBvpGQLPwP5Jk8rdpW+5PW3IUa9ck

1: CLIENT -> SERVER: 1q6MCxWNXUijbxyw0/Cj9i/SsuXc21HbAz2jcUcNu+62Y5YWZV5kxTye8wjwr1kEBAQEBAw4eB/W

1: CLIENT -> SERVER: j43NyfuG+B7CuVFMy5lTf5l9ZzBiBQQEBAQEBAQEBATsBFBDLkVRzJdZwc0YRRxTYd6NpdWe5zZ1

1: CLIENT -> SERVER: rQt8dWSSpGdHgQ9VqtMZSYNURpKWtivrLMJpxDoQFXIaPE9KLtyCxju2LJORGsgQhKhasxjp1PdM

1: CLIENT -> SERVER: o2nhQ1mWiE9PDLHj2qrsAQugRsgaBXCEURBuIPaQO9SzCumFH4XeOEIyA0khY0UhuxC0C1EXIOa6

1: CLIENT -> SERVER: MpU35A355jYpljeAri5KGWZujGsah3k8GQ3AOQjZbT7U4VmtgISsOuC8qHoZ8qLbE+82G8biwvuy

1: CLIENT -> SERVER: yjiSk0kpDzXacifo0bQtZ5Goibic8Xo2KgnrjHP6ten8xiz2FTtre3UYW2Mj32jR1vlEAwjfI56W

1: CLIENT -> SERVER: DfY3MmiXOujpk5LSlNUsy7KJoAFtdUBAQMDmoIzwx9AA4s40k28Yn5X/muhBsedEe0KeO/P57D3F

1: CLIENT -> SERVER: XPnnLiggICAgICAgICAgIGBbg2pQHi04V2RlM0kapWrGqBxzCrJKq1ZTlHXgdxasAzwPHnVeumAK

1: CLIENT -> SERVER: eGuJgc4UQSQet0ZMIt3hqJDDZSFTPEcRpLuqqmO3DGrIAlldFqeHqSGdO1RNYTnY+o7aVPNWebY3

1: CLIENT -> SERVER: 2L46LYpFEqmxcBHasXBt12MEdeQa2TjqoOOzfVn6cWPXxNv5mN46Q2AuCQYld2eNk5B2vIzlgjKV

1: CLIENT -> SERVER: q4tYXtaO5c3tSF6JpPuLUoaQS2vSsY4S8FWNbhvcAOu1Wn3NnbheuPiK+ofe8aPiG0iQMZMVXSSu

1: CLIENT -> SERVER: S1xpuWx5sNcpfx71yKMG+XNCjVmZPJHmMgt/E+lb6L8CqZ3d3kkWH8TTAKbHC6owSJ0KjAP4ta8s

1: CLIENT -> SERVER: Vz1+a8K30zeLcuARjBi3IN86TVVvso8YIHSz5xgE4zbX2IKF0H7XtJ4MEcZBnJYlfqfzaEEasjqR

1: CLIENT -> SERVER: AQEBAQEydmPyRudcgJvzxLk2DtyF9XvDTfnm0fllHSXYfDa/d+Kz7dcX8+X/cEEBAQEBAQEBAQEB

1: CLIENT -> SERVER: AQHbHmr+KfJ8Js/yOcm5GYNK9MQUoyQm4JfeJm8KdA/Vh+rFHHSQOqjy99CywfTgziskPanNChGk

1: CLIENT -> SERVER: OurH/UVlIQmIO1IS1QTGMofnU3Ehj8S5TCMdd2NlIN5X04FXDRb6zR8FX3HXdtcaoF6q+Xtedq8X

1: CLIENT -> SERVER: t51hmuMOrQBeisylhAAlDd1hQKPNiLUIaZxRJSzAdmgZcZKUyF91hSbAN3cpcmwikN4UE2mkiGUE

1: CLIENT -> SERVER: 6bn7h3QB6Cb4b0X4LSjjkjLR++VYA/d06b1ZYKOFAuhmGOuzjy0eFW81LKV434mgfCoZuW7VNQxd

1: CLIENT -> SERVER: o12kc8eI8lTjO/oqRX/MwH8IiY8gIY98zJDW34Okyw7I7g3kegWiG5HVkqyAw9XbbYDcmtDjYM3l

1: CLIENT -> SERVER: ntYaXbfRPt4jVsQki1VQBKCe9x0GGvaShbm1+1wbPGkHe3Ky0G/No7+ni7Io22FHVkBAQMBgg7uw

1: CLIENT -> SERVER: vnNsVj441HYh58bMA9nHJ28vXolF/2kXFBAQEBAQEBAQEBAQsCOger08L860m/lEVMbNWM8lirqM

1: CLIENT -> SERVER: Cx2laB0IrEVoOhKDNQTwZdSIZXMnSZ00KTJRoa/kPloA4k31auk0yKW1A9csJWs15R9VmtyzUOjV

1: CLIENT -> SERVER: V3qbDMpogb6Gpt2d5nI4LmQyKWUOaduIJ9Nag3u60vhV6Qkr3kAWzgiEs3JXrzo11IK2M3xb621e

1: CLIENT -> SERVER: gGUlUnEqnSPJ9gcaz7FUkQb2DiIbZ2a0xUjFWCTZ5LJozcnMngiNiyQBjYL2gMboRvB+0EuLRN6U

1: CLIENT -> SERVER: p/KKIpYraOxyGTPUMx9jnmAitWgccIWaIZl7HW22oKiKBV+lOhBo88WRTZYarR6cX700mCBj1l61

1: CLIENT -> SERVER: W7mgOt8Mo8Ge9ga+RpCCkgJrEyJOIPxZrFvHo0LmXSNpkNGFyRPSV4Ys/ViZPobf1foGr1bF/lhj

1: CLIENT -> SERVER: H2wuHP9uwvghRnf1qbsRyc/AwrWjIsAMk0YLwH50bdLfoUoIV0JYkRRFXvAqSBqyAgICAgI6GIhj

1: CLIENT -> SERVER: BU/il/nPjs7rLqy79Bf7+XHms9n7Zx8rv8N5AwICAgICAgICAgICdhTUkFUWxZnmbPNEOR9Np3FD

1: CLIENT -> SERVER: Yg1VXdlCnO9/LcYv7/+xBfBKVlIFesgPqHR86Zv1pCJWilwElbaFqot5tnwuCdwNhKURFZ2xnEay

1: CLIENT -> SERVER: R9JS7ksLORAXchb+FuJzKniRjYYvKpItP0uichhO5Yv1gBklC1N0MQsvwrnToic4IGAV4CDz49mZ

1: CLIENT -> SERVER: QfwQdMOQXzE8NC7pDi2QmUPMyFSBHtAQaBzOfaDdSLMb5VyB9K/OU3lLuyFvzBO5EXNqN/NgMBfc

1: CLIENT -> SERVER: DYTJ1kLRecxRDQfnHMi2vSDMBXcRwwjlz4I6gQEdmbgepqzVxd2kWLO4+xX9OoWQJ5H4oaTA+mU7

1: CLIENT -> SERVER: SW2dQwEVIR+PSi1zLaPgYlbtFnXxfHYZRLZDX3TaUJOEPjUO677Niu057tiqBS1js3m0YJG0s1Y+

1: CLIENT -> SERVER: WZblrIsJCAgICAAi/KnjnAvw3RtwrCCPEfzocEtuHp+RD6fc735+tE4UB05+vH1rdqb8NRcUEBAQ

1: CLIENT -> SERVER: EBAQEBAQEBCw46C61LKUuVazPdGaL8+ONEYqBeui8BrDxeDDz5VmNfAaO6e140MVwaUpe92r+K7a

1: CLIENT -> SERVER: Uo8LpKo3llxfu7S9I0gTRfIc/ke9LS3k3qTQI7vmEN8CMbOVYh7/oVvz1mLPCZbDbAEBfYGNQRtY

1: CLIENT -> SERVER: 5qqjMzLdGAdx51SOOaG7tRjG3RqEK4b3M40jiEas3Yjbg+cVZSKvzBN5a5bKG9uJvKCI1djF3UGc

1: CLIENT -> SERVER: WdwxlCEtieUrqQGZxPKNv4oI99QgH6ZwjOwgsLVeNH59oJtOGqVogqIxK8ZizP7hEY9D6AOuTQcR

1: CLIENT -> SERVER: fg/Wq0NYr6ZA3JnVdvJk39BwjuwoLFdjlkQ8IRYBWpEnJvDo6owtD986kr3C0PHXm8p02xneTplG

1: CLIENT -> SERVER: sZRZOdOab5+CV3+9BQQEBARsLrwB6xvGZ+V9Q8tfmqfuyf/z2S/kL8Wv97tcUEBAQEBAQEBAQEBA

1: CLIENT -> SERVER: wI5EZbPKsnyumG1NjQ+PqSJMdaCAKQSpFOddPGU3Ic7TRmgJvbK++jgjVnXEmnm9XYs/2kAzZhGR

1: CLIENT -> SERVER: TEaRPJKU8kBSyMGokEmE5ginup4Z+aHWnc2x/N0NY5gng6Xv0dRvf/g2r6LtXqLMVacNGEIDCrYc

1: CLIENT -> SERVER: 5B6VIOpi9ULqgQ/uitIyXCh3UYFKfWpsVUeKST4G5y6k4w6si5DnRXks35Cl8voslusx+S9AwhEu

1: CLIENT -> SERVER: BshO4wnvamqiv1sIyLVA3pdle8E4a+zTaUIABFYRgHVT11Z4+VCjI55+pxVliOVJGuiLIfZhEckZ

1: CLIENT -> SERVER: ZHgyzuUgiEcMzsDPvtAuRg7tHpSrBfILAfU7lrhWs17161x1EVsV2k7ANcWJSXKE61WOCCYxmRqz

1: CLIENT -> SERVER: AEvqMw4eXFMqWim0ZfjiCx5DcSLlXDGdtdpnfVRAQEBAgCFKIr6nsyj22i/WvoJHCP7ayHxlwHqG

1: CLIENT -> SERVER: v5+Xg5a0T//v7Afnnyq+F75pCwwICAgICAgICAgICNi5qAxZZVm2i3Y5G5dlKy6jkidTFSSNNRUg

1: CLIENT -> SERVER: daEFvpQQQuUhacG/ZKqNY85CopLklLeAqWvxQZin5YBFqsKcilgq5RcYT5RD0+QhSneMMD3CUvAQ

1: CLIENT -> SERVER: gxhKBe8kWn04KeUw0p4Fn8xZqDYUNaBBelSbVqGtVNKyWSXr1XvETIlP1XOBME+8u8jimHjrod4v

1: CLIENT -> SERVER: dVoAbWeNzgOvbNaSKEpHtrPO+TXlDgTl68ank5AKw+YX5O8FAweNt0aljT4vSBBnKcd5DDfHL8dh

1: CLIENT -> SERVER: ESMViOXwyDk9LlMnNusk2Q6tUbjH4bkAZV+LefDKPJZXZLFcjrgRhOf4tJB/DoRFQg1a5BZeSUDc

1: CLIENT -> SERVER: SaRzDFS6J9nSdmA6aBsYXrXR0/aG3mXm5whkRNloPyihTyDLEkTxkDzopomQH763PYG0xxB4Gs95

1: CLIENT -> SERVER: 5OXuLe6OowG/0wesBl8sE4EkXbnxo+sh0hfeqFmvbAvB7oPyHhDGlo0vtBkfjm8eFcuRZSONMqIH

1: CLIENT -> SERVER: LgQwyxZtuoETiaQP9rO12+aztW2oMSR5lrezPG9bpoCAgIAAj3R39HLnXICb+QulD6Dx6pNDbfm+

1: CLIENT -> SERVER: 8Vk9QvCXG9nyDVjAzGPFZ058sn1zPlX+vgsKCAgICAgICAgICAjY8fD/sZVSlq2iVU6X89F8lEXU

1: CLIENT -> SERVER: j6liTElBFRnVoiRVna0YLIE4X96uaj0WyeSDjLMOVHHMEH1Q4V/oEWm+sW1kfAaRjyOOymHehk/S

1: CLIENT -> SERVER: XV1UDOvHZceXKoMXY4BAepNJlUODAwAqWR3VYYZNTwhYQrQ7D14YdeoZVxyfCDaR6pfC5qT5daci

1: CLIENT -> SERVER: Bm6UgJzhgsYSO3KTaUDU7ut4F72TaQSh3JW1C3QRwl6Qx/LaLJVXZ7FcnUVq6MqjXLKkkBbKaSGr

1: CLIENT -> SERVER: 3uygZZAnvytLAx1/VbSLcIE7CGxxnbwIKJPKwFfBItX4BYHRaEPi/KEh65HYjhfkbizuMEW3APji

1: CLIENT -> SERVER: /WgoyHu5ZmkHVJ3gyINZnHPw4ZnvbYSBciLxdQPuavNHC5I0B9uqgtFmKxaWsgXBRri2VS8b4Idd

1: CLIENT -> SERVER: PpIOSzsrmmVRUAwBAQEBATVkZ4svOecCcMcUjU88AvDhJNfjAJcDGq7uTDP5veFmZbz6frg/rWf/

1: CLIENT -> SERVER: rgAtaZ/5q+xHZh/I/y5+sT3hQgMCAgICAgICAgICAgIAf6txEkXxvvG9ozeP7m/cNJtPjzcLU5Mm

1: CLIENT -> SERVER: cSRpzH0BTGoKQ92uVfvnjipUU6M6VaE6Ld5CXJyLJmpORZWOjt5IQINVQ2tYJIkGmhK35ibAC926

1: CLIENT -> SERVER: IwERNGnN4ZmCxUvKSC4G6VFeCEuojkc6q8ubvnoL7EZHUdqRxHZDXfaKJWTRBZekPhIIujg8NGQ5

1: CLIENT -> SERVER: 5ewoqHT0xxsAu8dUXV6M92SoUkKu2mdu9w2NWAo8bB8h4JOCmIzzIcFg5lGcw3Dz2MFxPFOE0XA1

1: CLIENT -> SERVER: i+nQ4m4flsDyuQtI8ztzgquD39zVqCXXjTVUti+Aj9yuqLcPMoIIdMiDdHeUSs7AYL33jy78UG5t

1: CLIENT -> SERVER: GiCRIitjmUXApUhzPZ778WR+9hmSoFzmAbn+1iJ8uHocwc1vVqrPLYca19Yc4bajKTToGBp8AOPt

1: CLIENT -> SERVER: IARyAtSEn7t4h9BWHtdIt8mghh7v4KPDsG78BbhDup1jjLj5uH/sgrw4WT40+dzMl4q8eMZSBQQE

1: CLIENT -> SERVER: BAQQZS5Hxm9OfsZ5F+AJ/O74X0ku/6mRyb8dastfN9pyRyOX29JcjiWFPIjnnyL8L0CfRpp/ONKU

1: CLIENT -> SERVER: fw/3n8D9OcQz/2owdUf2HyfvyL+uaMrtLiggICAgICAgICAgICCgBm/IiqMoGh/bNXLTnktGb54r

1: CLIENT -> SERVER: Z/bN523VgdKQlVSGLOo/achSDan6CVO9UsHmlGzqtHgLcXEumqg5FVU6OnoifVULjCm9YHaQP87L

1: CLIENT -> SERVER: q4hV2e4UunnJY9ZifWOfR3aNIAmPU9sHGkH8EOJ0b4nXEroyFFX9tTBAiwbIn5fEdsNaDFmEM53o

1: CLIENT -> SERVER: tyfFcsrZUXDSwU+3IcuFK3kw3o9FH+5GvU+KYczxyXmrwXhUY9RnAejUu5ngatCNAD53Y77sQQEp

1: CLIENT -> SERVER: wltYC2bRX9y9yHeM1S5lxaIbnUnGFWysw0O/huGxww1ZJnuQk4nfeeWlwmCuPrqOuOUnR2AO+XP3

1: CLIENT -> SERVER: 2zRS8mKPq5HhEqRpIDUN8DHPoNQ1C081ZFlF+tDFCWs3C9SKNUr7zXxbDTWu6QSZIUvkKBp8IC7l

1: CLIENT -> SERVER: 6biQU3hy52CCBDw6c9sbsopSMvxSY9DedN98cby8b/L49N8WeXnEUgUEBAQEOGTpuHxLui++3PnP

1: CLIENT -> SERVER: iSNYdh/E75S78LuFBi4S3QwjrRXNp/O7Jv46/7ZsQn4H3hVu4QoICAgICAgICAgICNg5cKownkxU

1: CLIENT -> SERVER: zmetfLLMZT6J4lIj8P8Zdc/+An3+u0Y12lp0fyvNr5u/SO5/RT7Iy1L/6eldMGiWHiiIVpRFjPyR

1: CLIENT -> SERVER: pKDhHAQ/3eTiNBr5YIp/RvFP6Rn8U8r7f3j3T64aQi8apq3XSqLfMQTw/1jdSaFBPq4Tv/3h21pv

1: CLIENT -> SERVER: +05q//rAzxUzddDFMelDu8EQpqqP0vpoJeq5fBifamTUhDprZAghY4jYhflzQZnIC4qGvB702jyV

1: CLIENT -> SERVER: 6/JE9moO3tNUSAvzpo1nhjC9Zw4x/KjBoF6hYkHAjoJJxsmH35Cx3nXGJ0IoPj1u0HVzjGcDnpQB

1: CLIENT -> SERVER: iGT8M3Gu69UhyJzHyRVYy0rNQDMNzTYsiX4P77cy1JjIO9IA6/utDbbOk4137l8z6gITED0N9sFb

1: CLIENT -> SERVER: HtZ4ifG7C7/f5ot2PoOups05ICAgIKAHU/cUP+ycmwYasE79r+z/mryzuBX/e93lggMCAgICAgIC

1: CLIENT -> SERVER: AgICAgKWgNd4UvPXzNvFTJlHrTiOdDMIdZ52/wb1f9QAuh0E1KhSKRp50ihVChoxLNY4jXRU/3iw

1: CLIENT -> SERVER: VBZn0P1e+rEYA6NV2QsynixW0zEQkVQA+6MD/fGBlhNU2K6FRh7JiBqzbLdJhrxHkPcpEI+lmsJz

1: CLIENT -> SERVER: HjlVKY94zauV04naSiqPTYFsfEAajoXqzie9dB+0RcHmrgadPnPkBGNDxeToHt11bGFZ9Q1ufnQE

1: CLIENT -> SERVER: ZDLU2Ub5mNeojlq4qu6Rvzo+E2F1qsYp82kdNo+NTPXPSW8jn3fKxTJaxrKrTGQf6Po8kVe1U3lF

1: CLIENT -> SERVER: HsulKGfIpWM+ziPe28TDSGnMIudu0oAAxwR3B3Xmv6dtDid4v2NN2045YD2KsBZxXdK1TdNyqfL9

1: CLIENT -> SERVER: YFm5m2gI6WnMikDPIfHDca53ZeXIwCMHabhXebs1V+tQAxfGAohx+tF6Wa6bl4jxNJgAZxRCRS7U

1: CLIENT -> SERVER: jSeSPiwlCKMX66+uzwxhepD/PcU0CucwWXWN1IGB59nzSNI2wqFdyicClNCnpXvbhPumkyLKilya

1: CLIENT -> SERVER: iNRr7AICAgICukHD0ZnPZD/uvBuK6fuzj3kDFv7r+i8uOCAgICAgICAgICAgIOA8oA6PKIGZrJVN

1: CLIENT -> SERVER: SBY1oySViEdUAWqX0Q+fBo1Rj6VxejWDVzr6xN2xK0NVRgdLlWTh9br4pFoPTSxNiat3/6DQETzp

1: CLIENT -> SERVER: ZpIpEA1ZD8W5nEJcDqIhi1QV5flAu1TJzHDn1kR8VMRIn6EXvsBe1MKR1SsoFVqX0VKlrg6uND6U

1: CLIENT -> SERVER: 8OUrqMJIPrAX9bbAjZ8CRGMG71NqI7PdsuYLquVwDi0aVK/a0O0LIBaTSSXRhVChemIA0uKpJ895

1: CLIENT -> SERVER: +VdkSn5NRjAdHiPOkMWdWRcWsdyQx/LqPJFXZ4lchXE+pOO/QL8Xeowb751rgmji6uKtq4MZbnEM

1: CLIENT -> SERVER: 8iuLGYIRoxQZkdGaIt9yGWwe+jnoaWuB7aGcacgyY4q1UlsDJ5vGFYxGdxq0GHsKX08mhTwNmU8h

1: CLIENT -> SERVER: bB5hZshiSstfiYMGDufm41w4X/yGwPV3RV4W+uGTYQvBuBxfPGKPhlWu4fX2WElG/NKiPaxgJRt7

1: CLIENT -> SERVER: GroA9Tj2DWnj4CtcvFKypazhi/vy0PpWkRVzEAdPXQwICAgIWATZRPkbJz/evpU7o1zQuqF1rHh8

1: CLIENT -> SERVER: 4vPZz5z87+1b5r5WvisYsAICAgICAgICAgICAlYOaj898jiJL9132e5XF2P5NbPZXNKmcjmOJAXF

1: CLIENT -> SERVER: INMt2p4n6tRUKU7VGZXOXrOnaWpaPwa4OP12ybqAsHryepoqD0h39ji4IOWpo1Skxz+NyBfvR+Ed

1: CLIENT -> SERVER: Pwl5NbuW3j3DXST6IjuaQ8PWZUhzCWgIxHKZR/nSMvGFMIOpVhGrH6+GrhJo+6vENfg0vbQEFok+

1: CLIENT -> SERVER: R+o1gA30lfm21KBRKgSFtRlEQTo5U57czTYVFzKDtG20nxLSHQIcR5qT8HntqWWps1M+YXXscKgI

1: CLIENT -> SERVER: vBwWk0ctDvKm4cdL2kwA6tBwdEttlNp3B87NtPrw37HOAe7m4XBmX9IIPI6iaSyYwzrQIqHvaLTM

1: CLIENT -> SERVER: mAgTLI55o56uDPiQI5q2kEnjSVp8Rd7pv6tn9fApXPtcuEfH2xMxADCuDdojaL8b+krVbFO/uhQM

1: CLIENT -> SERVER: 57ql04KEKBqKW3Gp95ddkSdyTZbKGCJGkTrlwuYKozmHRh1dplkZ4/AguDPMOaxK8ynq7k1Brf0V

1: CLIENT -> SERVER: qnXBuPUp9KlBkR4HO4FWH8Pvpmcw0J+GjE7hlxPHJMcvd7QlNnJA3KuruTW/L70LLrqOKsgKqZzr

1: CLIENT -> SERVER: C6uhLoJO9ZCFk1eBX2DtHL+RcpHhNJXd5b4Ts0fn75ydmL0Xw+CsJgoICAgIWIhSjjSPlL/XPl7i

1: CLIENT -> SERVER: T5hyz3LvzTovWtKeeaL469kH849M35O/b/7p8meLWfkb1HfCpQgICAgICAgICAgICAhYIeqGLGLX

1: CLIENT -> SERVER: 7n27Xjq0v7x5KptLW0WuOtBGEul9Lao3U91ZoRpAO/bIAvnxSmbdJcFtBvTS2KGBzEdUDoXlrjs6

1: CLIENT -> SERVER: zq5wJXzxxx5KLE1LpAdfpvSDhwpcuKkMpuI3jhLNV8aRFOCNSmF9ex/xOXKQdoPVC5B3D8KGkNiM

1: CLIENT -> SERVER: X0ioRK0wHsjDKkwtqip+FqpuA2LJBCtbAIYtRt3wIZXC22Hx1GsBW+Lh+glkH7os3na+MDUNEgxH

1: CLIENT -> SERVER: Wg1gnkRlN4s0J0FH40LOIJi7slKkqe8mIXFAqeyQV+tRUfHL5GrwHOx0eKktIQuNwhfIy6sjQ4NG

1: CLIENT -> SERVER: 42nTUTNUgbabqQYLRrRGagDdCSjWZylDZSm7kW0Xs8I9zZ1Brr9ZbomFIsJcY+/q/OG5Z8oVqDPE

1: CLIENT -> SERVER: ukgfygpdtaeLs29bX6pjKrtGi0fHNSjQoa0OEynXHTaBYJ946HSi/MxnooKHafwizbxtRiDkwiKR

1: CLIENT -> SERVER: q4pYLkHG3Uid8K0Cl0k/tpUW1SIQ5TqxgczR8XdQd28KvGC6oI0AjFtLYasv01Nmc2jzBNamEzRk

1: CLIENT -> SERVER: qTFL5AQWfR6zqYYsJLVVx+Tqy3KDbgH8r6wqmXMqap4qrN/QrvO8oRaKAA+l2kfj0Ia8KCTDIsyp

1: CLIENT -> SERVER: NpIOYX7ueW768NxXZqfmv4pEM1pMQEBAQMCSoJGJBq3Zh4tfnX+i+GL7mBwsm1IkI9G+aEjf4Tkn

1: CLIENT -> SERVER: WieLg/NP5Z+feaD4jzP35z8780jx3vbx8o+D8SogICAgICAgICAgIKB/oDasQhzHV1154/N+dPwV

1: CLIENT -> SERVER: yT95bu7EnqnWnESJyGgjkkbC3RmmBtQ7SKhco/KURajOzReFuCivtLRqyDItrfqXUh6eD5qbmjwH

1: CLIENT -> SERVER: rZ980M0AZS3SO2AYx31j/Njb+IyGjwaspNBjA1sIaxaRzCMt819QFvIS8PZNWSxvzhpyTZnKeJHI

1: CLIENT -> SERVER: GPinMUz3oKDwMqb5y9WJuLhAyaXtP7HQzNpY47UDhi0WXpXY9VCR1ZJrsc69drg6tT6Wan2rbg0j

1: CLIENT -> SERVER: 2FYeHYdv7c8CsmBLU6SBVFXjG8sMUh2L23IoyeQE5EuF+4WIuypP5FL0x250CBXJLLvEgFI1tMqN

1: CLIENT -> SERVER: beJYoWxr1SKe/RWwclCGnBWcAwSlqEORstYQAAGM1pHs0lkCrx6HG/2mY5oW7Nj6LEPgLPrrLObB

1: CLIENT -> SERVER: CcyHe+NM/jpty+1pLs9gfLTV2t2QBsbHGJXqKCYt7LBO3uiUc7goM+pwVaNkVo30DDO4J5MRbu3g

1: CLIENT -> SERVER: g2OL0HHjwPwGn39w4Hnjw+7xQ7Pg4ZrCXXJVHNuG9dSaivnCNIjXXVkI4e6ieeSfxDPB3Ht5nsp3

1: CLIENT -> SERVER: thP5dqxXV8OvazPiUsi5wFqWg2jMYjn6wgHKts9CsH5isbgNhY6NGnR950Akh4yzNYP3FGpKtClH

1: CLIENT -> SERVER: njMYPM+WmTyC3ztfhlC/kJbyGJYoiEZGkXIUpVAuzMs7yViOmrUQ4OeJh65DPWwwn7IA1ON9WN+B

1: CLIENT -> SERVER: cvU3m6uM1fGFEms04T1IhTa3skzm8YuMN2LtGR2TS1qX3X3knlO/ffbE2f+O9p3RLAEBAQEBq0Mk

1: CLIENT -> SERVER: 10QpKIn2pbujlzMomyrvK/Nygu6yLV9iEN0BAQEBAQEBAQEBAQEB64feHVljI+PDLxy9fPRVczK7

1: CLIENT -> SERVER: az5vq74sRaokNvVZHXa0kdeuVVo2oKPh06OtVPPn4uvJVgirz7CgGK3SlH50erUtd5JU9jY0gHFe

1: CLIENT -> SERVER: gcm7ZQoEMozHDE7SUIXnbvj3FJGMIJ4mKhrjtO1ef0gNphp2WKgGuEh769/S8KsXPu35wLKBnnKW

1: CLIENT -> SERVER: m/v8cOVXJfpSF9Zg3UdDFjx4qkHQpaOvCf5OIfyZOJcnQM/Ghcwg7UiRyF7IbQ9oVFM7aHu0UFcK

1: CLIENT -> SERVER: QX5AlXx9HQGrgUoOX17UHK4uyODGlAa7ND6xfhjBPmCQ9on1Oo+I5O66FMTjAlPE88jRWSQ8g0wz

1: CLIENT -> SERVER: eoRdlUnTmSGGhgcq3a1cNWQqGdRXzaNOeN2pgF+TwaEptew6ejNsPuoc2VyyMCXHvxK+vAj4oATZ

1: CLIENT -> SERVER: QXQrXDzXrHaZSA7PpQh+Bdapi7iGubnDBZ15zBDiykFFLJ/hJP1GnPPUwjcZOnZ6QUYJ41JTaHss

1: CLIENT -> SERVER: LWNn8X0adAzhNKgehBBOI5o7sobwbCAOK73lhtzMSE5DlhbRDYvqQldQzdOTrL9gw1zTyXdlyFKq

1: CLIENT -> SERVER: MYFEuiNL35+IZHRkWEbmdj05cWjyC6359sNIEJSrAQEBAWsDN/0eLDN5NJ8tP0+im2FK/NUcEBAQ

1: CLIENT -> SERVER: EBAQEBAQEBAQsO5QPWcNeavVmpWWTDcaQ6pG41fnPzQzACm5EK9X88QA91BFbQf0dAWsGLYTzIhl

1: CLIENT -> SERVER: 6dFovjI+GOfqYBAbR7/uK4q4J4R3xzgutAjLTOVwC8yfhPvuuJTPJIXcneTyHMrn65bTSNakKpTb

1: CLIENT -> SERVER: 06jUh18NVr5sEL9VUohTHpRHK1+hlRKWrwPn16Q+nIpauF1UlYTPPsGaTgn5IcAK+O0rgUcNEwnS

1: CLIENT -> SERVER: 8umCLFLBnW3TkOqxJJMnQA9BZo+DTiCc8sqoXa/IZVJYXRWcV00c2qcdLgJWBhOrqr710wnphsXg

1: CLIENT -> SERVER: G4NZd+woqVfD1VDARAo3tjGmaZgaweAZk0QukVRelDfktaCXFQ01qFjqXNpRLvOYc20UUpa8gY6H

1: CLIENT -> SERVER: vNlHwQ5Wgl87m+HMT6IbY0DD+eVnma1EjPUlkQj/HHTUee6CD/Ry4QNhzqlgEn3zAIFTkMWJOJez

1: CLIENT -> SERVER: ePKeMn68fJiS+1DNOOiL5Dfj8dSAGhf0bxK61vReAsil9jW8bE9JYj6NwBc8PB6W46yJIO5a011v

1: CLIENT -> SERVER: cOuuNyTgCu9/Z1iBKM8R/VaWo0XAeE+EW6L6iroc+OkAPq6Hvn5PhH+6prFdcYL1uijn83Y+iRCK

1: CLIENT -> SERVER: JCAgICAgICAgICAgICAgICAgYMvDNM8OpZRF1s7m4jyZbsRDhWrKqCCjDpvxXmF2TiCBV7B59Pr7

1: CLIENT -> SERVER: CioqnQHEMaf6SX4RaGEel5IjvlKHF1SIWtOpHKTi09SdsRzB846klC8nhTwcF/Ickp0FzcSxtFUt

1: CLIENT -> SERVER: as2x0l1bVdHI4/FM6egijR1PC1CPdApmopbfFb0OilMt2WqHs6KKH8LSOJUwA9Tnv/ma/xz4PgvX

1: CLIENT -> SERVER: 4bgtDydtuR/0ZJzrWVZtTXUu+Lp8fb7kgH7iXDJl3KLxVSAc2kX40qP8zFDCG7BG8b2nSOR5RSov

1: CLIENT -> SERVER: zxvyhnxIXgT/bl01zGjcQmaOg0LHD41ZeGKg1ce0jmuE2Sx21TnSS3900ekgKgoQUmuwtYAfc289

1: CLIENT -> SERVER: dLW3hl6/h7WS61ghk6AjWKMmMOcKyImGfOsrytjmrZYDJ+f3AhExcqmKBgae8TrzbBvJxg33WnE9

1: CLIENT -> SERVER: aiGId7VxpDI1R50e30iR4HEuDKQoak3v8EYXJ5kLYXwNSYx51iqn86w4C+/ANSkgICAgICAgICAg

1: CLIENT -> SERVER: ICAgICAgIGA1oDawg1KyIitnZF4mkyJq89iwSje6UKdcg9emMYEnj15/f9Ap0VTglRocrFRv25N/

1: CLIENT -> SERVER: KgGjUvSeJxBv7OGxXIVTnrtkDhAHAk4i5hHQV+NcDsWFTCFsBmnmkYI7AqKCiuJO2b2k4iA5lhCI

1: CLIENT -> SERVER: r174SA/n9vnp9F5H/YWTGiqpqOLJVeYjkM4O5LL9DTROzFCRHhVyEvJ5Gs+Hk1weSejmGSy2FeBc

1: CLIENT -> SERVER: LLMuq8+hp2pUE7BKWI91aCmcL57QXsLEr+8U4aLBXVm7y1j2w3cV6CV5Iq/OErkpF9mFtDxWkOBY

1: CLIENT -> SERVER: oZGB882PJ86d7nFdG4vwedJvXXSMaKjpEHN1PudvyeChaplrdxd8pH8gDVuoJ5qi/TTI826oA9wB

1: CLIENT -> SERVER: iWfmZMIdpyZjpGe5XNzgoJsFaFn1gp1zcOEYV/LMsiEgfSHBDFl8GYHHw5Kq29OQXMeXy0abFoEk

1: CLIENT -> SERVER: Fegm+WQsdiDg+fAMKmwOsvftUjlrGL+9r5Gkks0XE3me05AVEBAQEBAQEBAQEBAQEBAQEBCwLdBt

1: CLIENT -> SERVER: yBLJi6yYbDeLiahM2klM0wVAIxa1g6U4BTKALyrP/D6NjkqN8Nq3SgNnNfXWtmbU62Ddvn6AwaiP

1: CLIENT -> SERVER: GxMK7siCNwOj7SIyQgJtEtJxN1fFKQLaKOZ4XMgzSSEnklzOxrlMIc08yi+oKUY5ETLr2/6apVbv

1: CLIENT -> SERVER: kmAa1liXmKeq9kXgBXeuNH2GdjLJeUExBEnK4JuBfwqNPwU6CPk8CnoiKeUoxsvpKJbJJJZmgla6

1: CLIENT -> SERVER: /GxhN5w6FnXwyMcScnaXKQVsMCjy84ndDq6zjyrR8c39VWOgvZgv+4pYrioTeXmeyCuzVK7NaORi

1: CLIENT -> SERVER: ulyaGCPz6GcaGLhHhjuF1JCln0XghzupNwUHkqcaFo6vwQNbQiOUGqI8GAjyxhNN48iDc4j309lS

1: CLIENT -> SERVER: Q5lhHsax5AiboOEYc+8kFqOM8wgf6x0arpAA6dRKr+Xzi7QVpHU+mBwoKd6DpTIC5aBM1xS20Rk8

1: CLIENT -> SERVER: mRpfDKFsPA08yDibiCf5p7nOjLoe6G3MsaIo8EsbbQLx5Y2GpEXezCfKouQyHRAQEBAQEBAQEBAQ

1: CLIENT -> SERVER: EBAQEBAQsC1AVVkdWZ4Xk8V8PtGQtJ1EfOPd9Ge6E4kaV4YJd0/wyXBG0sHs1L4tResBK9uZReBW

1: CLIENT -> SERVER: JnqqZZwpLzPw31YSaZIQ1tacpQyDLgJdhYTPLyK5AOmYbzou5Uycy2TcllnJkBflOQuYKeQNVp19

1: CLIENT -> SERVER: qsorJ0vyXNT4BHxMJ6SWn6RaTBLj+gjXsa6WihTqQTupHAdRIZxAJlERSwvZJhB3EvRMksv9aVvu

1: CLIENT -> SERVER: SzM5jDx5lIIa0ooSPBGAH21bVwMrh7q8EhqiVGIefXSSBawznNiVzgt2jO4G4YGBhYyA9iDoYgS9

1: CLIENT -> SERVER: II/lNVkirwA9D2EJ0mZxIXOYQ3Mo3I7mTFAPd/ctBna67/gaR+r0fpLN+N7PoENFt0w2teXaXN82

1: CLIENT -> SERVER: +6YYaJ/K40jOwn0wyuU40swhlnfWcfebVYH5qvktwNddrU8+ztOWgDFr7Ko0lOjirix/TxblwHg7

1: CLIENT -> SERVER: CNbS6frifIvRoIGt1CVUjVm9HFq7dWzw95FuwxNJMSYiaczPz7XOIpwbiAMCAgICAgICAgICAgIC

1: CLIENT -> SERVER: AgICArYFeg1Z7SIrJlqz2em0jFtJzB0UYoYI6q49Kg1p59ENH8/iVRMHWg9YPWSvrurT2nqqNNU7

1: CLIENT -> SERVER: d2HZUVREilyjZSEXga5BI29Fom/KY3lbnspri0SuRBru5ZqiEStqS6vMJOOr71aYgiX5Fi5oKT1K

1: CLIENT -> SERVER: tQyKOrfm6w6pMnY5+wfUxk7FT734qgr1FFJw2xlI21VAzkUszTJRBfqROJdH0rZ8Nc3k8aSUWWrX

1: CLIENT -> SERVER: uR8AH96hRB937VjvEL707pZWhiz1WRqfMmDjQJkvJXcfp/Hq4FimySRDH+c6h3Yj6FKMjxeBbsX8

1: CLIENT -> SERVER: eVGeyEVMirQ5xgp3ZbXgp4GTRnBfIPvd+r4+PwiXZkn4PWK2S8zMPNsf3HXDnbKcYNN4HEK7j6L9

1: CLIENT -> SERVER: M3jyGEdSBS8/L2QVkVulGOdpi6HOst51COK7BTSWzuLJu9nqje6sL92opxo0qCFLP4vBQsm3bhDG

1: CLIENT -> SERVER: 1GFII2oUaTudaM41pzAfOEEDAgICAgICAgICAgICAgICAgK2BajVrCMv8vxUc7p5JIka842YJglA

1: CLIENT -> SERVER: dcw1VTG1ZhXhS98Y59vheNSgUZ7cZyn4e630bqtloV6aKWep0+yEmYKbrOsdKoxHJPeCNBB2AXi9

1: CLIENT -> SERVER: Nhd5eR7JG/JY3prF8vZ2LN+aJfL3slRem6dyHdKMljnyUieot2vptzUThbktRMYJCQwU8FVyYFpL

1: CLIENT -> SERVER: X98R0IHPZ8Rdb1VCgsEKF1D5+wM1MjmDVtUWrYM8U3JUD4N4TJwmTSCJRObQzueSUh5LCnkSzwnN

1: CLIENT -> SERVER: kyABDVgdIxZ3uaUop4y5swsBrIdFoU7tF4SVagBjr3gpMlALDOgTdE7VqQ7t+w51xq6BqXupKwP6

1: CLIENT -> SERVER: MsX4GIVzN+gSdOqN6L9XY/68GPPqQqSh+Zg9ztHk78yimyUYrCyOx6568KVGLzj0A7eOD6DK6xNb

1: CLIENT -> SERVER: 8MBBp3ONCC/jepjCxGC0CJiPs0X3tCEfZXkGdAJuXohEQ6GtdwDCWHS9+MqnjyUq2SDoTqLeXxjn

1: CLIENT -> SERVER: gmtM1R6XlW3lcadtCGQGwpmGkFogRishg/nqYAjC3E6mxUBZ12m9Uf/9p/OV6Bo0jjoS0GU5B2+c

1: CLIENT -> SERVER: S8wylKR53JLT7WY2iebpMAgICAgICAgICAgICAgICAgICNgOoF60C0VRnpmbmn8maspkGtsRYKrI

1: CLIENT -> SERVER: AxU0QDjNHhVnpnTTbA7UnbnEGwLygofuUEBTeA4TnFRS8i6rnASeMyTTnSCIHooL2R+XchPC3pjF

1: CLIENT -> SERVER: 8q3tVL4D9I52It+QJXJzkcjVZSJXlJFcjDR7UN44qhgFDcEdIa/KQJWMsXBHAHcq2UU2Fqa0AIg7

1: CLIENT -> SERVER: JzGPd9dBmXq59gdmLmBNLNMTYXxYCFM5E6CepWj5GMI9WhNRIoch0xMI5y43zQR5U+6kuCxkGBRH

1: CLIENT -> SERVER: NGI5xbGvik5mQb95Q4WF46u/TQ1YM2g64jpgxsYFnQMvj55kX4/huVvnTSQvzSN5TR7LCzEndiNZ

1: CLIENT -> SERVER: yh1++PBozhaI8xI/WmKM8RHz8ijOqy5wTth8qu7V4pjx48aPHaXtCc45T/xOMNu4C47iorTmIYuT

1: CLIENT -> SERVER: 8JwC0bDFVLrWqRvSg/i4LNLPMgz09X9d6R+MW3WB5Yp8OAeOI64tNGK10OY5uHmMZQt+Lsc6fNhk

1: CLIENT -> SERVER: l41gOdpq+DncuLlQhx3TkQYObtzrx78oADd45h1ZZQFiO9BmfOXtmfw077lExrAjKyAgICAgICAg

1: CLIENT -> SERVER: ICAgICAgICBg24Cqvl60W/Ot57KZ4pTfkaW6wLKUQlWJpvVTtVpkVL1B3qMx5Bvj/s37872Bv5w0

1: CLIENT -> SERVER: XWA6kF7oD6dXtnvldllEasDyd2HxaLNmXMoo6Gb4vwn8vaNI5K3tRF6eJXJ9Hsv+MpYxxO1CSy9C

1: CLIENT -> SERVER: uZehnOch3WUo4wKUN4qyExSPbJKhKlUYI5yGLO6mMtapUDQewCA5Aam0wKcp5Ctjl7oR5wmfLpgA

1: CLIENT -> SERVER: 6XDUHyh35LGXGON5Ur7NkCUxiQY8tjuWLIplHu2ZBjVBupOsAH9KuURFJklRyBB4h6iMc+TXjlK4

1: CLIENT -> SERVER: umLUg4dWzShWgLK0vICBBIej9Y8nPti3hQzjOY5hzfvlLseceAXm1utB1+vwySXDpyktmS/dXXPM

1: CLIENT -> SERVER: hg93GPmxj1CEu3UApDGsj+MDfl2DNCnDjPz82QngetfAupA6A0YTk+c5zMdjkHsb1KCE0A9qbGd6

1: CLIENT -> SERVER: 90XDn00vFSR+0Cmc2yZY0OZA+5cfXQjAR43s0+HQiN8d3jlCuM5zN1oTebgbK0dR3pDFsvU3g44V

1: CLIENT -> SERVER: /FBomovEeCPCYjqOGisbDmPBuOt8qggd+ioFuPmkIWsojrJiTiaKrJhCUDBkBQQEBAQEBAQEBAQE

1: CLIENT -> SERVER: BAQEBARsG1Dd14sya2dn2lPtk0PlSDtxKVRt6JRoRF0BuNno8OJcyie+cvAN4p0pVOzuRfDLy0jv

1: CLIENT -> SERVER: wfrGPNUdIzci2ZVoHI1Y48jLnVfcQXIpwp+fR3JtFuEZy8WMj2JJk0iQVdqx7fRiNZVcOowADPDw

1: CLIENT -> SERVER: ESSadjpir8d0QJ8vlLuh6mX1CZUFqV77YvUgzCUpYtvtkUMOJQ1YkqLtqdBAZ8ilKDOMFTtKTkO7

1: CLIENT -> SERVER: 6iFYHilS5XoVHLAFgM5Sg4Dvf/YwO5D9WHJDiIxGuVyAmIuLSF6QpXIr6BV5Ileiy1OxsZEpYf4g

1: CLIENT -> SERVER: Z11Zb+AYNEOD9/GrMib4ZOrope0NtjDBYtPICzVmUSYthB5MI3kS6xKtF0zDuUeDn8rRLVB1o9BA

1: CLIENT -> SERVER: Q9cG8uz8C+Ba4dJxXec4mgfxhQW6Sfx9RejIwJg1Y+jCMbIwxOUx5+bCM6F8g7QNLsjJgYYsOmms

1: CLIENT -> SERVER: S6TRas22TuR5wZMmgyErICAgICAgICAgICAgICAgIGDbYDF9XRIn8fVXvPDSH9tz89C7D809e+F8

1: CLIENT -> SERVER: u5A4EUnTCBRLkiTijxVUvZp/NZxGFy2REc64QYXjegDF+qo8eaU4+Sny0oxMDE9K2RNH8ooilrdl

1: CLIENT -> SERVER: qXxdO5Er4R4DzzESMRfzqbKXVz2p31SFVATz1CbuPOOOBipOaVoqskjiPJIE7YxBem8NmkyZWJu9

1: CLIENT -> SERVER: KrUGVUh6o4/VUsGYAHw48rMBfGqh3mjQJ2iZPWB14LHU87aoBzUjGlWkUg7JfDQkR5HvQJzL7Wlb

1: CLIENT -> SERVER: /neayb1xJpPgUXc6INt4UcirkeNdeSrfng3JfqTnZqzUyVqTcVdXnEqRcLdEobu3kjxXWbOdNJAs

1: CLIENT -> SERVER: xl7A5kO7iOPQ9U/kd/Zw156b6zx6soX5NYN5cTAt5A6MlS+C7o7bchhJWiDu9RzC9zCNwywLeXW3

1: CLIENT -> SERVER: FQchxqAVrxEo2vwclwUGk9aic8lSdGD1b1ewrQ1rvMziexpLQoaJsktSeTvWtR+YT+RWyL2BlMOI

1: CLIENT -> SERVER: 53GOEuV6jGOhMrX76zgfhceFqvD8utItyfWG33nre9pYQBh5JtDnas6sLwSMRj7dJap8J3Iaa8lj

1: CLIENT -> SERVER: WN/vS9ry1415uQ3PQy7LCNo8CkrRVI4art38vaVrNcePsWDrOopzXpWPG8oV3HDbQKBC8Mpqu6om

1: CLIENT -> SERVER: X+QXcmpmmcxjMmUtrLtDQ3Jpcsnx2Ufyjxx76vgf5ln+qGVYP+y5Nb4z2ptcKe1irgQrLjggICAg

1: CLIENT -> SERVER: ICAgICAgICAgICAgIGDNiFIZkULys3+T36h+De1GEsXRlZc8f/8/2v+Kvd93LH/2uqlmS6KaIStN

1: CLIENT -> SERVER: EnekoFP+Ua84QIYsvdIJ/IwgzV4EPQ/em8tEXp8n8uoikUsLGqAQiBwpeB9SN/MC3DClylMQ20WF

1: CLIENT -> SERVER: K71xgSbZ0VXcicWdXksasojF2q3aUJ+A8bU0VUYfhspV2YunxnmFc59Q1VeDsrS0IasZDclx5KMh

1: CLIENT -> SERVER: 6660LZ9JM7kzzuQUeOR9LSrzopCXI8e78oa8KxuSiyLIBuV6Qxbr0OMJ41TKhIpaOybNDFkUOA1Z

1: CLIENT -> SERVER: NJTCGTBwMPsDOsf3D3cGcYzWDFk6iYpYZhFzDHPmQFLIA0lbvgL6KsbVEaTgkZQcVynGRwNlsddp

1: CLIENT -> SERVER: ujBDFotnWRzzmF8oi9WZIcv2GnGcMkzD6Vd0XNsRbGtDO6BUq8EM5lET8qOM3pil8p5mIm+GrPYj

1: CLIENT -> SERVER: Ce/1S3TtcPsjVV5b3ZCFEJL2M78TOREncn9aylfjtnyxMS93Yow957LQkDWGcrjGmyGL2bwhC25j

1: CLIENT -> SERVER: YTANWdruzhivmCMQkENOc1kmzSba1cbvudExuTS67PCpuyZ//eThU38C+R51qdcN+9/eOBuPyR44

1: CLIENT -> SERVER: uS2OW3B7pBYQEBAQEBAQEBAQEBAQEBAQELAKUOWcSiyZlCf+ok2LjenIehBHUXTRvkv2fMelr7jo

1: CLIENT -> SERVER: h06NPPfKs3OzquhLGiJDaSy8OyuJoo6xgeorVUyaEpKqRlWQ4lGvwCsvV49OabZ7B2UiqEvJSA/Y

1: CLIENT -> SERVER: oF59P7wvQp7XgPnXZ6m8sEj0eEGaZ8hvigd3OJjSEvnYIJZFixQdvGyFcZFarUSPsXKKYduIQoUo

1: CLIENT -> SERVER: lcPOkMWkzK/lqKOj2fP1aAC/tAB6AJde89RRT+N46hdQV8Wbg/HHnWdwsM1oKVOpOrUcklaUyok4

1: CLIENT -> SERVER: kqchg3uTtnw2zeR20FH4C/ZHUUqjKOQlkMt35am8OxuWiyMa+iBnxPFYNFba7jJkMU9eM2SZglrv

1: CLIENT -> SERVER: zAlYFXrn2WKyXGwuLiXzelKmoHHB5jg9ZsiKKkMWCWO1TPQutUmEHcP4eBrj6RGMmdvitnwVaXmv

1: CLIENT -> SERVER: U4Z+LvHkjiyMBh0fNiptbxbLiUqsWJi/HP283yl3FggdonDVYXm2F+otogxSJ28aAmexDjf5hgFC

1: CLIENT -> SERVER: Xp7H8s52LG/NIrkOc/gChCaYc+w87mKzmUU5Ys6pCClASrBXihuMLhbImFvv+NCFneuRhjjYGOHK

1: CLIENT -> SERVER: UWD8HMFacl9qO7K+lDblvjiT42gg26g7spAZ0VayFqerWZexSuM4ZF09HMp1MNzH+Tz9hnHlQGd9

1: CLIENT -> SERVER: LrKvVB7OC15pyJpv57oji3EXje8tL8sufuqZLx3/+YlTk3+BZNOWev1w8Xc2yFWN0YCAgICAgICA

1: CLIENT -> SERVER: gICAgICAgICAgP7ixMfaqn+ibrQXRVmW0+359rFyrjjLYwS9Is/0olQX28cCXC4WR7cnBQO1HoDK

1: CLIENT -> SERVER: x7WDZZBpVbpToY6HckO+wA8pR/1Ujl+GdK8oY3ld4YxYSMwjpRqgIRAVnMqTFkhPgfJQJuJUXcqn

1: CLIENT -> SERVER: UixFgScISVRxyOQxviIGcJeIJ/oRThFoGSic1BE146io7yYtFK4uInOq0CT58P6AXPgPfeTU6iPx

1: CLIENT -> SERVER: S4ViT563SFdpxwCmkPUI2N0F4hFmqhV2TaTtb14pMjOYytL22xDaXvZV1V8IY9MJJgFp9QEDhPoY

1: CLIENT -> SERVER: sRHDqW/Tv3d8MwwRmAsJ0o4hfB/mz+WYOy/JUrk1T+Um+PeyNGSxozqNzIDKOWWEQaLjhAOipHEZ

1: CLIENT -> SERVER: tNOGhpsSSpBEtUpQ2gnmFu9+on8K8j4a53IKcuOdgLlbC9lJuiQhDU0/lpselrDJ0vQNU5AvEB9k

1: CLIENT -> SERVER: U1mlH/y7p//dY0si2giaB83CP4tnm9mQFE5rsyfISA14tTG6AD4fqBfIrlgsrr/wAgFVTlTK9qNh

1: CLIENT -> SERVER: BQnuAgumEvyMYtsavDltLjrdnG9xwyNPnlx3ZPPhOMGAgICAgICAgICAgICAgICAgI3BUpq9+eZ8

1: CLIENT -> SERVER: +5C0ozNp2tBUqlcE6ZMKNg+vYOxR8tFbBXlPT5rlQhWIIDtWSkPwA+LlVTVemIz8MWgfvl8Exm8t

1: CLIENT -> SERVER: EnlxnsgF8LOxtLmkaABJ70nxUL2u8/uC+HSw3FQcmwLZdmB51SjVq3WDFN2dIqwYpuG3j7c0Fgew

1: CLIENT -> SERVER: ahdAWSppIMBHjdX+wFXS4aCCVcVv30K6LS3NFil4H8FzDDTiYlUwIO5smCdBli3E8L4kKs0jVZx7

1: CLIENT -> SERVER: mCyodLZSHfrexp0JGnnrtBh60yyVjmCURntaAPYtiUYVM6yQmJSGzj1wXVzGchUGx8vzhtLzMINo

1: CLIENT -> SERVER: HqUBi4aXlroNHErVjhlS5wHUAvxEMQ9DBx5da+d54KZURUSBjtCdRYCuQ4xD22cwJ4/FhZwCZU4W

1: CLIENT -> SERVER: XGkIJjdDDlDJjGBInTYX5MpzVrFDXrlQ6GJBcuGI5+68edBclMs8WqubkxiPhnNsUTY2Mv0ahIdv

1: CLIENT -> SERVER: qiMm90V6B/uoToSX/7qB9dSp4sz/3uiAIfTr7xf90p3W7Wy+OJG18wkXte6IM522AQEBAQEBAQEB

1: CLIENT -> SERVER: AQEBAQEBAQEB6466daGOIm9nR1rT7WND0XBBJbcqziLqzJymTbWCmtZQ17QthvPFnweu1kVQ4wXE

1: CLIENT -> SERVER: anh/18Vo2k1lIjcUsVwIShHJT4LwiNYWJZeB0DKQoiwRX0iUuyPTIpLtAvBKUR7P6D+sVJWcqmwt

1: CLIENT -> SERVER: UF6JHwZ0U+E/SGw7TxBcpwq1QGZdLywo25jwalPjwA8PS8ww7kJL4B8CjcLN+8VodHBJVEjc7DeH

1: CLIENT -> SERVER: 1GrMimJKERGePCAr56Wy2CvnA7YCOD7Yq36cEPzmyLA54UHXKMYGjVk81vPqIpGXFg25GfPvEgwB

1: CLIENT -> SERVER: 3pvGHZRtUIY0LJFGl5RzFoPCj0BCj6/kONP5tXPBy4hsJTKDDZeTWQjmZFzoziw14oAWotMvA4/u

1: CLIENT -> SERVER: YaTdTm+9BbzFr4mYOUiE7aebFhyTDsnW/Gq0LNb83kIXAeW7MWBFvdRBL5sayzmENTbJh2dbU9nx

1: CLIENT -> SERVER: oijmNHIjQAEHBAQEBAQEBAQEBAQEBAQEBARsAKjvWxRFUZ6ZnZw/NBSn02mSqhatrlpbuIuDMfQz

1: CLIENT -> SERVER: nN/wV0YdYm06r8Vy2xvzrKwea3ztjmK5qIxlvKAqk/o+chSDHzyNNVWgKyGBEtJpXFGAuK9BDzxD

1: CLIENT -> SERVER: kQgEsVw1Y/HeHlBUun1ZGo14GrNQoB2B5XddOYpoxDJDlvGtrJqs6K7gIpTWCdacrlrgdcTvehy+

1: CLIENT -> SERVER: XSIa9GjIIjXA9Ajk27ljrIMM6ZsgHvnFZxsFeGOWfbvakNHLQqnuCRggsD+MzHTF724y+HQ1KwTm

1: CLIENT -> SERVER: Ag2dI6Bx9CuNWdcVsbyqHcvNGCi7dRhwzmCMgFgaFfPUkSvpeGA8SZ3+i6XvOGirIRMel0diAOcf

1: CLIENT -> SERVER: 59kUPDxej8emcreW9oxfYPCjNEjw3agE5kiE51ODbAXlhwk7TYjUkDWHsBnQNNLxmEGu4UzDlcbs

1: CLIENT -> SERVER: LDY6PXlUfiSp1mDSJsFa2PtBOL88b45PUmcuiDTihkTNxsTc9PxRzJMmQgMCAgICAgICAgICAgIC

1: CLIENT -> SERVER: AgICArYVljRkAc35meaxeGr46MjQsCoFy1wNXKZAq2vWLKAGF0fUNW7rBCvZKb75djp40vurEKo7

1: CLIENT -> SERVER: FuCggpM7hajwnQNNIf4s6HTMnQylnIF7KipkBjTvqB3lksW5tONC8phHesVSgnhMVf2ToLwEbbS7

1: CLIENT -> SERVER: XAoKSYnmG5rQqIrVD8pRQl2qswWRN2V0E2BVm3GJalNTGDvDGz4m2U6/MR333OiOLLR1RIltt3gP

1: CLIENT -> SERVER: ttrurillHmnVQKgxBr1VCfLV+8VA3I3FPKp4R+ymCSTgnOiMBvYU9wWZedjAPuMM5IxDDAY41wqd

1: CLIENT -> SERVER: CxgnSRnLKOJGEXcxOvzmPJGX5alcm3tjM0cdxwFL5RhgWX4csA6L9SPFc7LzYHI2goQgBlIbMuau

1: CLIENT -> SERVER: JJ71RvO6psOaZesV3F6UgwbflYt1J3jmxlnehUWDll8zPWgg5y6sWYyJaawyPF6QKxfB3wYmI3oQ

1: CLIENT -> SERVER: 1tN+phqkkcT1tvrgd4i/30yZJBGuSZSDBru4tEzyuF2eaU41DyHfxu3ICggICAgICAgICAgICAgI

1: CLIENT -> SERVER: CAgI2CA4Td+iKFrzrZOtqfxQIx5qqsq0ELHdRk71p1YYdSxCho6rf/DKR7BSEbV7eqk/3DSU0Ihy

1: CLIENT -> SERVER: GjSJKCp32wijkYrGq5NJKUeQ8Aiex2nEQtwZNO4U4o87OoPws6AZNKCFduquIpTf2TWEtrEuVM4n

1: CLIENT -> SERVER: 29khM2KRaKghURGrmdx3L+9KmtvD0voSu+PWiHpxWj+8Wp2rs4u5OszURFMF7z4ag493ZOkgqpKW

1: CLIENT -> SERVER: ekcP7z1iH1DBrmOmJiQOG/aRyYgZSXSpiYuFBAwquoYE+9QF4KHDxQf5fmecs9bySE7u4tuNsX55

1: CLIENT -> SERVER: EcmL81hemsVyKfzs9QzzrYWkel+WDhLMaWbVUjrjxRVXTRtX7c6Ba7dzKtHmwTuiKDvaN7phqWz2

1: CLIENT -> SERVER: 2owbSIAxP5zIMg3cvp2+n/ULHq7D3JHFNYa7sbgry4zmTOAy8YHB0mmzjUdPRK9/c9HNCY1ZSnXm

1: CLIENT -> SERVER: nEx4zKbejwVKo4Tmq9PN2dazmHMzljAgICAgICAgICAgICAgICAgIGD74FxWgzJr56eyyfzwcDY0

1: CLIENT -> SERVER: y51H1LHpZiO7Yd5SLYBTIjp0+/oDqiOVA6f3o62IWs8YlCIwBn+nkeL+uJCvJIV8Fc+DoOcQ9iye

1: CLIENT -> SERVER: T8W5HEhyOQo3DVVUj/OIQRq9jqmBS+RoEsnxOJYzUSzTaHuz5C6TWCKQKLFurdgI+VSaIGuzY45x

1: CLIENT -> SERVER: 1M4yzgvDR9XR66/ATJ76hHpxnhcQWTTAw7Z1aVAJMzNxx8cwaBxuGrS4d6YD28/Vwvc8fSwXZdWr

1: CLIENT -> SERVER: I9RkVcmPMNNWwIDDdSAfamSoLA+ABlqQ7k6Eh1NF4bq2ATIjqMiVNGYViVyJpLxzjeOG56LNI20b

1: CLIENT -> SERVER: +XKQz28zPkcxwZCloAzqgAC485GGrOpsuUoouldVXQzyM25LgO30Y8iDFi4QDVkcK1zDZ+lGw3i0

1: CLIENT -> SERVER: Ylf71JDlRcHfHOY2fweLhW082FiSwXjq4YpzAg8aLnX5BNDErMzKs6359mF4uewGBAQEBAQEBAQE

1: CLIENT -> SERVER: BAQEBAQEBARsK/SqCLuQt/OjrcnWs2k2PJ8Wie3IcscL0qKl90IxodO/UcGspF73HjwCqvu0SKsE

1: CLIENT -> SERVER: lXdKVJB7AqwufszNY+/4cwbu+6JC/jLN5eNJIf8nLuR20FfjXB4BHUxyOYJw7sg6jYxnkHsCeSbh

1: CLIENT -> SERVER: no4jmUxiOR0nchI8n0T4BMqcQpp5EHcc2SFWfP8f5I1YdqqatZkPF+xJ5cAnGQRZMxBCL2HBZghw

1: CLIENT -> SERVER: Hx9maZi7v6CiVIvWulAjHtZ31JIixsmZTLF2HiOYgoaRdgw0CmKzFUwKolGwCZpBXkpJxQI/o1kI

1: CLIENT -> SERVER: y1FCgCcPhgcMJqzfMA7YX/BUQ1cDbL77sa1pXWeqMUongP5IA/HcybcPdB0iXwi6HIXxvjXOqMqY

1: CLIENT -> SERVER: BeoYs6zcrsGyBbES9lW+NVLwWbmtMN4jRlMVzcU8V47HpvI4PsJWHAed3EYWy+86bRx0t55fWzyU

1: CLIENT -> SERVER: DfDngpVLehO4sCZrGOOwNPGFijbcOlZAc3BzRxrXHiZhG/V3jofWZ0/nQFW29mn6TYau9o7nLr4V

1: CLIENT -> SERVER: 4JBhPCoSPq7M/lhBymcoHmnls/nJPMuOIoT2vYCAgICAgICAgICAgICAgICAgG0FVREvhSIvjs1O

1: CLIENT -> SERVER: zj+VSmN6KB4yQ1ZmpMasBSpAr4DbLNWg56mUJvg7hue9cSGfTnP5C9CnQF9OMnk44Y6sUr4Gujsp

1: CLIENT -> SERVER: EJbLHXg+FZVyFtmbaMdMFOnxgjR0HUU5R5QKlJnLBGgmymUuKmQe8S1IMUvwReKdNFRKliDIS6l0

1: CLIENT -> SERVER: in2QdyiX+DLabLl1UPG5BNi6FHwOg9SQRT/kVuVBE6hMnobjNIh32HjjBptpitpOPVRMI4Q5a9h8

1: CLIENT -> SERVER: OawvfOu3Hqp+Ux/hXdbHHl3p6h5QgoGwC7QPdAXoVUUiLy9juRCR3JfH8TMP0mPykJ4GB44hZt/x

1: CLIENT -> SERVER: cPLwJhgnUiXaNaYQdgrEHUo6z1xkd0rSAMIPIUdcL3rJHDF+/8RquOK9YHMgGrO4G4tZKzC9hy+3

1: CLIENT -> SERVER: Bh/kg+vJBw5kzhF/ZxQ0V6HD0ySSIWnMzk81n8Pv5FMWGhAQEBAQEBAQEBAQEBAQEBAQsL1Au8S5

1: CLIENT -> SERVER: MDM/Pf9UOS3HGvFwzrf+dUdWVqohi2+Fe/0a4RWCdeVg3bVuAAMdhS13ddhr6VTmnkAYjxV8GHRv

1: CLIENT -> SERVER: ksvdaS73gPi8Hf6/wfMzeP4V6DNpIZ9rFPLZRi5fTDO5K8nk8TiXZ6NcjkaZHIvachJ0CmGnUN6p

1: CLIENT -> SERVER: uJTTkODZJJLZNJJWHEsJUrEWJDNmIanuSKqOWyOfUYxopKfhyzOv3FMPWX+uNxy/rhc7371EcPcV

1: CLIENT -> SERVER: 7zriEY4iQ2gPd9FAbC6a6WKV/xSclBHvJePukMKRKqNBqmSn0zXVH5O1ce0OWBv8uOkF+876j32r

1: CLIENT -> SERVER: Rlw8VfnuYnhMKe/K2gO6BHPkFqwsrwZdjzmzS7PaXkfea5czl1mDQb5ON16ZVtPvIFCQnEdJgbXG

1: CLIENT -> SERVER: juzkuswjT1uYXGcQd4Lzjlsnq0nmHrbwsJTBBPh1m32Vcj47URJr/3N/Z6JrZwvjoom1eR6pmqDM

1: CLIENT -> SERVER: NZbrk98cq0CZXH959CzXYi8BBFXDZ5Ck4nnqGe22vAI6l1RQImMjo9LIkqm52bkTiKLtNyAgICAg

1: CLIENT -> SERVER: ICAgICAgICAgICAgYNuh0vUtgaLdah9tn50/vCsdaTeSVJVnOY1ZICrUvNKNoLvjN1/n0z+YuhJE

1: CLIENT -> SERVER: JXlkpMpdJfAXRUoZ3NTszSN8Oi7leFLIAdBjoAdAXyWhQfdGhdwRF/LFJJf/nebyyTSTT4E+l2Ry

1: CLIENT -> SERVER: G553NzK5N23LQ0lbngIdB02gvDOQ3qk4kpOg00kiM3GKOiEjipVbScgAyRm0VCLURi4g3yDGFyCq

1: CLIENT -> SERVER: 8fsttTp8ub5iojeMhzRyf4zjG0RYjB1lRuXwMNo1iicNWxqL9lD20/CdQC4+aVSsl6HwSnUEsvvM

1: CLIENT -> SERVER: 0NeTJmBAwVFA44nrQ/UTi/Seat0xkvFkLHcGkWho4D1ZPF7wijLWu7JekkdyKcrjolQdPUeqymU9

1: CLIENT -> SERVER: yOnGzc4EG05TMclLE5LBnGtDcmfx5C5S7lQi9JtfjvxyszlQTjukzNQJLIKwpNgdUHja8YMkRiNS

1: CLIENT -> SERVER: Rw5ajTY2QTNYt+exZrZc3qRMsBaZwZ2y8R/m5LgiETqEGFinTYS11YgeZQlfMb70qEHHn6bJ0SIK

1: CLIENT -> SERVER: CRgfHi9lPjnRmm/zBFzmDggICAgICAgICAgICAgICAgI2Hbwer0lURTF3Px069honE6PpGbIohGL

1: CLIENT -> SERVER: ZFq3bnRC6OooEvutYVNFH0r1ily2hMpNboTSgDjSDRz0qmkJYdT98QiqKRDv0DrtiG5qAY9EpRxE

1: CLIENT -> SERVER: GU/EhTwaZXJ/nMntaVu+kGbyedCXGi25K23JY0kmzyHN6cQMWafiGGXEMhklMoNnC1SWqNntyqo0

1: CLIENT -> SERVER: sx6moQR/fMLviXxHvH3LPnVprg9Y4WIgM1QYJ+AiVk4Urr+NXTNGjCJyHNTQGABt424JGrB4xBnl

1: CLIENT -> SERVER: rc0CLdkalOvT7AxQEuvdt+sJ6y01OXGcn6/3qHXH+Oc4qsYSxn4DWUdBNGjxjqwXY75cDRrnnIF4

1: CLIENT -> SERVER: VFlfM4JZHcjg4ncu2HiTJm/GYg9QLjnWoUlMypNYm2jI8iIyOZqbaS39ZsGPFXDBBZprYRVmLdPW

1: CLIENT -> SERVER: 4Uv5d8z7Ngp3vGLscGltgqaVSjWWc8dWA2lSENcmwu4yrGqsoOLornrToUYqMqsNN371V4Rj3CSB

1: CLIENT -> SERVER: D2SiYgEa0pjPpvMjebvgsYIBAQEBAQEBAQEBAQEBAQEBAQHbEnXd3lLI2rPZ0aiZnBxpDJluEd85

1: CLIENT -> SERVER: lcsg1QOqMpIwLZzp4Xq1gwx3Grp+QDV+HlZvL1TVTkUg3HUiZ3HJHUVMwY+F6b1WWlQpGWgqKuRZ

1: CLIENT -> SERVER: 0CNJJl9NM7kLxB1at8F/X5rLE0kpR1DgcbT/DEqYQJ5JZJ+Eew7PHIUqV/ji00xD3bwQWqWSk5Ax

1: CLIENT -> SERVER: Y+71ALcikACtSoltd+HOOKG9q354Vd5GbAONg0OgUfjHEUc/yyGoY52DTCYQ0AbRyJUijbWHqUzq

1: CLIENT -> SERVER: Jm+fy8pmrebezti6bfSc+17Tpw/UJuFLu9j6uZMS8Gk0yMYAx9IQAi9A+DV5LDeBeG9WA8S7sni8

1: CLIENT -> SERVER: XIYnxxSz2pehY8j242b7g630ROgTX5QlRKeGrFOgWciYM86MH5ZDjzbVedzVK5sCDg/Pgy4Bym8H

1: CLIENT -> SERVER: ulo4Xvm0FYmZQPBwoyvXWL6UwGNMuQtUjz3F0x8tqCUijmspoU5Qpx76FoL89FIdds9fT+BaoW31

1: CLIENT -> SERVER: xAfLtzni+eTv24JknSpRHEucxVOtqdbhvJ0fYxJNGBAQEBAQEBAQEBAQEBAQEBAQsM1g+r5zI0mT

1: CLIENT -> SERVER: 5JI9+3bdmDWaz5vO5hq0c/CUwTSNJUmo1BNnkDCFmyoO1YuvLi0g3HXvucCklcJQPV63Z16mqWD1

1: CLIENT -> SERVER: aVJvhFEPYQYU2xhFt1cUGpmPaS296U7x5YJYJ/WGbXzPI/ws/LwXizSFBLMSyxyeJRI2kDAB0QjG

1: CLIENT -> SERVER: +31YVAI+SNx9RZaomHRFLyBVVFYBqEAz8Hg/K58RlptO45zwLCuYxSpysHwLyUG9+PLBWk/3kYL+

1: CLIENT -> SERVER: +EayRGQIZfuoRD4cFbqL7QTimhatmbhbZzfodUUiN6NRwwik/DFcEIcv9JPuWgP5NnljhPrI0yCi

1: CLIENT -> SERVER: GtvmNZa9p3vcGaoec4AUtAz2KmADDiKHjwGeFC7OF8UI7StPFqSoTQ4r2UV4fjn+6Kjnp7+nCoba

1: CLIENT -> SERVER: F+HS1OHqtVb5HuM3ZwmA+GrOVmRjuKoTZEOpAFs0UiAM/GeIb8JJw8RpyIV33LEeytR2ANL4jDAS

1: CLIENT -> SERVER: v6zUivjV5ecYqwKZCT9K5NG5WUyVo0Z8DCLAsEqafOtiAalECZrKXUo0KJdyKeJenMdylW5PRVL4

1: CLIENT -> SERVER: O7MMWNe2sXAjW7MI9ELlJOMqdO0b9YFvnRMecKoP4exnjpEEZcUlf12hTShrEnFPJJncn2byVFzo

1: CLIENT -> SERVER: Wsx9W/zlZIYsLVk//GFOZQGMFJCVn6eUEF2ePUWXx1APsvHdZ+hgNLLxaWPees34pYyyAmtvC2Og

1: CLIENT -> SERVER: LdJIE9lb7jsy++zcZ2YnZ7+EhNwAu2EYuzH5QNTA0h4QELCpeP7eG+XtL/8OecmVr6zowcP3uNiA

1: CLIENT -> SERVER: gICAgICAgP5isb89Jqen5GyT5x0FBAQEBAT0H7MPFx/iczkauaHGcONlV734in8WXdX+tqdnjuyj

1: CLIENT -> SERVER: Mi0dFtk9msgwzwcrIz3qyKsOTSGHHyoteTSYlQNY+LKgSV1iV0BXSXCqj0kcaXrPB3niEwHU59JN

1: CLIENT -> SERVER: BTB3kimYDk5915/8EuonClWu5iA9xUyjTe2KIBmFb2+ZyEVFKnvw3Isyrs9jeQnoOpS7J4d8UDjv

1: CLIENT -> SERVER: jtqH5x7ED9Pgx8xaCVrCMskQ4SxEeQFeGa712S0vqt9lYpApXREQIaNG8GgxLdHSaFvwo/kBjaDH

1: CLIENT -> SERVER: BxAa6J7e7ePx1HLMr/KiI84lie2QQcqVBoYJ5D2A55ejXD6XZnJPo5DTKi8rYxhyubGM5f3NVN6Z

1: CLIENT -> SERVER: xbILaZvI30DZ3nBRkFgq2YZMWL49wZc2wvgYKKjcHcCriZB8Wh9S4UyDHaVn/dVpg93hluszwhiJ

1: CLIENT -> SERVER: KiMeUtKQVcHX4Z6sh2l837gsGm9VAZ38Pre6yC+iVMb4sEY9lkzLYn6bVfRVJXQ5XDpXqn0z1BIp

1: CLIENT -> SERVER: a8aAAcHd44/gqHUGBK2Xo5uROdJyTNnumqPI+ATG0Bcw3j6d5PII5YVw5m440p1/WodJ2UCZozrK

1: CLIENT -> SERVER: 1fk1lxqy6MQ3SUNJlkqBjD5XF1z6QYPdoUemwR86tSyHMOca0oJsc8zRvZDpGzC23jufypsymnQA

1: CLIENT -> SERVER: JOe8q1q5SHP7h07h9bFhxh8EWCCA/qGRHsF+fWacNo3nCjIfPXwzAM8U60mUDyNJQ3djHcH4+JtG

1: CLIENT -> SERVER: U/7nUEu+gvFyRmURyxAK5A5QHopaIB+N7qySO/w4Zbi+Zok9CS7JzumYwKMK6KA+HLwhy+7v6g9Y

1: CLIENT -> SERVER: py+NpZPUeIcPx2eG9uRoTzPPZX4e7mYko8NDckX7ijuO3nHsl6bPznwCWUzYG4T9b2+cjcfw620V

1: CLIENT -> SERVER: 4D+/l+y5TO569m9cyNbAq6/6ernx8hc4Xzf+6+3/0bm2Ht5283fIw4cfkGfOPu5CNg+U8VYbF+uN

1: CLIENT -> SERVER: 737tD8ot175UnnfR5XLdldfL+Oguufryq13s8vD0kadlZm5ajp8+JkdPHZXbHvySPH7ksR0na471

1: CLIENT -> SERVER: Tz/8351vc8Gxfnzy6Krm3aDN2dW2I2Bzwb67aPfFAzMniMV+z27l36/rDf5+GGT5cK26YPeFzify

1: CLIENT -> SERVER: 5Ue/ENaKAYefg6+/5Y2yC39v8O8O4ubrX6zPlWB2flYOHqbGSOT+x78qUzOT8uCB+8M4WCYG6f+l

1: CLIENT -> SERVER: 9f77qd/lcxxv1b9xB+lv1dWgd93fjv9vsI2D8nf4YuDa8YYXvsn5tlcfnPgYz3yr6fDOhSiK9l98

1: CLIENT -> SERVER: 5UXfv/elu957pDxy3cx8U6KGyK7xSEYbqfCIPqrQqEVT1bNq4pzilOcgVfo+Ki+dcxnwCkMPLZtl

1: CLIENT -> SERVER: 1cqzujpOnkdWRSvgpwYTFWtW/9VVhhWg+m64rIRS2nGhStNWYnewWAVELAkKbeSJDBWxjCPiCjTz

1: CLIENT -> SERVER: 5jySm5H1+XDzqLS9SH9BEcEdy+44kiH4E8hDDXx1oH6G5IUzBCk/aqkwPlXLafJkypgKXjBr6nsH

1: CLIENT -> SERVER: FaxaKyw7HVqP5erA160F16KY3pELZOndhiz4kIWv/Z9EGk7bO8HHl9Nc7kzachxy4hFfVCMPoc3X

1: CLIENT -> SERVER: gN7XjOVdeSwXodwWMnNnBO+wiVTxjBYgPQ2GbE9cFpAr2kXWlAXjY6CgzDlU44h8Wn8tbcjCqEK/

1: CLIENT -> SERVER: lbGq1iWCKM2QRYlwR42lKlC+3gml9dhIZFTMtNo/1sdWnasfY4xBdFptWoOFsE44aSygwZQpOXyY

1: CLIENT -> SERVER: x4YhU1pqywt0OUhMqIkXYDFlfu+89ShjjCAwwxw2jnM0A8wggLaLswg9Cs/dSSGfTgu5HaI5Dj93

1: CLIENT -> SERVER: /yVlLg2kTVG0XpPETBUwhvC9PEMW01i8Qqt37jpc+kGDjiEwre1ApxblENYoM2RlmKPjUSavhzD+

1: CLIENT -> SERVER: 2Xwqb21xfxbHjqghS4cMsUhz+4dO4TY0bI3qNmSR0AKEkXIaOBmCOIrdxpQOUgxZGjvR/0WKxQht

1: CLIENT -> SERVER: RUvmUNTTSS5faszLp4facgfWnWlapkA0ZPHIU87CuiELSZQznZ8QBOcE/YPSzeSnDnptB6KtkzRk

1: CLIENT -> SERVER: kdSQ1UTbsKbuHR+XS85c+umnv/LML7TmW7dZzo3DWgxZVLz8xvv/g/N14+EnH3KujcNq/jk/H37v

1: CLIENT -> SERVER: zz8sH/zo+5xvsPH5f33vkjI4eeaEHD993Pn6i2uuuFbGRnhLYjcueRdn8c4F/zn6rrd8j7zkxpet

1: CLIENT -> SERVER: 2GC1UrB/H3ziAbn70bvkv37hD7e9YulcY90b+9YDS431H/vVf7oqJfS52kGs17xdqs7VtiNgc/Gb

1: CLIENT -> SERVER: P/Cf5N1v+x7nOzf69bu5H79vycvM3Iw8eegJefjAQ3LX41/ZcUZ5j+N/1nKubtQNCP3Aal6gWA7q

1: CLIENT -> SERVER: L1k8/szX1MgR1pKNBf8mp9HqpfibY6nfVeuB+t8fn733f+/YOXwunOv/pc34m2W9/j7n371/9KGP

1: CLIENT -> SERVER: Op9hpe3rXaM++uk/kff9/j9yvq2FpdZ1j434X/mSCy+Riy642Pn6Dz//v+tX3uZCthY28v+Jfvzd

1: CLIENT -> SERVER: 1Av/N0L9b6lP3f0XW+L/wBUZsoB0fM/Ytzzv1Zf984l9Z95wcvKMakXHxvhWeKLHOVHvaOpHpzGM

1: CLIENT -> SERVER: nAqfGuqasrBXYXcurMiQ5R/6Nn8HdgSZuixe8+MLP1VWrYfaTVNpaxgS0MDSRv45PJtUgCLC1LJM

1: CLIENT -> SERVER: C8rt1X5uGhhH+ktR9/V43ogSrkb5VyPN5WUiF+O5B2H8dTBScHeBV6Y73uCksrLLkOV2aWlzKDQQ

1: CLIENT -> SERVER: c1DlS0MWj9uisrYC+WEKzc6UDGNmy9WBq1OfoCoKDlePD2R71ZAV1Q1ZpXBpfQ6+x/C8D9XeAQHc

1: CLIENT -> SERVER: kbR1l0SufCdoo9119INI/F2ZGbU8t0PIGxepsmeGLBpbUH5J2aA6subbMGhQtsggH3iq08vMFPM6

1: CLIENT -> SERVER: B/BtPeLbQeNUjm6iWQbhEK4askruMcI4QjIaTduQgxFHO1NyJ1Ks8tQ73bSfAaTVsYAkLMtMVBam

1: CLIENT -> SERVER: dWkiRrJecKPM2O4OFI8oBloaLYfR9BJdDpKVuRhWYsiiBYrjWY1OrJN9TjmxCPDSAk80XD2O8XQb

1: CLIENT -> SERVER: xPL5pJQHEDlFiZa5pHimYJTHUyY6/rUgwGaCtloD+YVWQVYuGkSXtdVLSoGMrqRuaPrBw1KGrKbb

1: CLIENT -> SERVER: kTUSZfI6CPhH51P5xhYlZoasYeRwI6dq+vqgU7gNDR1ktTXJeorpzJCF8cCnhrgozYh0aGukxk6M

1: CLIENT -> SERVER: FRqyiiGsPQ29e+9AksnfNprymaG23I1xMsO5kXMnqO3I4oioG7J0nrBo1lUb7IPSzZRDHfRyTtOQ

1: CLIENT -> SERVER: xcgMclNDVpbLfFt7VS7df1E58rXR//LsvYd+OWvnD2rGDcR6GbK2C/hPxpt/+hXON9g4n1J8o7ET

1: CLIENT -> SERVER: DVl8c+793/lB+cbX/t11/cfxfOA/Xx/77H/btkatQRvr62XI2mgEQ9bWxEoMWYMOKsW+cv9t8qef

1: CLIENT -> SERVER: +5Mt/Sb7SnE+hedWBBVsdzzwFfnIJ393R/XlRuK9b/kX8pZXv1Ve85LXbZjh6nzg3x//57b/JR//

1: CLIENT -> SERVER: 8p8Fo5bDoP2/tF5/n69HO7ezIWu7gL+3b/7HVzjf1sKg/R3eL1B/8b/+9i/llz/xMy5k8OANWZVu

1: CLIENT -> SERVER: 83xot9onssnWkdF4tKlKyVKkoOGlpKLctIEssUtJrPD+elifweo9LYJz1d7hrlOAD6MikW/Fc3fR

1: CLIENT -> SERVER: EJ5UkJrZwXYWeWLeOcjhuaiQh5NS7ky4Q6mQh+A+HBcyEeUygzSzSMN7pNQ4pDU4ohYTVVOMKKJq

1: CLIENT -> SERVER: h+eICnoqrzu+XtTKqsijU4pRHfV0dSDdYkU5WB8jFcYBx0IK0qPLahpi1tREe0+hUTyGsK2hjgvX

1: CLIENT -> SERVER: 3i7S9tUaP7DoEYo6q0b0wKcFoc2608on0+Du+AxE2/1JiPEYBtZRyO44ok6CToN4P9tZhJ3FIKFx

1: CLIENT -> SERVER: ZxZ1cnccdwuyL6w8Bx1M3Tz5kcNvT0TdvRDnjl0R0HjOFZKN6O6xzP1DQ+CZRt/Li0iuQOQeNClF

1: CLIENT -> SERVER: GEcG28m5oyOFTfXknUuyWku4I9AthEVFMkDQ40TdxNDv3u7SQB8fSQtxTbi4lrbhN8MogHA+t8Iq

1: CLIENT -> SERVER: cm7YvFhA+PKUJFE5Ug5Nz03Nn8Dv4Q29GytgeXjq0JPOFRCwNGjAojL5i791pyqUN9OIRfBt1n/+

1: CLIENT -> SERVER: vT8pd/3Hh+RPf/LT+pZsQEBAwKCDa+e3vOkd+lb/nb/xuCrqA7YmaFh5861v0b78y5/7kh4RFrB2

1: CLIENT -> SERVER: UI4f+ZGPycE/npBf+OFfVBkPihGL4N8fP/TO98qnfv2zqiQOczggYHvjQB93DQf0BzTO8f/Ah3/3

1: CLIENT -> SERVER: 8MCvwcs1ZJV5VkxmM/lzQ+XQ2SRJVFtY5Iygg2o2wjSQqmyjkQukMV4xWVe0LwOm+PdlswgznEQx

1: CLIENT -> SERVER: ytHyGNch/SC8i5CQ+xdU+U1CGHcBGcWOIslRFndg8XiuFqgNyeQuP3fCNNCWIdBwUeiuqpEyl5HY

1: CLIENT -> SERVER: qIH0SYK6IZZJuA+inPtBNGh9FfQM6GyUSzMqpIlyW3Gi9UqEDLqDyZqjhjO2D/WpDLU93MUDQhn6

1: CLIENT -> SERVER: RBkarrmYV9/b75C+wY9glVvVavhJWiiIDbO8VrMGmjxJ4J3GSdtZ5Hbr8IhI9rMGoSbwTQPWEGhE

1: CLIENT -> SERVER: n7zNheMCPOj2H0FbCzkBnk/iScUz+7JAB5SMJ1ssiw60sWPBq/E5iHDtV/lpH8KvZLxTTlTKszd8

1: CLIENT -> SERVER: /+gRipwLlB+bS+JH8zM+ljZoFtFnkO0IxtKzkNmz6IdDSHIY9BxEewzhlOdpyOssxt8M+rTJnRpI

1: CLIENT -> SERVER: R5Fq13O7khVrQ4tEGHtqeObxhQU+nR52cwT9qGyr/F0G7ZelofOxh5aEK9eOkON40BpQv3FBGQ4j

1: CLIENT -> SERVER: +xiY2IuQi0ho6yjHPNrII+hIBXd2Ye6UIDM1c45aU7VclMpyjXP2BD5aPArH0xsUlbTJlEA3DSTI

1: CLIENT -> SERVER: PsVLnrU9JLTSEXet6fjDOGOcT6+t4Zc61hu+IvAAJhaMCbrd4NR+wXrAHa2Rzg2OR45POJGOY9IG

1: CLIENT -> SERVER: NajABNCBXer6PId5MI8ULeTRuwXRfn64K83IytD6+fuCxaAIEosdOOiYJLEfrS/Vzyh2JsPYThCR

1: CLIENT -> SERVER: FHGRzCYnWrOtk0jHK+YCBgyPPfOocwUELA7+g+ANWIOkTPKgkuv/+Se/7HwBAQEBWwNUiFNRT2U4

1: CLIENT -> SERVER: XxYI2Lq49ZbXyMf+1f8MRo01gAYsvphCAxGNvYP490YvqEzlHN4KytSAgIDVgUfaBQwm+HIQ12C+

1: CLIENT -> SERVER: /DCooFpvOaBut52m6WV7Lhm/ZTqavqSd5RIjdxrbjhwaUUxzTuWjV2bCp3FrwzmV46sBimOJWq4r

1: CLIENT -> SERVER: Wu8mUqLikG1Bk8k7AphEj7fCkzuydGcWAu0OE4un8pVHwrVQxnxcyhT83EkzAX8b/mGkGStivR9K

1: CLIENT -> SERVER: Faz8IJ46VsqKDxdqyksNMZ489JhEehFlKTXUuTz5h5WyOGrputLW83dyq3IffWrBlEssTdAMmD+L

1: CLIENT -> SERVER: RpzG8wh4O43YDPGmooZM4kLGIJOrIaNr0fZRxOSlHZOXUG6QixrmqMlWtbUzmlFxTeE4PgYLZMrR

1: CLIENT -> SERVER: Evwp69rHbj4AqpgWzBnISUMgP+7ra2NEzJWJnEXQc5DX05DF02kuh+A+gQ7gGDqDtNyJNUVCLm6/

1: CLIENT -> SERVER: oJI7waBLURp3w3EOxqyYokMa33tWewcMpbR1ijoop0jYLXIkoKcK6MSsFl4xr0Bx/mg5rRsxWj+I

1: CLIENT -> SERVER: R801k0hmkYzGX7ab9yLRuGw8YYSBbKzUpUyu3RzWEBuJVfkuhcHnqLtqWDRwkwGedI3Ch+uOHjuH

1: CLIENT -> SERVER: NuaIyCCzAq5hxPFY09fkiVxTJNrXyGI7Jl0Z5tgs1BjgECOZT3umMqbiyTg1UKqhywyX83EsxxHw

1: CLIENT -> SERVER: bJTLU3EuBzA+TiIhXzpgVj+OWYY9+G1+lm+RHXT7NhHKXB3gnDLAR+VSFpLlpWQ0iMO/a2SkPT45

1: CLIENT -> SERVER: /tDZp6c+25ptPYCgDT+DYOzG5ANRQ3+1rRgj8bjcdMWL5OzUhJw4c0LbOjY67mK3B/7bX/0XefDw

1: CLIENT -> SERVER: Pc432LjxohfL6PCo9gXp4gsvcTEbAx4nc+T4Ya374JGD8idf+IiL2Z6gYvX3fuxP5D3f9oPSSPkX

1: CLIENT -> SERVER: 5drAY5gef/preM7Jvt37XGh/wPL+zZ/9P8639bHZY53HqHCM+7H+51/8b3Jk8hkXu3xsl3YEbC72

1: CLIENT -> SERVER: DV0kV196TTWOttvvYs6L/+ub3iOPPvY1eeLEIy50e+HNN/89/VtqfGxXX36fDCLYrr9z61slbg7L

1: CLIENT -> SERVER: lx/7nAsNOB/4t8b/90O/Kx/6J/9K7zzqN3gE1XqvGyyXff/Nr/oOOXrkxLadx0uh9/8l0kbOdf/3

1: CLIENT -> SERVER: Jet96MkH5c++/J9dTH/B/v26l73B+VaPOr9/fffn5K4Df+tithb8ur4ef9cPEv70rz66ZfvolVe/

1: CLIENT -> SERVER: XrixY7v30U3XvEBuvfYN6zb3V4PZh4sP8bkSPV48PDr0dVe+6vIPTFx6+u2nJyd55Y2MDEUymsaS

1: CLIENT -> SERVER: ULmcUDkf6ZvjfrcHFc71SkwNtzLwF2QvqBRfC0yBakpCggYVBpoS3F7br5So2haQ07pSfcwn21qU

1: CLIENT -> SERVER: sR6bxx1HNGJxZ5dFIhWc/LV+PZ6vyhN5bTuVm92dWbsQNoZkY0g0zGKZjdYwPKl8ptmj0N1YjAAQ

1: CLIENT -> SERVER: xS/d60MjhirwTbb6rck0kXuwFAa6/FW85VColxFMS0KAGpHgRIbqyC58J2Wh9TKSO2LOxIkciiN5

1: CLIENT -> SERVER: HPnvBp9/HWfyYMxdQm6PDPjOk0wuR77vaSfyve0huRoyaBdoe5HIMNuK9Fma6w4K7kJgm1IQldbo

1: CLIENT -> SERVER: dMfHoIFMOcb0AbmBdwXFwwGkSfjFQygRBLkVBQ/GyySBXDieKcN5SWUKaU7nsd4NxTvGnm605Uja

1: CLIENT -> SERVER: VuNNTlngwzuyRpF7D8rZiwIvRlFXZDx+L5GLELcH5Q1j7lHmZIJ3jamlirwo0csRzKPYOEbJG1hE

1: CLIENT -> SERVER: uBpjQdzIRb6tCH4htYYxvxsva0RlyEKRevMRywYTNMUk3E2EOhk2DdkcxrrxNfgfxLi6G3J5AGPk

1: CLIENT -> SERVER: CJhrgRWuNTQI8z6kIbCZuN08NEZz/umOHq3QWkfjhoWwfo0BGKgRNgV6QLENHFz7uArQiBljLtEw

1: CLIENT -> SERVER: 3EIb5yGXDPNwL+gNiPvh5pB8QzakxzGm8I+ijSYHYFDaRrnrWGPvoG1og+64c/yxX9Mc64J2WYI5

1: CLIENT -> SERVER: k8pp/K55HGv1/XFLvpK05W6Mj4MYGxnycZTSsGu9bmOZRbHX7QO4se+xWN9vBnS6Kod+fGJWgle2

1: CLIENT -> SERVER: hbsoszyXVruQNjevYrJePLZvNjmw66NH7j/679ut9n3I4DNuGNZyR9ZS4Fujr77xdfID3/aP1+VS

1: CLIENT -> SERVER: 8Y3EdrjnicfKXXPZ9XqPAnfn9AP8J/O//OUf6YXuX370C9vyHqZzgYqlP/+FT616fN/54B1y32P3

1: CLIENT -> SERVER: nPdCfM6lGy9/gV7g/vqXvmHV9W2lu97WAo71l93wSvmGV7xZdwD0Axzrn7v9M/JXd356w8Y675m4

1: CLIENT -> SERVER: 5dqXyj94yzv7dkwljVYf/9yf79g5uxPh58Pf/7pv7usdEBxLx08fV/fx08fk6Kmjsmt0l1x35fUa

1: CLIENT -> SERVER: tl6Xy3MuvveXvn9H3Lfk++5VL3x1335vDxJ+9rc/KB/+3L9xvoClwF1MP/2eD6559xXnLO+e4ykD

1: CLIENT -> SERVER: zxw7eN67EPk3zhte+Cb9PXTj82+SW254SV/n9Fa+96jf4Fx/++vf0dd7Dj9/5+fkc3d9Vg4efXLD

1: CLIENT -> SERVER: 1ku248Mf+MiKxypfgrvt/i/LbQ9+SR4/8ti2vlfNz6u1/k0/aNhO96vW/+/a7PuO1wNcG77rV97m

1: CLIENT -> SERVER: fJsLf0fWilSaURxd9bwXXvJT6cuTf/Lc6aNpkRcy1BAZaUTSoCI9oeIeRVKxrEq5UnR3UxdWrjlc

1: CLIENT -> SERVER: L0OWb745Cw2kIr1QNSiPvIqEx8QxRNvClMhScQMHFd5t5KMhK4ObO5I0P5X/yM+yacy6HEW8LIvl

1: CLIENT -> SERVER: 9UUqtyDuEkTQKMEj1HajzgYLogYX6cwQmMOJjzsKi8VR5a/K/1zU6JPAb5wyAWsiIUTlRTdBk5gD

1: CLIENT -> SERVER: 8jBG09BFjwqC5PSgrEgTUeVvqlVSDJ70HhuUXcaxTMWpHI0jeQpyuwd1fDZuyX089g6ZyReNKlmS

1: CLIENT -> SERVER: yQji39mO5Qebw/LCHI1Bg/aAeHwcj0pspxnkxkabwr1B4wPloLyRj0FDL2M2NpT4YJxGm9FRY/SY

1: CLIENT -> SERVER: MMgP7eSOLMqwhXkxAUkdAT2NoGcQfgjyeKbRluNxJnPwt5GO5h1iFCVdiKouRdrrMY5ekCVyI8bS

1: CLIENT -> SERVER: 5ahjL5KkkDd3wLHHeNwcd+zo4OSZgzqurD9pbEV28KAmUVWU21PZQjAqINP8gl8DOSb6ADVkuTJN

1: CLIENT -> SERVER: NiRWxpuOMrSBWnq6EjkFehZRT0S5PJjk8uW0LfcnhZwBoykNWRgnw+BrFDJJcvLsDFmUA5vLCtF2

1: CLIENT -> SERVER: jngz4LAe1sanh0bYFOiB8jloYPtAZI3GHTNkJdJCCA1ZOeS3F9L7+jySf9Ialq/3hizKCW200QgM

1: CLIENT -> SERVER: Stu0S4wn9pkZskDkD8Hs10ZmrxWQ+3aSyjH8vnkCMrg7yuTLSVvuwxpzjCMb+ThKFxiyfPkgG3vq

1: CLIENT -> SERVER: rbBY328GjE3lkg58Y+xiLrAdPJa03c6lBVnkmCKjow25ZNflZ6a+Mvdrx5468XuYV6YV2mCshyHL

1: CLIENT -> SERVER: g3+w88i1fvwD7pVmvLNqeo63EHbw8IGH5OzMGedDvZdeI1dcfKXzGa6/8gYZHx3Xt1mXyw+VZtd8

1: CLIENT -> SERVER: 7/Z6O4tHC/BImrViO/3TslKs1ojljX+/87/+3aqNCPwH6/u+6QfkHW/+9hXNq09+4RPy/b/1nc63

1: CLIENT -> SERVER: M8A7WfphzNrMsd6vNZRj7xt+5NZgvNrB6MeF5itRPnPsvv1V397XFyiInTiWf/Hdv6l3Dq0V/m8p

1: CLIENT -> SERVER: b3z0oAKZoNFi97j9OfjSG1+2bgZJIqxJ5wbnz2//+B+s6XeYN179h//xG30xDvDvj3/whnf17QUL

1: CLIENT -> SERVER: GjD+5e/81I4wTC8HvGe1H8as3/vzD8sHP/o+59sYrOZvFY7P3/zov93RBu1+/J3KtfSgu6NqZm5m

1: CLIENT -> SERVER: 0WP+/BpfBw01vbhs/2VY9y9V90r+XtgOL30uBo5r3jW8VtT76P7Hv6pP4vCJQ/piwd7xC+Tma03e

1: CLIENT -> SERVER: 7INrr7h+XY2cm7FGLIbVGbKi6OILrtz7Qxe//sL3HZ47fOnsfFOGYpGRYW77jiWOnSGLafWbynMz

1: CLIENT -> SERVER: 5hh87CACXEZqBgDPZj0yZagZBixFt9bTdPxULheSUcmMMBqxShpjSjyLWBXJbHQD5VyGYl6GsNeB

1: CLIENT -> SERVER: XlxEciWI9wDtjWMZQ75YtbkIoLay7BiyqKQl8dgtlSDyV7uXrHjA8+ZDSOAYvFV8WxMRw5Yhng1Q

1: CLIENT -> SERVER: MN7aaOHmYj79UMtKQxZjaZgEv9NJqsfeHUS++9HKL8QtuSPO5Ah5jBI1HuRJLkmUyzdnsbynOSQv

1: CLIENT -> SERVER: yVMZyhO5EI0aZzrEt5CnHXO3Fw1ZsTQQp0YY5YF8DRh6LRwVn55X8m5uGwuIQV/Sl6AvKHLejzaD

1: CLIENT -> SERVER: Dn0O8V9D+scQdgAy4F1qz8W5TIKaKIPHxTWRM0PZI8h/Mbro+RgjN0OOrwC9pEjlapSxC2kiyLlA

1: CLIENT -> SERVER: PvY2TZc8ci9BHTR2RLQMIC/jKOtMh7fNRSr9lcAn/d3tcE5ts/csH4sZm7UotSxRNiSuEZlEGD9J

1: CLIENT -> SERVER: kiEqlqJMIZ9UTqCtR9CaJ9GuzzTa8vlGJofAKHdksW3DNIiibUNaTaFGHm/IckEqhwrsF3i1e0Ca

1: CLIENT -> SERVER: RqO9gbeDas4MGPQIVHy0z9C3hRqyRI8zZe/vwfcbIZP3tobk63MzZNGwPKrjwTW8t7HrgV7xuTqr

1: CLIENT -> SERVER: McF+4Jfz6tKHpUXve2MHoe8wHARdrqsxBojM4nfMkQbWHMR/BeP9r5O2PIREU0jMYni/II9+ZXqu

1: CLIENT -> SERVER: VRjq1teA/h4iDz5g4EC+OryZmZkyQr/mpbSyQtptyAZt2rdnV3lxdNmBQ399/OfOnpr8BJJMWq6N

1: CLIENT -> SERVER: xXoasoiNVp4tB37HGBVsr3nJ65b8x2s77mLhTo/feP9/cL7Vgf983vyPr3C+nYc7f+PxFf+DQUPS

1: CLIENT -> SERVER: z//xB/qmtOM/V+//zg8u26D1a3/8K/LLn/gZ59sZ6MdY5z+fm23M5p0oazUE7JQdeQFLox/GkNX+

1: CLIENT -> SERVER: Lubv3A99/y/1bZckd7R+84cWKuG2K/qlTFtN//XbeFHHIL0ZPkjgzpZf//F/t2p582+0P/zkH6zr

1: CLIENT -> SERVER: 7/yfesf/K//wW96z5jHB37H/+g9+MezOA9jvf/Shjzrf6vHqH3zxhhqIuT6t9OUuzv33/86P7nhD

1: CLIENT -> SERVER: Nndc8v6itWA9/77z/y+/5ubXyute+vol5/t2NWQR/dBjrKaPOK/4MtC3fv239e1vJ49BeZHEG7Ko

1: CLIENT -> SERVER: 71s2Sinb7bnsuExHh4fjRkYlcV6IkppLuLNGVYYeHdeWgtcplqY0pgLUguIu4rGCBSLNaMDdACJD

1: CLIENT -> SERVER: aPMIaBRxQ0hDpTsNUNwxcQSJHkhyuTPO5Wugk3GhO2/mUA/vA9IuUQ0sv2huopHBjlHjkx8qf5ms

1: CLIENT -> SERVER: S7JUztapAo0VRmyLgpaUXjBKG1kvmX3p84E02KUBUUnM03lHEDdeFrIX6caQjDtFNIurh/LhcYO8

1: CLIENT -> SERVER: P2sSQWwjN2ZRYNy1xXu/lD+0zYj5/HMrgLwT5LfOM9tlBixzE2wXjb2xNEGUyWHMmafiTJ7CuDgI

1: CLIENT -> SERVER: 4R2BYE8ixQSKPYtMk5DPZJTLadBJ0CnIjPeStaIEskt0XGi9ZKMo1eg1B+KdWszPu6UYRiCrG082

1: CLIENT -> SERVER: tmhPsnvX2GmeWJaXf51WA5+P9RsP9SL1wfrADY1+PEqR840710YQureI5SIMlstJWSz7wd4I+OU6

1: CLIENT -> SERVER: Q+OxrjlkX8uwO5S4W1C9gLYCCWxXDktG+do+jVYG1Mn0vTSAsFYshg7TjNdDGjFG2OLuPC7d4oVs

1: CLIENT -> SERVER: KDjszOEIqLPFeCWuI1hDuZ7QUMk702jk5bieAc0jF4/es2K0hyvaWmALdFY6sm82g7s52Ub+nuU9

1: CLIENT -> SERVER: eKNFo1mcKZ9tzjVPIH7D78baKNTfPBoU8M1U/tNMBQr/kOMfdIuBb7ZtN/DYjrXigHurbCeCRoWV

1: CLIENT -> SERVER: GrFoROJuqH7+w8CyqJDk+KVS93z46hNb4563QYN/g3Iz8fgzX3Ou1YM7WQN2Nnik5GaBv3NpeOJb

1: CLIENT -> SERVER: wP0AlTo0VO8UcL2ncWIzwL7jm9t8eYW/y/rJBw30VJQGdEDFNo9nW62BiC/NvO1fvHndX1xh+RwT

1: CLIENT -> SERVER: nNNL/Q29HPBFHCryaRjb6ejHzjTuctto5fQffeBPl/13MccK1xH+/7XZSvRBwKfu/gvnWj3W8/9s

1: CLIENT -> SERVER: //8y/4fhurLY+s8xt52xWXoMzg/Knn87vf0n3rqs//WWC667fBlyUEBd7/JRynRrtn0gP5MfaCQj

1: CLIENT -> SERVER: BXcFqI6YoB5uEeXhllInglmvQF2McVOWuo9TiFsyO/4qhYfUcE/dSQAUjuZBz8alfDXJ5fYkk4dB

1: CLIENT -> SERVER: R6NCJhFLmoUwdQeXQktETU6xWZLgckS3GQEAz3TFeI3wo1FMBiIYszSsXc5CQIeGdkowShE+BOKR

1: CLIENT -> SERVER: d7sRcgHCeIRiwsqQD83SrDQcTCDuSBzJGWTl5iDeNcb7v0zljrRaBSP8XoqtAi+bxaFyJ/ETkdi2

1: CLIENT -> SERVER: RPIylVmEnUCfH4za8kTSlqfSthzCuDiJDGcRNwOaRZ6W26HSQl1TENFZlDCN8DmUlYFoFFP5cSyA

1: CLIENT -> SERVER: uIOLB2UdQeAzyEvD2CSevMeNsqUhi3du8Xg+cqZZq0+fAZYWktXYkR0CMbZtdxaJfo58jqtSLkSK

1: CLIENT -> SERVER: /Qi7GnEkHsfJMkyxD4Lfdn2ajFmefhBOovGOz/pQdqLy3i0FttB6zmBtsHaTvAmnq22LBmwsPAvL

1: CLIENT -> SERVER: qdm3UdvJPsVYpWGuCecsSphGh9LAO4OwNsYEc3QkYERU/dwbMZDoMFn/0M8xnoG4pKZJIiPlron5

1: CLIENT -> SERVER: 4/OPZq2cfxXa1A5YFDw6cL3APxQfeuJB5+vGYsczbHX043iZ7SiX5YAKppXujFnvnVAcv/wnh/Wc

1: CLIENT -> SERVER: Czvx6B7eA7Ud0A8DRO9xrAE7D4MwH2gQ4Zv4/cA/eNPOOirVH6+8meDvMioz+6lQ+8nvHhxl2maD

1: CLIENT -> SERVER: xhwadVZyPJsHDQQ8BrffL82cD5zTvLdurcrsf/69P6lHXwesDTMb/LueL3ctd7cKxyjHynobWbcS

1: CLIENT -> SERVER: tpIxj7wu9ntoo8fcRmNqZlMOzOmCfxnofP/rrQQ80WNQQC3gSpC1m+0nZ07MP7wnHm0ONxJJIhHV

1: CLIENT -> SERVER: HwNUom5plGgLyCtRF4cpF426wTzcleWNWPT7p0/Nu7SejQq5K87kS3Fb7sbzYFzImZLGLO6mocIS

1: CLIENT -> SERVER: uSKUpGQlxGUsSe6oMP/SAANKHefiHC8Bn121/72wUtjvNDbojiwQj0jcgzia3hRqvQOP4PM0Bsgz

1: CLIENT -> SERVER: cJ5GlJVY6DFofKoppozsXqyVcTn4oNxB7CnuprPRkEpWJsL39U/EuTyTZKCWPJe05SzGQgtjQXfU

1: CLIENT -> SERVER: qGSAmkho+qPWmsaqeYTxPSYaR7WbIM42ZDiZ8zg+kcdR3YNpIY+Cnk0KmUh4N1YsEYhHgCZ8ujq4

1: CLIENT -> SERVER: s4m90XfZe97rpKjv2rQxEnGsKDGMK0khQ5gnPDZxN3xXQWY3Fok8D2mGIIiId37RmKUpdRRZWVpy

1: CLIENT -> SERVER: pDsGlaoQQAWKBzxq3NiC8G1ZyH4n1DWzg64A6+mNBllYwFcPfF/5nuRRgf4oU45d3YWFUs6gDTSK

1: CLIENT -> SERVER: 21rpc3TymRRcffR0kgw4jFl+PLvsLb7cQGMWo4caDUlb6YmpE7P353nOiwo2p0M3AP34A7B+/9V6

1: CLIENT -> SERVER: YKcaZgKWDx7xwAvXVwIe47RR/7CznqUUxJv1Jv9mox8KgkHcURoQsBoMisKMx0mtZQeHB48F3kkY

1: CLIENT -> SERVER: lB3iHEdUqPXLILnT+nEp0IhFY85qwN/xNBBs1l2OfFHmnT/79jUbs3h/K49A3cngEWRbBSs59phj

1: CLIENT -> SERVER: gycIhPvQtjZ4v2IvtuPpJXVs5m72XvB/vX4Zs/jCBF/QHASsWL1X5MWxmdOzj6T58Ildw8NlSt08

1: CLIENT -> SERVER: QD0bNWqmrKx/A3RUnsGFV4B63af3d7Feb4tLoEH4otGCRwyaQpW7tEppgHhM2jCIRi5m4XFYh0A8

1: CLIENT -> SERVER: YvDzSSZ340nj1hmETYG4G4eK2zKBcEm6e8aMV0nBYwztXX3CPxfHwliG1EOV94oQQ8eS6OTkvo8U

1: CLIENT -> SERVER: jebdX3z/hzuyaMji0YqMJcf+2LiJKJJDCDgJ4h04OY01bssW5cX7jtgu4pzVDyLY8RX5MEceNDoq

1: CLIENT -> SERVER: oS9BlDONUdOQxUSaywT6fxpku9QwTiCKIRCPbuSuR8qTEvVuHs84hcF2GjPutOTq5pg6izqPQ+bP

1: CLIENT -> SERVER: QN6Poqr700IeQPlfS3K9W2qa1dMwCmJpNEZyx5LxamUr8UH0tqMPsD1DROfYO1XdQy5RAdlgHFCU

1: CLIENT -> SERVER: GoN2UQ7j4PZSxF2TJ/L8PJYLICbei8URRIkt0ORrfmuGEr68ezEwucuypeD5JnHt0fbhy02lRVDP

1: CLIENT -> SERVER: QdoYLKcmssw1A6NTxySPvYx1gBq1EckjM6dLWydp9Occ8m31+Z23wsa3tj/w7dBdhyDyH0M4o0Mj

1: CLIENT -> SERVER: ZTYdHZ2emH2wLMpTCN5qTVs2BukPwJViPXeCBWwt/Pz3/tKK3pKmYqmf97otBx//wuJvMw/Cm/wB

1: CLIENT -> SERVER: AQEBBA0hn/j82o9T4nq8k44XHLQXbng0WD+OlNpp/bgYqExcixGLu+Q220DAed0PYxbv8QvHDA4+

1: CLIENT -> SERVER: aHBcrhGLOzg5NgblZYpBQz/W0Y3C0VN897Yb4WXQjQWNWf06ppl3hQ8CqPtbKeabc/OH8pPFk2Nx

1: CLIENT -> SERVER: Yy6NI72AnrsjdF9HhGdE7VqpKjavYDXqVTMa7EiwQQKV7dQPesL3Yiy6aDsOjcp4Pi2KTY3jUhoQ

1: CLIENT -> SERVER: wDDkMlIWMoonDVoxIlto8xFI/960kL9NM3kwyeQ44s8gP4+Cm0LcPGSrx8fpriwy4Inf4JFbTihg

1: CLIENT -> SERVER: F9JNHnW3g2r2XbhaDXwZS0CLdHk0G+pGp6cgHi84gvBRRPBusAbcqntGKn8wIo/IOwo+j2m7eM9N

1: CLIENT -> SERVER: qffdaGFlrDtn6PXHEQ40lFEj+xjLnhaCAiNRIp3pxrmg6XXedOBTcrcbSQ2jGFcp5NQAMd8cEvB+

1: CLIENT -> SERVER: tSNJLs+S4kwOQXiHkfkQZP0MngfA32NxLo9gXD2eFPI0CjqJuJaaCmw88WMleh6XotXBcvsP3Tav

1: CLIENT -> SERVER: eGcV7/3hXVc6r8CXfuDh8YJFgTWF4xJtiDGYxhG/D5xehririlh3ZY0imkdUZiA1ZrAMEIWpa5FV

1: CLIENT -> SERVER: qEASdTpvB4sGDi48q2iOlDRuUIb8uAi2vwRRHpxKXU2jPJFen1aCo3WCVq7c6Yd+dg/veLLjAru4

1: CLIENT -> SERVER: 0+TaT5bUoi2D2oAzOHm8Jo1ZPF6QzzZIW8BktfwaqBEdp3KhkVsHJfqqoCErtzakacIdWe3mZPNw

1: CLIENT -> SERVER: q9niBSydk2gDNgW3Pfgl5+rGeu8E26rYaQY+3uHBN4VXAl60vtHox/1nAYOHfrxlH4zyAcSg7M78

1: CLIENT -> SERVER: o//z+861Ntxy7UudK2A5WOpvndXih3/1+51rbXj9LW90rp2Ht938HSve7e3BnY0/8W9/dGAMBN6Y

1: CLIENT -> SERVER: tdYdlzTqUS4BK8dG7I6hoZEGx+WAOze5gzMYsZbGdj+ab6vjzNRp5xoc8EjXfuzevPaK651rc9HR

1: CLIENT -> SERVER: rC8fZdbOJ+bPtg6krZGJNI6lKKk8puLN3pCn0k31pnh6faS7kqdDAwtyTcsKlexUfiKET374jN1T

1: CLIENT -> SERVER: yZTvZsCyBjJMlcmazm7victCUlBDn7bLpowjacaJHEW2h5HuHtAjcSEnQNyp44lHx1EpbV3lhIi6

1: CLIENT -> SERVER: vcZWP+pURpUPNRcoH5Zcv+Dh8WtGdDMPXf6GIReqZTML6tKOc8QdYlQqM4750JakzF27uPMskiGk

1: CLIENT -> SERVER: S5CPymozZjGdKaDPoi2nQKdBs6hT9x6RCQwYPVYQA4hlMo+1zVo9cHCy74wNysRI5VaToe8Do044

1: CLIENT -> SERVER: jUfcuTaKviLRAMhxQbnyw91qLVAGol/vtUI67shro0zeD0Sj4MGkkCdAj2PMPAk6AHoG/kOIPwQ3

1: CLIENT -> SERVER: 6WmUcQD0DPOg7inUlau8bdzqnWvKEdtG0i+lql39hGunbyvv/7I1A3WBD3q4K0vT4YFhJ2N48vjK

1: CLIENT -> SERVER: C9D+y0GXIU4NWSgjB6nhyrdF28Ps+KBseK0NSvhBPiUt3n/Mv5VA8XDmOlOW+klsCXuTMjAfiA32

1: CLIENT -> SERVER: KarGrn+rjZ/z1ORZU3CtpPGWowE+fqEhfKohC0TjFQ1ZJO5MZEIaxtQg68tScpFVzV0VDSg8j2wL

1: CLIENT -> SERVER: 5gGcHNv+9+tQY1hGivHJ+anmMYTzP44BXSQDAhbHTjPw/dNv+zHnWh6oxNmMOwCWuv9ssaNAAnYW

1: CLIENT -> SERVER: glE+gBiU3Zlcq/phVNs9vse5AjYD7Md+HDG4a5QH0O888MjiX//xf7eqO7GIf/0HvzhwR7XRYPGB

1: CLIENT -> SERVER: 33q/860elAvlE7AyrPfumJUcgckj0LhzM2B9EV5UWl8M6nGYv/Pxf+9cq8fVl1/tXJsLr+9cEYq8

1: CLIENT -> SERVER: ODF5bPqepD1yYrgxZGEF7/GgEq5bZehVid6/1aBKYrRLP6oYJyHcNUwV4dpgXsof6509VLrS4JBr

1: CLIENT -> SERVER: 3lySMpMUzyGUMwxqIJ4GHxqLmpLIYaS9D4X8TZzp3VkHo0wmQNMoYbYspO3kWkHr9lIG8aHGiQRu

1: CLIENT -> SERVER: 23FjhgFGaWIQoa1w4UbdcCE+C5X/CjNoaJsJzUyjgagBRo/CQ5oh1JsyD3/QPBqzyCc/06DjUSHP

1: CLIENT -> SERVER: gSYRzrue9N6XHEnAO49LNCMWjYh8Im5gQcbPz6NLpdpmGhzMx91WImPIfCHkdQl8+9H2XZBDrGrp

1: CLIENT -> SERVER: XD9tyIG7jYgGwhtIww938vF+oGeSXB5LMnkAdG+ayX1pLg87o9bTeB5G/iOo9VnU+RTKeQrPp0HH

1: CLIENT -> SERVER: MZbmOFchc8qdCnPu+tKucvx5n4UY9Q0qBv0Csa9JcOpYI3EMezeJRlLKS+RChF+RJ3IF0tC4laBd

1: CLIENT -> SERVER: lCuNoso5ilIZwsMxp0YyDFJMSyuq8+jCYmFbBSZOm2MEd0FyLtKwYyGEpjInG7sJDfZVdnhaBBwX

1: CLIENT -> SERVER: jio28cXh0IKT7+nRenMWHT0N4nYkvhTgj9xcumG+/Z4GGdYGFUOB8UuCO8JiOjo8JslsemhusnkQ

1: CLIENT -> SERVER: zaBIAs6DzTr3PyCAeMtrv9G5loeHnnjQuQYDix0FEhAQELCZOHCYG9IDtjo+8snfda7V47orB+Ot

1: CLIENT -> SERVER: 8I3Gb//4H8hFF1zsfCvDJ7/wCfnw5/6N8w0W+Dc7+VsLKBfKZ6dhkO/lXKkRazNe6NqJ2OwXlfq9

1: CLIENT -> SERVER: 0zdgeeA6u5WOpTwXVmXIKsvy9PSZmbtkOj40MjSesZBcleOiSreOutC+twusXdypReq00vY/UHFM

1: CLIENT -> SERVER: Q1Zsl/M74rftyOJ9UjT4GDWQjh92wSzyHkR5t8eZfC5uye1JW55KMjkF/1nkp9K2ybpYZ6WvdRp7

1: CLIENT -> SERVER: kntQ40sFKGPqZMaImjb/nKgKU58NETUxuZBOPEujkYHHCu5CGtIo/CmyRDFqRALLaffb0Ij1TFzI

1: CLIENT -> SERVER: FMIpGxqzGMtm0fzGmsywQa63Dzp9Yd+8+mcMrb2kTOSaIpVr81Quz2PZg+iYEwhpOMa4G4PH8CUI

1: CLIENT -> SERVER: p3zYf9Ren4EMD8W5PJZm8tW0LXfjeXcjh7uQxxBHGZ9AGadR1jFI+CDcX0PY16JMnsFYPI0y51Em

1: CLIENT -> SERVER: j/DzQ0plr7D+Wn9w/NieIu1vHZ421jrziUAcaARMXgTXFUUsV0Jml2CsjyJFgXa1MdYoW459Sw4H

1: CLIENT -> SERVER: ftSJopTg7gLTWgVbE+w0kG8ynzQsD8EzVsa6vliiLYJq4fJPDVVwPZ3FGDkL4r1wp0BToBxkI8YN

1: CLIENT -> SERVER: H9D2gI3nogDZLxFpJLGMxCPN+RPtR+anmnyFileEbWsM4pb8Xix1JFswoAXw7oqVvi29mefFr/VI

1: CLIENT -> SERVER: n4BuHD5xyLkCAgL6iXCvxsowqMpCvq0+KEdWbiXwb4tbb3mN860M/D3/83/8AecbTJC/tf49Qvns

1: CLIENT -> SERVER: 9PvTBgXLNWKxz7/v594djFjbFMFoNVi47f4vO9fWBvV/q0Era2dPzU40nxjJRs8OJakq3HiXh+3K

1: CLIENT -> SERVER: KruPswK8krEeajGDA775XxH85Nnz3Q3GevUxYbtlCK+PtR0SZuyhkG3ngO3G4TF8NABxN5Md6hbJ

1: CLIENT -> SERVER: HNyHkf7euJC/STK5Q+82yuS5OJPTUS5Tkutxc9xl0qkXOeF0NYO4BwxUuqf7GD80DFhdlra7nA46

1: CLIENT -> SERVER: 4T5PJx/DXDwayrrZlnHQXhCNC/vxHHU8cl8Y20wvj0g8giKehTD0TCykbSNtVu3EsW9fi9Ggw/PY

1: CLIENT -> SERVER: 4XxRQAC8E0yPCgRFIO4ooryuyxN5YZbKC/JUroJ7L8J0P53KF+WDWAv1+zxWbR69OYWyTsYlZFli

1: CLIENT -> SERVER: jPAerEIewmB6FHQQAucBIFOgFvLMgnik4FMYQ48h7QGMp2MYG1Moa/EtHayNtF5wskIVHBdmzOI+

1: CLIENT -> SERVER: RrgxFpQ4YyAH22nECLtrbg/CLisTeT7kRLldyHQIb6FtLTw54lkwy9X8eNAOQIJXiWB8RRa0paA8

1: CLIENT -> SERVER: u/Zom1wjaMgaQ8DuPJJhbZuXJ90IMGkCLsOGwTiwTw+ss/DDVYZ9hzTaMM+v3YU1jTlzCnQc6Sfw

1: CLIENT -> SERVER: nAdxdPjViWssybe2QqcYAOG63gwqfC/hUxaSFyCVi8gwfseOlENnZo7PPdSabz+KIP8ewLbFoG7J

1: CLIENT -> SERVER: r2OpI9kCAlZzEe5mHvNxMOxy6CueOXbQuQICAgICFsODTzzgXAHLAY/MW+29WMRv/9lvDfydQ+SP

1: CLIENT -> SERVER: fK4V//IHPuRcAZsF3lf2w+/6EedbGjRivfeXvn9L/N8XsDrw5VTezVSnrfDC6nbFdjEsUve3KpRl

1: CLIENT -> SERVER: OTd5avqxcq7x3HA6oq/NF6SCajhv5DE9m1ct+pBB1b55xTDJAsA3PHaHUG8LPLFt9iFUCYlPUXrz

1: CLIENT -> SERVER: EcPNpMNdUcxBdaXfocVj3ZIyRqypYSeQ/NEol9ujTO6O2/J40paj8E/EhUyCmhHLZtFIXzGLgAj1

1: CLIENT -> SERVER: KeVKfteYPwqxqBmMCFMAs6BeaOHm1PQ+ZScH20dFMxXnNMZxF8g4iIaZS0HjiOMYYGtpyKIRj6aK

1: CLIENT -> SERVER: M2D5ODJNx/CDHx6/WB1Z6IlF4zGwIHN1wpf1vvWfEsMhD9734xMW6I8c/ZfH6J84k2H00YWIuapM

1: CLIENT -> SERVER: 5IZySG4qh+V6PJ8HPw02HBuUMccRd560QE0QDVl8zoF4XOMpVHcURCPhc2CBBq4Z9HmOMiIdI7HM

1: CLIENT -> SERVER: IY53ah1A+AHUfxx10zDAXX454pRthed3PcHKONo5Kig1PytobqJRiynw0W1UGBuMAt80AA8jfB/a

1: CLIENT -> SERVER: xeMFbyoaGG+p8I4+bgltcWcW2gWxa6kcVCytGrMomESguC7aSvBdRTOOmXJ0Nmq70Wqdh/sQMMK2

1: CLIENT -> SERVER: ITFXLjt6j+CzTusNVw8Z0Q6wUI+Ol9yT3CqDTjdjFoNK/GopZAae0+gs3iFIQy7v3WP7mZ7jhzUt

1: CLIENT -> SERVER: 2S4tx5yDCoqIL3+QrGW6x1DX+hjr5VCjIelMdGJmYvZJ/O496bIFDAB+7Ff/6QIKCLjlhpc41/IR

1: CLIENT -> SERVER: 7iMKCAjYjhi0HYpTM5POFbCZCMfXrgw//72/tOp7sbj7bavsdiGfa92txyMGuRsoYHNAI9aHP/CR

1: CLIENT -> SERVER: 845XHnEWjFjbH+zfN//0K7oo9Pn5sV53FX/50S8419YGdZ+rRXt2cu7x7Ez++K54mLpyoe2myKl8

1: CLIENT -> SERVER: K2noUuWhKoorv3qUvGJZScM3G2yBkd8V0EVdKTpkXwYaLmwXDQQBUrcaamIpQDTe0KDDaMbRmDUG

1: CLIENT -> SERVER: GkeyUcTxOLASdZ2FfB6PMrktbsvfJm15NMl1Fw3DqcSdRTrex1Vd/kPlpxqvMn3a0XxOzY3oAsQn

1: CLIENT -> SERVER: iTs0YqcwtUZooHNrDnyQFh9VKvPDjPTZQ9N5xTPvtuKuLBoaLkTwpWjPLpAvhTJJQMzSRLqzoFPw

1: CLIENT -> SERVER: nAU140gKPX8QRB40BwhfpEGE8QZeQZRL7J42RqwNFZCW7aYc6aGZJeM3+od3pu1GMHcYXVemclPZ

1: CLIENT -> SERVER: kBeArof7eejXvYjj2Gio7PSgMeS1XUfcrUFGeMdYG/XOYTxMoRbePTYDyhCWoowUZUegAm7GHYsL

1: CLIENT -> SERVER: eS4p5CRoGuOkScOPMuhIwTbQbXWoUUH9qwDyGtGNcklaPsdt7GTHqrtMTpVbWfKELA0Qj7G8CAP6

1: CLIENT -> SERVER: +UUiF6NdDENBauDlriyO9XpP2EhkAQbPgSePqirwOxjr0RIAa8Yjn34W2pOG5V2g/SAe8cn2mSEZ

1: CLIENT -> SERVER: bj/Pq35Yf1iVrjfIZEWuV7S/8KzWAOYiXPoC8aB50CQCTiItd2RNgjgX1PDDp6POEGNZfgxYpRrs

1: CLIENT -> SERVER: 6x9IuPaQSe1fzHjHbwrZjMYj7dbZ4tnWXOs5Cw0YFPAYwV7aruAbdAHLw2rvrxgkhKNAAgICiJk5

1: CLIENT -> SERVER: nqWxegzaDsUHD9zvXAGbibX+jnnq0JPOtf3x6qu+Xr7lTe9wvpXjM7f/lXNtDfzhJ9d+z9U//Jb3

1: CLIENT -> SERVER: OFfARmIlRqx3/uzbg0FjkxB2RA0+1utlj0HfmbtcUA28WuTNudZXp4/O3T2Uj58cSmJVFPKIQd2V

1: CLIENT -> SERVER: pVpDBzq9xnWgoepO/fTCQi3G02KgUj4pClUqm+KUKWM03+7PUkMWQyCjBtIOl6WMwE8aZjiS8/IT

1: CLIENT -> SERVER: Gh0ejQq5Pc7ly0lLHkkyOYlSeGQc3yOj4aKp5aI85OGdVCgUT4awFgqc5o/F4DtiqVYYjHNrh+lX

1: CLIENT -> SERVER: 0a/u47PSGEEDHJXlvOPpQhCV6d54RaKxi+l4hxrfN34GeY+j4IxcRuA/hodEBbTy5mnAoWzWZUg3

1: CLIENT -> SERVER: iGGOfRdSwUxStvtoBIn2w/V8yO9GSPDmMpUXlolcD7qyiORS0D4QDZ3cYTOEPCkoxviKqOWm1aa0

1: CLIENT -> SERVER: PU3scZ41RuJYi4tYGqCEO5vgp8FgOsllEuOIz3mMqzaoROqK2S5O6TMDwdrhpUAyfjzpsFVyxgaQ

1: CLIENT -> SERVER: hxoHawOYOxdH0ea9eSz7QRfAP8IcGPMZ2sIjBnmfEuXPMdfpB371ox0DAN8UtI0znfPHdluaYZxz

1: CLIENT -> SERVER: kIa+MaShXDkvKWlNQhoY+IZ41BnEE33LNnI8624srJXH0GLu6OQde5la52w3VrUjyxfhqbcKD008

1: CLIENT -> SERVER: eNA+AsNcZzP0I4kYKdNiVzF6cu743GPtVhYuFAgIGHCs9m6G19/yRucK2Gxsl4uQwx00Af3AdruX

1: CLIENT -> SERVER: aju/cLKTMD037VzbHz/53as/UpD4o//z+861NcBdWWu9Kyvsytp4rNSItV0U6lsRwYC4/tgu/0v0

1: CLIENT -> SERVER: YlDaRR3nqlGW5Ymp0zMPyHRyaLQxrIWVhUjhlc+VwtBrFgcdPIhrKZGQfzticKnWeJ2pKpApA0fe

1: CLIENT -> SERVER: 2Tk8zQSvd2SVPH6vAOHJQETzyD3uXppAPIfJXVEudyS5PB4XchR0CmE0CKkxC3loz2BGKkIrk1lR

1: CLIENT -> SERVER: SqQGD9ZMzow7M1ycH51WOmMGywHxqDvu9fJgigaiRkq7K2s3iLtBuEOLoDz1IDkq3pHtZFTIYxDO

1: CLIENT -> SERVER: IQjJc9IpbauCLViiFdo37JfaAZWQIVsfSQaZZXIx3M9H+E0IublIlF5QpnID6GrQZWUsF0FYPDKO

1: CLIENT -> SERVER: RkIawLx8rQIOHCP2Pg2EaiSEzOtc8W6uCGOJpDv3tAd8LywG5j5X/GpAfj2dC/V4uNEWKWIZyhIZ

1: CLIENT -> SERVER: g3xG4d4H2stYWktjGrHsGEZCZzLZB6kxzAnCBSn47Hfr1huUil+F9FhOGoBdOO/d2wfXRZAL78qy

1: CLIENT -> SERVER: tCA6POrugYPn2J40UdGoz/vczoBOoUPPIGoOSXKQN2JpPy8XA91+jEm0hTOTRn8SMZIM5cnM0HPT

1: CLIENT -> SERVER: J+ceKvJiffaYBwQEbDquv/IG59p48JiPS9411EU7Wdk7s00UpMdP89bUgIDtg8v2X+Zcq8OdD97h

1: CLIENT -> SERVER: XAFbHTtl1zB3Y7351rc438rBMb8V73T93O2fca7V4+9/3Tc7V8B6Y7lGLI7HYMQK2AnYLv9L9OLA

1: CLIENT -> SERVER: 4cHYDW1a0DWgOdc61JwoD+we3p2nEYorTBlHGrxdAOdGh13PNDWknupxPr4b9RiaEFTZDLftZPLa

1: CLIENT -> SERVER: dFJvSYjX7Uv4AcX8KmPhkXDzRSSHEXEf4r+SFPIQnod4PFxcygRoGkkzKrRrwrYj77iDBWWhbt29

1: CLIENT -> SERVER: 43jgNzlYGqYA7wZzGKkRBk7TsVpKGuSoON+F4TSOJ3cPdQYWy4sldWknwP/jcSbPRrz3iUflmeKW

1: CLIENT -> SERVER: pRML6x4wkMFFmWQLTL4K9kdFZsRKXb/QsFKWbHUb0W0ZjXLZj7xXIu4mpHlxmYBS3aF1E4hHD16J

1: CLIENT -> SERVER: /Jcinsc37gFxx80wiGXyLizK2HqORizbmWW7sxjijRyl7AWNgYbg56YWAwqqwNS9qMevBMbP2uDL

1: CLIENT -> SERVER: AIGNGPOBO82G0G4eoUcDH+VA0KCrRy+60ckxqPJ2RCCbEd012iowSdg3x1bFP754r9peygVxYy4V

1: CLIENT -> SERVER: ZVBbGjYEnqc6LVV/N2veZyE8OnMOT65xk2gIn7OglkVrKvYvqVPRQqgpnrJy+ZZKt7kgc8Yg11e2

1: CLIENT -> SERVER: nbub2baRRprJrBydnZx/DL9L+B5DQEDAAGO1O6tefMMtzhUQMBjYLufoB2wfXHvF9c61OvznT/8n

1: CLIENT -> SERVER: 5wrYyuBunZ3yssX3fdMPONfqcN9j9zjX1sKffu5PnGv1uPn6F6shMGB9sVwj1ufv/Jx884feGIxY

1: CLIENT -> SERVER: fcB63Z8UEHA+3P3oXc61uejYG1aJPMtOzJyefawxP3p4SBrcsCN5bspDrzc0zaGnQQUNAngoOYMN

1: CLIENT -> SERVER: PwgsY3saqDzmsV52oJVXjGtjQXoXjXq8YYHFlcJ7w1hiR6veUUIraT0iCfLzzqlGmYi/46gpiTwb

1: CLIENT -> SERVER: R3J3WsjtSS4PJgX8uZzCczrBH3OIozFLuxPpuXMlyiNuUhEk58lrZswq8k67kNrY8/wS5JhlkOBl

1: CLIENT -> SERVER: Z4LYWjMRMK9vvz3Z+Bjpx1AvjVjclUWjFndo0YDDY884yCgNoonyeETYEZQ3EeUyCzcNLlTeWp2O

1: CLIENT -> SERVER: BhSUkH7QLhKbqX1Hqj4ONOzGaHmUSExjFuSU5HiiTyIaskqanDLEZTICWVwYFXIFJHVDkcgL80Ru

1: CLIENT -> SERVER: QtoXoC9vQL5rEH4Fns9DhZfgSYMWd2jthp80gnQN5EsKHqtHPkuUW0oD/I2Dz/1IcxniLsWT92+N

1: CLIENT -> SERVER: QuA0fLBvmFqJY4ik/nUC6uwiX3cXqkiIkDJGvAuik7vReFfWJRiWl4HGdfDQkBXpTh00UUukoY5G

1: CLIENT -> SERVER: VjPoIgzEOBKNXnwyIXNX5MMHEY5JHtPJ8URhMIiBdNE4uQtxF8Dn78iqmtLlWT94+XUIHFbEFPgC

1: CLIENT -> SERVER: 33Z3Fn1VQhfHXrNRyXVhHsR736YxDmYS7kAtBUsbwHv5MNZZQlUZww10VvNSxwQzdacZNCjPIG5+

1: CLIENT -> SERVER: 5e9QPtM4wdowns1PtJ7NWu0jmjAgYIsiHOd0blABEI7BCRgkBGVTwCDh+XtvlKsvv9r5Vg4ehxN+

1: CLIENT -> SERVER: Dw0O1nKc7h0PfMW5tj++8bV/17lWh49/+c+ca2uBR5/143jcf/CGdznX9sXDBzbvDtuVGLG+61fe

1: CLIENT -> SERVER: 5nwBa8V63Z8UsP3Bv6XWgv/6hT90rs2FaQzXgKIoj509MX2PnG08Oj48rgpKKuDKoqyMEwOsO1wE

1: CLIENT -> SERVER: ZNgY7xgoHCwY5BSnVIwqfISFmYrWGboQrCWoItfSdXKZIprx/PCItASRQwjnjpNGacaPDDSBsMcR

1: CLIENT -> SERVER: d1tSyOfTttyZFnIgLuUE8pxE+ATkPhfZPVwlNbdIzw93d7G+CIxULABWt+eEsDzdRDBDbaeRtqtD

1: CLIENT -> SERVER: TMcyuQuLu4RoXLm4TPDkgYLgB8XQaMC2MR3LmQEvh/E8iIBToHkQDWO+TuPc1z/AcO0yGflehAvh

1: CLIENT -> SERVER: ugOEZ7pR/njQkGdkJj2OC5Uqt2fF6DU8RxFxCega9B/vyuKOrBcLnsjzIknlBWVDd2hdj/jrQNei

1: CLIENT -> SERVER: jKtBV6GwK/C8DHQxKr8AtA91XIDyL8XzKtTInV43Is/VeF6MdDQ4cpdWZwEgV4tRv4HKKyJ666rF

1: CLIENT -> SERVER: 24ABIY5jWoNK8F2qMY472Eh7kMRyl5KB2iA1Gmt6tBGkHlB3H1XBWwJk188Nba8FaDvYjzQes+9p

1: CLIENT -> SERVER: yOJOvQVtc+k3HmCCA55PnS+Ghaw4BjFhaJSch5MbsnmcINeJs3g2dY2z9vuxyxLpJ7lajBBAqiI7

1: CLIENT -> SERVER: joGCcoX28cPfnVleVscKjg6PlPHc0KGJY9MP4nfthIUGBARsV/zwu35kzf9gBAQEBGxHfPeb/qFz

1: CLIENT -> SERVER: rQ6//ie/7FwBg4C1HBP58S98zLm2N2gk4F1PqwUNQVvxWEGPr9x/m3OtHm94+fbfkXV2hpeObDyC

1: CLIENT -> SERVER: ESsgYOvhDS98k3OtHJzLg/KSW0ePvXq05mfnH5p8bvresXRsppGkeiRSnlMpB3J6y5r+ssLgqRQB

1: CLIENT -> SERVER: Vbg6LWIvKg2poyVxDrHSsOGcBlOsM1CNPcjKeJZA8mlboLOgZ+JC7gPdluZyd5zL41EhhxB+OI7l

1: CLIENT -> SERVER: KOgMctGgVejOBpLfEWVmJ1IXFm0PmeGTgbwTi/LwMmEJ3BNDsvKZLoHcRpHkwoK7hhK5GHFMgaEg

1: CLIENT -> SERVER: GXg004KVQcPVs3Epj4B4RCKPGOTeJDNm+b1b9r01Uee9S7AOdpcVydJ2WsydNBchy5UQ1bWQ5fWg

1: CLIENT -> SERVER: F/DerLwhLwbdAnpJ0ZCXIox0C9K9SKlEulJuBN0A//WgmwreuRXJS/JIXpYnyJ+gzATlRzKGytI6

1: CLIENT -> SERVER: mxuKBQOuCwti6UF7dG5iLKWg3QjgUYvPg3wuzGMZQju5M4fJaMjSXX6gbjDEzTcPC9qSINtsL43F

1: CLIENT -> SERVER: nIm8P+1C9q2TxbmxwY321S1nzCFNhnVhBuvcGaxxx9HK59DnPFOvhTnDorQYV1ZXUze4Wf0Cm8AN

1: CLIENT -> SERVER: sO28kDbmMA1ZCTp1NNk93Tpe3D99Zub+sizXdutxQEDAwIPKgD/6wJ86X0BAQECAx1ruu/nop/8k

1: CLIENT -> SERVER: 7MZaJdZLbrfc8BLnWhkefvKhHdOX3/WW73Gu1eHBJx5wrq2JOx6+3blWDx4vGNB/LNeI9Xt//uFg

1: CLIENT -> SERVER: xNoh4KkSv/kD/6mLwtGeg4e17Ib+lf/6i861+Vhg11gNirw4MXl6+uEkGzkykozoZgi+WU5Dlhov

1: CLIENT -> SERVER: aspFOr2Xyru6DvJ8oAmo+nCbS9/hOFsRY8xDdTKplt9DrUcIAHF3lJlpLIHeneWzVHkQhjwkGrWY

1: CLIENT -> SERVER: lQYh6ygz+EzA83hcyJ1JLnfh+UhUyFMIp0HreBzLZJxIM0qROrGC4PK1KqmiG0+tvEZacWeXWIFy

1: CLIENT -> SERVER: iyhHcA4GEKpMsjyqzTtc6aVPaD9DLigSuaKI9Ri7YYaiojZ4pDGL6VgnjVuHEM420DiXodgC5TMc

1: CLIENT -> SERVER: iRydC57nQYONTT51x5v2rxsbaDsV7kZOhmVDygJSK+lGEPsDxB1Hu+Hl8YGX5ZE8P0/lOtBNeUNe

1: CLIENT -> SERVER: lA/JS0EvQ76XQf4vQ4G3IM8tqOdmJbpLeQn64GWgl+exvDKLkYfHFaZyFZ77UPcI8vIYy06fAouK

1: CLIENT -> SERVER: 1drTN+jAM3l0CNIiVZWTHxoszDBlX445jJkE43EE+cYRQiPWpWjTBSDenUUR6oGNHE9WTNW8Omjo

1: CLIENT -> SERVER: UVboVr89twqcNHTO8JmiH/egoXvRCh6l6GFOzmafh8LwLe2EGvUBKEZlWaMFRfdWT+g4tAhy28S6

1: CLIENT -> SERVER: M4V+PonnURCPI51E53Io2LGKmtSeIJ1X+PjVyxfM+cijGLnmGXyFgwPlDGzx92VGohdNbAwlMpoP

1: CLIENT -> SERVER: n5w6NnN3q9nmrZpNJg3YPPT+cU4KCOjFWo94odLlT3/y02FnVkBAQIDDd7/2B1etkOYbxO/7/X/k

1: CLIENT -> SERVER: fAGDACo3V7vT6Hc+/u+da/vjdS99vXOtDlv9+LFP3f0XzrU2cP0I6B/e+5Z/sSwj1q/98a/IBz/6

1: CLIENT -> SERVER: PucLGBT048jOxfAPv+U98u63fU8X3Xj5C1xswKDg9S99g3OtDPxbapB2+C6i4l0V2q251uH2yezR

1: CLIENT -> SERVER: RjQ8nbDUEj8lFflULxZqqFAV4lr0iE5paZq/foP84YOy9T6V3nqW5JsRLi8/Lr89ze2NWHovjCWH

1: CLIENT -> SERVER: XJyxw5FQ0YpwfKtSn/cbkVJQAzQCOTYKU0OzkCnI88nUjFncmfU1yPgwyjwZxXImTmQmSiTjrqyq

1: CLIENT -> SERVER: La4BSGNKfAbSS55Jjg8S+XNGSD36DqSGBm0DOUgQnhjLWm6HuCvksiKWS8tYxvFk9TnSFHFhbaKl

1: CLIENT -> SERVER: AUWeQdoj8E8iPsNTeaiMZaStA88xJQMJaRtMnmgP20uXb6PGMSXNfimiUykgSI4HTevSQ8IyCuce

1: CLIENT -> SERVER: hF+I+EshyytB1xWJ3AjiLq0XIP6FSqXcCLoJZGGR3ExC+hcj74tAvGvrWhp98NwN4tGValSlvPUI

1: CLIENT -> SERVER: RPCkPGj15q5a1kdABl2EymojD+xwjBlpDPhwIgGflofjaAhjkqYu3st2aZ7KJZDHMNMilAYsHXMo

1: CLIENT -> SERVER: kEfU8embZl/mJ7ROEovmULcqBhLKs2OWLFZyQSDvi+JxkSMga5rJ1BJ5+D72BfUfXn5K9DtaALLl

1: CLIENT -> SERVER: O0HhUuKHb0Jw1+YUOuR0lMuJKJOzCG25PBy3PKKTbgZpYczOaVUvEtCxxA+TqEF0sKCtxhfbwXsU

1: CLIENT -> SERVER: cxDZ5NI9MjwkSZaenDoz+xDWY97oas3dQeB9FoOE3j/OSQEBvejHES9vvvUt8ul/8/mgfAkICNjx

1: CLIENT -> SERVER: oFH/X/7Ah5xvZQhHWg0m/um3/ZhzrQyf/MIndsxurLUY+zxue/BLzrU1wSOs+vG/wFp2IAR0g7tu

1: CLIENT -> SERVER: fuGHf3FZRqxf/sTPOF/AIOH46ePO1V+sdb0KWH9wJ+Vq7hqdnZ+V9//OjzrfYICqv36g1W5mT88c

1: CLIENT -> SERVER: m7tvLB462+AGk0z0eCS+Yc5dOYTqGCtFagfqc8Ea5aOZzavuNMwHUJHrI9YPygqqceyDNzNGMMDv

1: CLIENT -> SERVER: IPFxlticSwJpzbDXk8k3nMGI13JjU9jTiDXEJ8KGQHawFo/j41FbhTwZF3I/6L4ol8eiQo1Dp1HU

1: CLIENT -> SERVER: KdDZiPfM2H0zpsR2VNP4sh1sROfj2NB8lX1Noca4GHljcIg87Fe2R5XlZSEpHmNoBw0vFxWxHnM2

1: CLIENT -> SERVER: Ah5pxMowJlil3d0T6VGJJ8DvsyDef9NGGeRK2dI0yoUjghGONF5TV9BUbEuV3oFZGFbxiR9fhMYt

1: CLIENT -> SERVER: E8rP+cEiyYYny0fVtOtXTcNvCiRBNCgHQWa9TebOmgaIxw3uQZ6L0ObL8liuAF1NwxToOuS73tEN

1: CLIENT -> SERVER: IN6FxSMFSTRq3Yi01zE96ngeJMxyeJ9ZA+l4i1lnLHhhdEaCY2N9wUpcv3T4WEgmPToLjMFCGgkI

1: CLIENT -> SERVER: UWOQyYVFIvvyVIYoS4xRHrWnxDwc+zr+ARSgRg16tYMs2DHhqL+ojwWtDpXXx5/VSp6Us+qzAMoa

1: CLIENT -> SERVER: wo15+NE/1djicYuCdYIGLVePe9oYJDEPQ+v9qilq1A+4smrtJNTt2dUnAxhWH2tMzGNReRdWKRPo

1: CLIENT -> SERVER: 5xNxrjQFf+bycYcVbZosoJNbpVh9tCyXxuIYogF9hJW9OBGsFdDxbaR3FTLMseiJcuDdWJmdsSop

1: CLIENT -> SERVER: puX4yFiZTZSH2802X6ek5HYcZuZ4S9pgIByNELBcPH7kMedaG/gP4W+8/z/Inb/xuPziu38zjMGA

1: CLIENT -> SERVER: gIAdBxqx/vwXPrUqBVk40qp/v4/6CfbpW177jc63fNCg8fN//AHn2/546yv+nnOtHoPY/yvF8dN8

1: CLIENT -> SERVER: l29tuP7KG5wrYC2gEeuff+9POt/SCEasAI9wpO9g4Uff9RPOtTJ84LfePzB3Y3l0WwNWj7LIi6Nn

1: CLIENT -> SERVER: j0/dPTw/cnxsaFT1c1kuaqDInHKPYW5ThSlYHbw+j7CUA4JVMUKtZKeN2k4Q9ZhaniqiCR/QAwQx

1: CLIENT -> SERVER: Bc0camaAJ0Eh3JnFJw1ZLItHis2DeG/MQSR8MCnl3rSQ+5NcnogzORQV8hyEfQL5adBqa71aIsjz

1: CLIENT -> SERVER: AKiTlRagHC6QMs5wS28mJgT4ImixcoYpM2TBDWIwd4TwiLOLy0guh3+3i2TJVDAnZQLiEXDcPSZy

1: CLIENT -> SERVER: b5LJw+D3LHilpjZTBTcJHn6pAAlWTiIDrnIlK99lABi2+fDcKVwzusJ6UW9CBVPJswdoyBwD7YJ/

1: CLIENT -> SERVER: H4j3XPFIveflsVzpDFvXga7PI7kB5VwPuhZEe/vlKOUSPPeAhlEGd3tZj9aU/hU8I6TNheeNI4f3

1: CLIENT -> SERVER: p3FoFBjnPOqS82EUfhrmLoAsdoPdIZeaO3poD9ASEEfyrem0FC71bGA7WV+dVohqWuoX1wG0VOef

1: CLIENT -> SERVER: GbnHEc4jBjl9uM5UOy81oI71bTNLtxrYb5j7YJykH0bQyqh8aaJuICwH7zMgrg9HMFCPgqa0CZEZ

1: CLIENT -> SERVER: YHkWKRZALQtf/HTAhDZyDIizIMNida4JykQP1eEqd/2kfUiqRXEycidWO4OceLkbBm8jbshoe/fR

1: CLIENT -> SERVER: 2ROzD2ZZtiN3Yw0awtEIAcsFj13gm2v9At+c+6F3vlc+9euflYd/97AeO0hlAt+qCwgICNiu4I5U

1: CLIENT -> SERVER: 7kxd6dvDNHh838+9OxxpBQzSMUAev/3jf3De3Ry94O/UH/7V7x84Rdp64gXPf6FzrR6D2P8rxZOH

1: CLIENT -> SERVER: nnCu1WN8lBcSBKwFyzFicZ5y7Q1GrJ2H8D/J4IN/U916y2ucb/mgYXoQDZLUZ/cLs/Mz8480T2QP

1: CLIENT -> SERVER: 7U33zw41UjW28C36rDQjBStTQpi9Ud/R5XkwmGm3zevnrkF6VdIyQCVnjLRKLowC0h1aoASFRSjM

1: CLIENT -> SERVER: y5Iynkb8kUTkwbSQr6QZqC0P43kgzuRZJHoOKU+B5kFuP0A3tDBWaPdh8ThBss0DvDomNfes0qpp

1: CLIENT -> SERVER: AR6AiUHcDUJjwhhiLkbC58O9H5SgSiZh5hTlDOGbR4NNIOQ+8HmP8lrIFPw8Pqygkpts0rjWNRq0

1: CLIENT -> SERVER: cpDniWDJ9TSDAWVfXcanE5kLWwS+CVUz6ikZyP1F6HcUQnk24BsreExgoveSXVwmcinoeQgjXYYs

1: CLIENT -> SERVER: NCZegJw0YI2ArPerChSm8u/lynXohmFJqSg81zROtTEmuMOPObhTje27EMQ7xXgnmx8V3a1cDBvZ

1: CLIENT -> SERVER: vv6CbdP22UWESvzzfD+EMgYBoPsVKlXtSgZ4yfj5sr7wPJKXHP2l9+0xRAPB2ZIslHoR1BkkOQZ6

1: CLIENT -> SERVER: DvlP0LDF1qAdQ8jbQF7OJS1jWd04AH2t/YA+IcFJ4hdFkUM2GRqT6S9LtA3zdryBEX0ifmji2OTt

1: CLIENT -> SERVER: ZVHyfYUBaMTOxt5xrjYBAcvDHQ98xbn6C+5K4LGDVCb80Yc+Ksf/rCWf/9f3qnGLd7bxn5Swcysg

1: CLIENT -> SERVER: IGArg/evcF3jjtSV7MSiEpW7sG79sRvl0w//dxcaMEigMnylijTe5/LeX/r+bWGUWQmuu/J651od

1: CLIENT -> SERVER: 1usenI3GWu8dJVZ7v16AYblGLM7TsPbuTFywmxq5gH7i8IlDzrV28H/DX/qRX3W+5WOQd1d67WY/

1: CLIENT -> SERVER: UOR5cfT0s2f/Znhq7NFdY3vKKDEFdF4ikm+ki6nNfaX+7fReFZ0P6gleMry/8KV7dSPpfOhNuziH

1: CLIENT -> SERVER: VWg9eY34oGzUyAeibJyzyksTDnfnNCBP7oCi8YhoIfHRKJeH0kxuB92ZtuSRJJNnEHYY8c+h9FMo

1: CLIENT -> SERVER: fBZE4xdNATQQqGGLP6yMFVfGI7hZKY1KleGIbh/PUpigwxtLs51DZsDijiz++0G/N5jQhEUjDO/0

1: CLIENT -> SERVER: 4fFhR1DnIwkIfB5H3jaIpetWNK0ShZAYyofyY7tO1KvUcfWiN2RhivWA58W1msyq8t6YVqmjTZ6q

1: CLIENT -> SERVER: 9Hyo6JmOOQkfjwjIyCXQH5ZOOQ6hf0bKRMZAu+DeVcR4RmpQHGYaFuVl6Mrr3sWyFJaTZjVQhhah

1: CLIENT -> SERVER: c4O7+mjMohQIGq5opLsQbJoxi+OPqJdnbaWsrDcsrEObBF/18ppegdnYi5QFP3FhO+yoYr8cxN16

1: CLIENT -> SERVER: C1vmKyGtf5t9DX4nFo8gNTOW8XwuMHYGRMvNcbDLf8EmwXeO+aBHbcLPNY9uHdJ10F+nylkL2HSg

1: CLIENT -> SERVER: UWpYtP4gV9yx3EY/8iheYiQdkb3x3tnZ5+bunZ+e/yqCuPk2YJNx87Xhn+CA5ePuR+9yrvUHFTQ0

1: CLIENT -> SERVER: bvHONip+uXMrGLgCAgK2AvgWN9cnrlN/+XNfkoN/PKH3r6xE8UyFPQ1Y3/Ajt4ZdWAOM5R5LVgd3

1: CLIENT -> SERVER: 173tX7x5RyrHr7niWudaHdbrHpyNRj/uHQ1YPT7yIx8LRqyA8+L5l17jXAH9wjPHDjrX2sDjfH/7

1: CLIENT -> SERVER: /R9Z0U5ozumf/e0PDvTuSmrU+onpydPTfzt3bP6e3Y3RZiPlnTWiCrqcd2WBVH2HL316/SLJKfE8

1: CLIENT -> SERVER: TM3XjXpy+1oP+Jp7aSm4eDU+wKkGu8WZMzWui/PFeuJDjRembu+oOjvwfipyeXfSENLTmEV1aA4B

1: CLIENT -> SERVER: tiHQCTyfjnP5apLJQ6CDcB+jkSgu5FhcymnQdFJKC8+cxqIoRn7/McMK7+bye7fYRx3bFnmnwxlU

1: CLIENT -> SERVER: NBJO36EAeePukL2I4l1Z+/NIdoNSuH379I4buuClkfMoyn0KZR1DmbpzA7xWxxtquXBz5wm3tdGJ

1: CLIENT -> SERVER: L3JBgldpMfTGeb8Pcyz3GZRbpyZtgrbb0BGZyVpJ09lHY33DqnI8vB/EvsB8onGM/RPjmTiicYsG

1: CLIENT -> SERVER: w8SVaMVWhepTg8iXFufCdTXwaQAf3k9onTUyTjQKAV3EUGUJDjRLk+uTYfhK0aQREI8V3I9IHrfI

1: CLIENT -> SERVER: O9qYgYZab/YjLJTfHsjEo/lYXo02BNqAGpZVr40qtkfHP8YN3Zyn3Jl2ITzPg3A457hjz+/K6oCV

1: CLIENT -> SERVER: eFoHOAGSRyN+bKb6VU/5RzLuQKofN9jhinfnRcJbkc4g32nQJOLNimPjmesLVyy6fROrOvGlQ9aT

1: CLIENT -> SERVER: c3S++9t6X42VvAQ8U6jY6gbXNGSpMQsPygHxGfqPy1uM9Xg0Gcujs/FTUyenHyqKYu0Hwwf0BeF8

1: CLIENT -> SERVER: /YCVgH/485+AzcRiBi4qiWngotKYux74z01AQEDAeoLrD43rixF3ljKe6xR36ixX0cL19fN3fk4V

1: CLIENT -> SERVER: LTf/4yvUgLWTjp3bauDvnJUasT766T/R3XU7tV9XevzidkW/jrQKR5+tHHwZ6lve9A7nWxoPPfFg

1: CLIENT -> SERVER: MGLtcLzqha92roBBAte9L/7WnSs6ovnhJx+S7/y/v1U+/Ll/40IGEwvUnWtFnuVPnD0+/VCZNU4N

1: CLIENT -> SERVER: NRqqeeUF9iS9z8Vr9KjEpHIdT9Pw4auInNeUmxZhLmoLqXj3tHFa51VCG9JDywRTeurASSWiOp67

1: CLIENT -> SERVER: E8yIRYNWCrlyVwaPHMwg08m4kEOgB0EPw/8s6j6O57E4l8NJLscSpqHxi2yhTGq9y1jdVBLrZigS

1: CLIENT -> SERVER: yiWxXCpjuatOFcJ40rCkPnaDGrJIZgTjPUzjRanGrIvzSPbBTR6ZX3fTIE2C9GwD6zwJ/7PkG4OF

1: CLIENT -> SERVER: u4cy+HlPDhI6QegXc6ril3V27vEyw1g1JhimceCbXoYx0PFo0fgG8Z4uKwyBVvzSsMI6dN4MS4PZ

1: CLIENT -> SERVER: OfHIy3nh+K6IoDwqmfSQ8sd07FM8NZhfgJZhzt5sVZm+jo0A2VMW8fH1K68diup+NInc+f5jv/PO

1: CLIENT -> SERVER: JO482w+6GKR/8iMPy+NHDV9ok5GV5LuQ80mpindpWEmfYOWx3Bg8kdgma4MS0rCNbKYnMqksOF6U

1: CLIENT -> SERVER: H2SyMW/EHVmYlegu3kkXyfOR6GrMNRr0/C5Nbaw+4KgKtzx9R403Uon1Rd2eCTYGi4rOX8TxrrMc

1: CLIENT -> SERVER: RLe2z1qs60MTeWZB0+B3DsSjaVlOZWRnUUhfyRDENtraYMTi2E77+NI73PQFKLRAHST2MQM6/epr

1: CLIENT -> SERVER: BMgH+p8888UBUoyxQOL40xc9nNU1RtrhuDEvM/nTzbnWEYS2tIyATQX/CHzxDbc4Xwf8Qy8gYCl8

1: CLIENT -> SERVER: 4vN/4VyDAyrGaOCi0pi7Hu76jw+pYYtvygejVv8wCG+mct0aH+XNqgEB2wPcnfPJL3xCjVfXfO8+

1: CLIENT -> SERVER: +a5fedvAK1p2OrgTmL9j+DtnufB3nL3v9/+RC9l54C7FtWJmjmdcBHiEo8+WD/49SCMWX4ZaDvgS

1: CLIENT -> SERVER: Ao3VAVsD/f7bkC/GLXesBGwcOCf5stBKXhDi7vY3//QrtsRRvjVtW/8wMj78d6997RU/1Xr+7FsO

1: CLIENT -> SERVER: nzwezTcLGUkxaYYSSZNEIiow8aEpRNV/ZWz3IhFOEUllIBxVmD067GqIC9/2cO2ktOhSKaiGng4T

1: CLIENT -> SERVER: E+XZhFznY+52EEnwtadI5OpWIjfmsVyFsEtikcuiyN2jlMileO5DOUMsB/n06DoaF1kww+Bl2dw1

1: CLIENT -> SERVER: RW/BrR5U2OLHp+FOIO4A0iAiiiWD7zh697EkkzvjTD6b5nIXEkxJjLoSSdgeKrPxoRKfeV+SpfLu

1: CLIENT -> SERVER: VkO+FXzxuLgx1DXE+AJMKANseyJ5zF1+5IH5Cj1ajaSgkhg/xi2BdDTSsT6Q04dbuBK/q0AftDRU

1: CLIENT -> SERVER: Ng46Fs+X4RxA1qpmygCOrtLYxr6ABbv2eaggWL4KawHM4GxYF6OHh5OB8oMf6wugqpMJIsnQrzTc

1: CLIENT -> SERVER: 5AlWjKiNMVRIA+M7w7pxKkrk6TSSJ9GUOzDW/nfSlkciHkAoMopyRhHO3TsKVkNZaz2cMWw/4nx1

1: CLIENT -> SERVER: CuOhV2Srhpbt5Mz60RIzc7gwjkt+OJ/p9cRwOPyIIz9kieE8io6GnhamxghSvxwz8N35kHxbO5Hn

1: CLIENT -> SERVER: Y7xzZyaNxAmNI2hv6XZesoRKxtWzv2Cpug8L60mB9cSahfaCL2/b4vrO8AJ80cDdwJoQlSmmeSwT

1: CLIENT -> SERVER: iHsMffzFpCVfSNvyIObcUfRjhn4eQxt2IX9KwWAMcBcqd6ZRYGq8UmiFOm7NxXCt1B4Msog1Q9vh

1: CLIENT -> SERVER: CtORhMLtdxRIq2OFtr6xCzSw8HvKkBfrYgutmMsyac4h9Sz6c3hIrhh73tHZ++d/99jTJ/6wyIun

1: CLIENT -> SERVER: mHMQsf/tjbPxmC7X6wYqP9Zyrj3f1j566qjzrRy78Ic+7yhYigcasvjH3k7BWvvjknfxFs2dAyoC

1: CLIENT -> SERVER: +BbcVnmrmv/A0Pj2qx/7xR2/s2GtY327YKfN2YDFQWXISgwR6wHuziF4Xw6PGhvEi8cHFdz5thas

1: CLIENT -> SERVER: Zh3g77/3f+cH5R1v/vZl/w7kEZF/+Mk/GOijjDYKNGRxp+JawDmzXYyB3E2+1r+lfuxX/+m2XTfW

1: CLIENT -> SERVER: Ol7qY4Vz989/4VMr2sHhwZcMwssFG4N+/l7m2ruao0gvufCS895juZP/jlzr/xKrXbO4HvzLH/jQ

1: CLIENT -> SERVER: iu4Ypc7k/b/zo1vi/78TH2urZs1pU/uL5lzr0TNPT39xeHb82V3xaEFFMu0RWUHTRc0YAFCx2B2y

1: CLIENT -> SERVER: TkxtM1DXT5Uo74wZhgA92R1BIjmEOAk6mBZyT5rLl9NMbmu04W7LY3Euz1BBDOmfLCOZAdEoUEDy

1: CLIENT -> SERVER: lXLfA2Xq7gc4Iz3KDgHcoeVB3SyykCwbzU2FjON5MZLdiIgbslj2sxzt/1wV0FTy8uYtKtx5/w23

1: CLIENT -> SERVER: HtyTgFfQybiUOfibqJlqfwPzUIWfoS6UQEW5i7GKHQOqqQ44NygvL9dBQW1MVbDVQQ2WcOno9AuG

1: CLIENT -> SERVER: jieMd9A46FLQlUUke/H0hio1qCw6Hvx42WiAOc/PMrugNwmz00zHmUBhDCPBizDHXoo5xqMVaThR

1: CLIENT -> SERVER: m7Q2HA54uPO1M1uWWfGagLrBBx+0/ZKfhOwyivMWc1yNkhrY4aeFuNMIP4LnYV2fCplCIWyK9j+b

1: CLIENT -> SERVER: p9OcDbSVamEvIvECLEzVH/TKsdOWBdAoZb5iUTe65mgfdyvT6IgFcTwdaw3NDx06e2Lq9iIveL1h

1: CLIENT -> SERVER: wBrgj1VbLfE4jaDMDlgt+M/Av/6DX3S+wQeVRBz3NL7x7cqAgICAQYH/vcydpP6ownBU6uCBCjTu

1: CLIENT -> SERVER: 5ODvEfbXcowPVKLyQnkeERmMWAGL4eDhA84VsJ7gTu7VGrGIn37PB8MRjlsQNHjw/92V0koMJQHr

1: CLIENT -> SERVER: C+5+/sV3/6Y8/LuH9W+k5fYNDVhv/4m36g73rfYS47po+MqiPHzmyMTnm8+07tg1und2pMG37UXa

1: CLIENT -> SERVER: JY+JKuDWd9WBhYo/H9IdGtCBSUe/8UVjEI8YJA0VeBaxGocYyTtoJpNSDqWFPAa6Py7lqwh7JMrl

1: CLIENT -> SERVER: KdDT6IXDePLurDPIMoNSm5rPKVxZD8oi8WAs6p29kcB2GqAfkYy7K1SHjhiPEXh4rOA1WSLX5Ylc

1: CLIENT -> SERVER: gUS7ER5FPP7QjkYz2G4k3olzb5LJF9JMHkdFJxHDu3KaqMV2PbA+uqjCZ26r2/Y7OGKRToFegYWT

1: CLIENT -> SERVER: uqAJHW0OfM3k3GPjuPIyGzQs3nLlFn1oR13C45JxlNJwOwb/ftAlIB1jjATU7grCTw98++syYKqF

1: CLIENT -> SERVER: KdcO1KHVkJG1lc9iON5p86CRjuN6DIE3YG7dhLk2jiDG6XGgGo95orui1KSnudcftTrKGCxyJxaP

1: CLIENT -> SERVER: EVV2jS8SOtKOCuRaZqEz8B+NMjmQYm1Kcj1y1O7HiqSBdvJYQdvNZYYsrn+WuxeuDsXC2P6BZRs5

1: CLIENT -> SERVER: iVe1mqPyuXhLaxzDj37i3ZG52/KaDieyKx09M3eseV9ztvk1JGoyb0BAwNYF30zlPwlbCVQ8UllM

1: CLIENT -> SERVER: ZWRAQEDAoIJrFZVp3sDFo1Lv/I3HVZlDpU7A+oDGw8WIxkUq0PgS0XIMWNzVHgxYi+P1t7zRuQIC

1: CLIENT -> SERVER: NgY0Qn/4Ax9ZtRGL4Lz/9R//d+GlgoCAdQD/tuHfOL2/e/lSD+9B/qF3vndZBiyewMFdmN6AtRWO

1: CLIENT -> SERVER: EVwM6/WqetGabz8+cXjmztFs5NjoyIiq9Nq5SF7YnhxT8bF6T4RX/HnlI5WvJAdVYDqqh297eIWp

1: CLIENT -> SERVER: QY1HEBmPENSNF0CCgDRPpJHjCXnqfSxIw6O3sriUeXhPI92zkPHj8D8eF3IwzuRQnMtR0Mkkl4mk

1: CLIENT -> SERVER: lBmka0cR6khQJShOxO53sTITL37fVaiD/JhpCdD4SBrgZy/oAtDloKvKWHgyccIdGSiAu7JsZ1Yh

1: CLIENT -> SERVER: SVlIM8rlWfBzf5LJI0jDXRm8Jr2Nwqnn1XJZvtZi+cyY5XglIwSjK3IZqwDPfDepQYwEn6fFwH1B

1: CLIENT -> SERVER: tjfIOOkX+ltaL1j6YrRZcPXrIHZEmVbG016Y2l97GHloyOLOLOs729U3jPG1C+XsQTyP2tOxzxQs

1: CLIENT -> SERVER: nqkwSbhDyfJaXKeP4dKtMUZmLO3ErhlaFMrGPOSWIjuq0Xjw4DBliJdAFcu8jNMyzMv5TnJBMo42

1: CLIENT -> SERVER: 84jQC3QAk3tfBmYk5nXudy9i4qoByBXqDStmXOkztEiuF4l9aMzSkI6M6afxPXFjgOvHNPg7CV65

1: CLIENT -> SERVER: Jh0Bv9Po3DzGepZEkkJuPJKUuzFzpMmRVluBMtTYzhLNsuXqZztZH550ElVcf8C6aaDjuPJ9ROi6

1: CLIENT -> SERVER: hBbpWgNemYBsFOg4ZQd8cl3WFbAA0fqI8NF0NG+0Rp6dfG7y7qIoJqy0gICArQ7+k8A7P7YaqIwM

1: CLIENT -> SERVER: xqyAgICtBCphqcyhUofrVzBorQ29d4FS2d37Vr6nlYCKtPf/+/cFA1ZAwADgG1/7d9UIvRwD9PlA

1: CLIENT -> SERVER: RTp3dQUEBPQX/+At79S/cXp/96503v6Xv/wjPUp0qxqwPKhPXBeUZXl2bmLukfJk8sSoDM2zIp5K

1: CLIENT -> SERVER: l5XidmRRheoUkFTC8odnR9EwAY+lsA+1fHx7n9pC/bj89bt8tjVMBAaIiOKi/tfprlUxyggq+ofK

1: CLIENT -> SERVER: WEYKENzDoAZkyl0PlCuP8JsCPQM5PhDlcm9MoxENSLb7gffTTCEptwFombEZspTgt91ZXnms3HQA

1: CLIENT -> SERVER: v/YL+wSkvEgiI+jffaDLQBeijBTF0gCnRjj2oRZmSvZZ0HNxIY+CeOzhHMrJ0dAMZbF9FbQOdWj7

1: CLIENT -> SERVER: Naoil45pmEgZrblBNsJMoc76jZCiTiyjBi0BEUY0pbh6VgnHihE/lG+N+oquhp2/7HXjg1BBdnix

1: CLIENT -> SERVER: MUUZ0BBhxghNQqqnsRQgJ3kaCUD0pyCO9zHQEEiNVSwHhFRSuDHp72NjszwxXI0rPt5R/1C1BhWy

1: CLIENT -> SERVER: TmsLvZwrxptLR348aZoOmZzotnlDjCLNZQi7EDTUlZll0ZCSISt3ZZmsGO7nJ2VDaXjqG5xgafy2

1: CLIENT -> SERVER: trI3uMYjGPWqbPFDAxDvuvJtaoImkX0iLuUE5j+PF53RsmJJQFw39N4wfGgE0g/6jcWxFv/hD8ni

1: CLIENT -> SERVER: Eenq00Atj+7+wLdHDaTkQ6tyH3jIr/7eYo/RiEVycUzMGM8isSsZni/PlgemJ2YfAO/ckBoQELBN

1: CLIENT -> SERVER: 8M6fffsCheBWQDBmBQQErBXclcq7Hkh8A5h3Znj6vp97dxXHS8aZtl+Gf65fH/tX/1PfYg7oD/aO

1: CLIENT -> SERVER: X+BcawMVb7/6z0K/BAQMAvp9RByV7eFvx4CA/oG7HMdGx51vbfj/ffP3bYuXfKgbXi8052eaD5w6

1: CLIENT -> SERVER: ePpvhovxEyNDQ6qw466sLKMxyxJ5vaIqIetw8YvhHFE7BCYrqqbNIGTKf4bqEYOQsd6ZBT+v10vU

1: CLIENT -> SERVER: PsDYSI/qOwXXU3Ep9ya53NbI5J5GLgeSQk6ipDMo6RSIRw3ORbFkUQIf972AykQiEHd/cSeF3yFj

1: CLIENT -> SERVER: JXsgwHUQ92GkiNkDugT+/aARENNyEwLv+lH1uhokCv2chvth8PVkDF6QkNfTZsihd2WhPuOkRPrO

1: CLIENT -> SERVER: 7VnUhavHB6wIZNYxXC+ktyz6XVKveA5YJc4lPzU2uH7o6tjKVKFkX/bgmOA4I7ngChxfi6E3HbFY

1: CLIENT -> SERVER: 2JqhhowOWIfWg2CNOt9YculITMpRz3nDMjifXoy5eDF8atiGnws6VwPOKe5a4sdMJgSf3t2BGbKU

1: CLIENT -> SERVER: qz7BTI40YBk/3aARizs7uXawjzmfZsHFWbTuDIi7sibQqe2YCxfXEDtCkmWxP9km7uZc0Lf1ihY0

1: CLIENT -> SERVER: FZH9bOK5oB3GZ4e0D2r8cFddzt+FXAhBQ41ExmRsYvrozAPtZvtRhIZjBbcAxkd3OVdAwLnBc8ff

1: CLIENT -> SERVER: /NOvkE9+4RMuZOuAyuCgCA4ICFgtjp46qheWk3rfAP70w/+9ivvgR9+nO1hv/bEb1eDFo2+4c2ct

1: CLIENT -> SERVER: oMGEO7SCUrU/4HG5dz54h/OtDXyTPPxuCQjYnuDfjj/1jv/X+QICAtaCft67vF1eJFlv1V7SGGm8

1: CLIENT -> SERVER: /ppbr/iZ5uVzbz1y9lhKBV6aiAwPxzICB4+f4qlequrjrgFwRKb82+uE7Q6hCyHUBzqFIN/630mg

1: CLIENT -> SERVER: Xp9NL6ngVZR6chXvxWrkom4qr3kHVZGUkicR3AKishhEOVPEKITGoAYc44i/Br6XoYyb80guw3MP

1: CLIENT -> SERVER: 4vchbF/RkN1lojtdRpA5zZGZ52DpFgTbzUTtsueLZZMH3oujEaBJBDyT5HJP2pa/STO5MynkAGKm

1: CLIENT -> SERVER: kIG7GYZBCXhmGW0Qd19cgLrfkA3J29qp3NoW8CQyWuYgpEV5VNoXMdX1VHGnWp+yRAZsMDkYf8Yc

1: CLIENT -> SERVER: H8iIujjMPJR3HVxMyCdBQ5nL5MC8BSsG+K27LdQXsCKYwJ3HgeOI8lbBqsu+IG81TbF/GK67i9pw

1: CLIENT -> SERVER: 5uhDdGKRSFMaMhWlerfbgxhnH2405S8x1tookzsReVcbx5gaQjgPWDTr4ZPkKoswbjSYX0ynY7gP

1: CLIENT -> SERVER: 0LYZ7FhDENploTxQz/jgGqdPR/rtIs1v84N3Rs3GOdpTyitRzg+2RuStWUMuB7/c4cQ5EGGu5HFb

1: CLIENT -> SERVER: sjhTY08E+egxfznmiZNpwTWk1g+s3XO1GvicLLLQdVl7DvPSdrsJeOJxe3q8IaITrR/zN0cfgic9

1: CLIENT -> SERVER: VhTrw+2NtvyfoQx9SQN2Ko0sFr57Mgo55uj/lrYIvGIZYnsSGtexFmDZwrrI3xiIJzP4/cH6bfwg

1: CLIENT -> SERVER: kvJlXygviOgDOl1rcqRXg7SNcHEMMgzOEu3geI3RF+zrNuQxn7Wk2bajBS8e31fsndr7t4fvOP4r

1: CLIENT -> SERVER: s1Nz/5PFDDr2v71xNh6TPc67LuC5z1R0rBZL7YA5fvqYKtY8Xnrjy5yrg+XWyzfKdwrW2h87SVbn

1: CLIENT -> SERVER: Ao9m+onv+ak13UOw0aAy+Tv/72/d8sdQ/P/Z+xM4ybKrvBfd55yIyDmz5p6kRi0hJCQhYZAEMmK4

1: CLIENT -> SERVER: su8zljEeGB7XvmADtgGb6dmYax7XxuDLw8YyPwzyBdvXEiCbQUhIFqABSY3mlrrV3eru6rHmuTKz

1: CLIENT -> SERVER: snIeIuIM7/vW2vvEiazMGjIjq3JY/6gVZ8/T2edU1Vqx975ZNjvXuaJkcfnWFtaufi/1Am4XtJlf

1: CLIENT -> SERVER: Wtsza5Bf+8HfknOoNgoNUtzGZiPwV8i/8ZPvdG94zRt9yMbhai8ayvYaPLtqo/DfUfwRRhXek0+9

1: CLIENT -> SERVER: /ZGebEO21/5uuVk2+8wR/nDmB97+nd63s9ns38mEqz5pMN+N8N+V3BpwM/DfLVvx79LdPO53ks2+

1: CLIENT -> SERVER: I8K/U0+eP+EW/L9X5xfn3NFTT4o7cP9dL3H3HX6R93W4++Dd7siBuyBHrvvvzL3878jNvrfWenb+

1: CLIENT -> SERVER: 9Oc+05N/DxGugucPiHYak++hVjRo4LaOCNx910sO/8P9XzP8g+da5+5fbLZFkdnfiNxgPXH1uCa2

1: CLIENT -> SERVER: BzVbwaHaR9EIcusoX0ipKiyVhQXCEL6XoJJY+i8rFbTv1JdydVSS0aiF8YLIGgzRm0YujSOXQWRV

1: CLIENT -> SERVER: E4cT6dWQo1t0sShqIl+M+K9A+EvTmjuC8g7niTvk6u5AUXP7UNg+xA2jjjrrEEVtplcRti0Sha14

1: CLIENT -> SERVER: xQjANsauhQZeStruacjjce4eS5x7HHWfQzqqthtobQ1l8ZgrGt24NqtRJO5u1P/NaeK+tZ24r0J7

1: CLIENT -> SERVER: RtD4fZgPg36OFDRkIRNyo94E46DGJxokukA69pnopTuN6vL5xTaLByloBGFnfEaghkCmUcyQtVE4

1: CLIENT -> SERVER: an7kRMPvxzgEQ8pRp9GFN4hzC94i4Zzz6/M4DzHPljBHZ6Kam0OypxD/znrLfRRzLUUOrtAaQL4G

1: CLIENT -> SERVER: 6sD06hiyfJ36PPGe8l6qCAyXiUHZJH4O8VIasuDWtx2fVK1d5qlGwEeDlKYLU5Azls/HEgKaeKZG

1: CLIENT -> SERVER: 8sJ9K57V/0+rz70Oz0rdp6PBjga/NoRGbRYS4zmUjxiytPyOIYvC70r/N0DIySKvNWTxXqkhi+8i

1: CLIENT -> SERVER: Gp4SxmY12TqUq0CPx6l7vJa6zzTa7tP13J3jeOC+9mWRG0b2fhmtzDXRpxz95zl80h8asvgulO74

1: CLIENT -> SERVER: v0PYGNxj1i+tQHvkfYGPGtUQ0QPCvWEtRKqlg+OONsr2gozTQYFoe5mmmaduJW3LuVkJ2n//wH2T

1: CLIENT -> SERVER: y8+kv3fp2ORvZmn2LIvZ7uwEQ9Zm//FMZc03vPKb3f/+rX9/3X80miHr5jGleDc//JZ/7v76N/6N

1: CLIENT -> SERVER: nv2HZKvZS0rgrfjP553AnlmjF9xJQ1bgHT/6Hvdt3/zt3rdxdqriZjP02pBF+PfXL/xIb34dvl4d

1: CLIENT -> SERVER: e5leGLJ207hu9u8yspv/PtusISv8++5bX/W33W/+zDt6YqQO0Fj9w7/0A7L61ugdm31H9PLfqZx/

1: CLIENT -> SERVER: v/Sjb1tz3uzlf0duxf8lev1Dkp34bAZDVkczvzUUYGL68uyn25fzJ0f7h109SUTbl+WFy4rc5VRy

1: CLIENT -> SERVER: qh5QQVxH18gIjZQw0TzHTg0l1Ux7i7LnERXSlMKlFCp5RZGbiVGL23eJkQtX2XIQGeuQBELdL78y

1: CLIENT -> SERVER: XHg21vEodY9FmXuECuU4c89BzsI/CWE8z66ZR10tWpw4bWjUySJXUEGLsn1x4tB7h+84R32ZG0Kb

1: CLIENT -> SERVER: DsH7APJ8RRa7F0FG4OYWhXreFO4p8tVQJM/CoXr/EvI9mmTuC2j4CdS9gEZz1U0Lc4BzgUpkzgIK

1: CLIENT -> SERVER: 66KanJ8ObAxig1HtGkE8k9DFKViVajGkUh+z+GzGRggDKOIHVgacsjYhNse9p5FEDLkQGido1FnA

1: CLIENT -> SERVER: PJvCdZJulEUDLeGcT5CHRhwaFEI5pUM8BI1hudxGk1dpXI/xRWrTtPJqLQzB1BOpNq3qJnzcOA9f

1: CLIENT -> SERVER: jHn9mjxx96J/slIRqdhyVsBHM8ezIs8VDT3+ncn6Qp3qZhu4Eq1aw1bCO0FjDhvIlbixW0TVU/g7

1: CLIENT -> SERVER: YBztuCSCe8jW4V5wxS0NXpSYBh8K+orbLB3QflbGR7vPKJEA4zmuW0loQ6hb69cRlpcbDXNoL1cd

1: CLIENT -> SERVER: 0yCX5Zmcj5YksRvuH3DRbOOF2csLn83S7LRkNbYFXMbPf0D+tZ9/s7syPelDDaM3cIsmzq3X/4NX

1: CLIENT -> SERVER: u//wrl+W7Zo2u43WVsJtYvgfKMMwjNsNV5b0YmtWbjNIZa2xOWyLwa2FKyMM43YRVoNToU3Fdi//

1: CLIENT -> SERVER: LUqF+6/85K/bvx+3GdPzV71r8/D/yg9+4WPeZ/SKYxef964Ovd5i8N/80L/zvp0HdaJbTdZaaT01

1: CLIENT -> SERVER: f3nx6P76SHOo0eeoVObqoDQvRJknuj4k7Cib9VtWYlEhC6+GBPHKwT1C6Hcg9DxcZa1DREOWGrRo

1: CLIENT -> SERVER: 7xOQSc6jQQAV3TUItyQTqQQUdgAAxRpJREFUwfhROL5tJJ3DIJ93uXs6St2XYpXn47a7AJlC2GyU

1: CLIENT -> SERVER: u5lYZRH16NlV3S3j/eu+L6qs70f9ByEvhnx5FrkHslgMW2yPKqIlJ/wUXY1CA9uZJHdfqHOlRu6u

1: CLIENT -> SERVER: oM5lhLFe2QTOV13WxiB6WL9cvYQm+rSUqkNW/HQChI6rihaiqmntl7EZvMWwFAT5QQ1OmUoUDj2+

1: CLIENT -> SERVER: wiopzhC+ulpIsIigaczN83HmTkE4TwlT0pBFYTnlnYOfxYkEh790ROvpCWxzOccClVrwJf0kZVv4

1: CLIENT -> SERVER: DMPDcG+skfPkEMbnewQRr8tr7k1Zze1H2eyZmt80H4uRUZKVitx6k8YshnQqqw65HxkJ7wWhXBbJ

1: CLIENT -> SERVER: UqVkvWWonq3gjxlqeMYjN4/Ycdy3C1HmLsN9Be1sakItB19SBm4WV1PxfUZDFtvPBDK8cBLfw1L4

1: CLIENT -> SERVER: LT0LAywFqbO3+AZBypWalXvOKvXvMgbjHqLnKfcTRESjVnOjg2OuNZU+uzS//BSS8jVnbENOXeCm

1: CLIENT -> SERVER: uIbRe/ifkn/3gf9TjFov+d597vt+7ntk1QB/IcutP7YTP/RXf8y7DMMwbi80Zq23ZfCt8C++7196

1: CLIENT -> SERVER: l7EZfuRXv79nCu/dcvh8r1i9vZexOezHaDfPVhizuPXce3/hg95nbAd6vQrn+bM84tvoJettudvL

1: CLIENT -> SERVER: H5JwO1Gu7tuJUL245RRFcXVpZun5ZHHg1PDAoJyDlKfOtVNuBEWFdu6PMQmKv/CponFKR0m4d+Bo

1: CLIENT -> SERVER: UGGNnsOpylxV7sooxhS/GkME48Px9KIjhvxwJIivoRA1HKnxiMrlJm7CVcSdRznPobwvxW33paTt

1: CLIENT -> SERVER: jiUtMWiNx6m7nKRuIs5khVYz1CNbHVKorIXAqcsmaFTg9oGRGyliUbrzvKv7EXoI9TNb5oVTMUbD

1: CLIENT -> SERVER: uYKMWbnui7u1nkA7nkgydxwyg3SyVSLC5QwjZIyYB3kp7CSNXNyeUNeZIECHTSU4dDCUqntdQqKq

1: CLIENT -> SERVER: GBtBn2uuuQuiz7mYYnBP5b7ScqNTR7+4PZ2sxsG8wP3WFZmJW0EezpFJzJHjmJfPQaYwN+F1NQhX

1: CLIENT -> SERVER: InIuMbV8rbpt+lR4tBG9Rywt7A/mI8qXbrFaEX1eeA2EKIFDAWlDWrwiiE3chwK+Mk8g3IbTNxuF

1: CLIENT -> SERVER: 05gVxpOZafDj6ieK2PfKiunWSy8JRbIurY8hENyQwovA+wdJ0b4F3CDev8uQCbwT5jEWDOc95plf

1: CLIENT -> SERVER: fA9IGZ2i9NXi4blYfO8J0jWUTYeMK/2eSp6ewfIhMqwl1cZVItA3eS9iYNIconYs11fvL/pbg5cW

1: CLIENT -> SERVER: ryw9l2d5bw9HMXrKifPHvcswthb+55JbX3Gblzf8xMtlWw5uL8FVW9yii4rcO6WU+YavNkWjYRh3

1: CLIENT -> SERVER: jp/6T5vfFpArgLgVkrE57PD57c1mt+LbTrzkvge8a2NMXJ3wLuNm4L9Df+MP3+59vYEK83f/9Ie9

1: CLIENT -> SERVER: z9htnB23TWVuJ/whSa/+L8gtKnfiSnWq1m4Hxcp88+n5U0uf7C9GpvtrDTkXi8q8NrdYomnCKwWD

1: CLIENT -> SERVER: 8pE6wCCdOHx5USU0Zffj1xWUhquI52FBXA7hQIpKFEKtbxK5PIkhiStwLejHMHFVgo4n0sU0aBVI

1: CLIENT -> SERVER: XogivA8RDfj4CQaCCaR5hlv7JW332aTlPg95CnIqbruLceamktwtIPkK6qBxiVuZlbdEFLZsE9qG

1: CLIENT -> SERVER: 9nJVzECeuKE8dvsQeg/qPYJ0A0jHc4tkGzRq7NFQKsBVWY0E8M8g7/Oo75Fa5k5BFlFnG+nbHBGf

1: CLIENT -> SERVER: hmm5/Rg/0kde0QhdwRNAQTJWYbwAo5le8njDCtsdskkEPewQKpY+eikTGevBVTRrCbcT5UpMTl+9

1: CLIENT -> SERVER: GzQ+QjDW3KpStxCVAvClpkk/bXHF3MZcaeLKbemuIu4C3h/H4tSdgMxK+sLVkZeGHbqJGhEomCUV

1: CLIENT -> SERVER: EZhktfQYFskVSFw52Xke2To+cxKAvlF0trFlGC1ZZdnCA8Gz5jIE9iP+Jej/S1DImE8rrwGpIQih

1: CLIENT -> SERVER: AYsrsiBIL8Y/ppO0LH0t6QHSBK2I940PdIHnN4PIs8UE6Ajv9TKqnEP3J5PCXcT75DJkSYxSkauj

1: CLIENT -> SERVER: fw1kr6FzPGOLoYofJ++T8lBuGc97Wgr9zE+Bu1NITyjvIUUCJFCFN1leN/T7SDQix3jwXCzes1pS

1: CLIENT -> SERVER: d8PR6FLrTPrZhenFo3g2tu+eYoa7MHneuwzj9sNtO7hqi+fM8MyLV/2j+8TAxdVb/+o3flYMXPx1

1: CLIENT -> SERVER: 3lYbuHaTYswwjJ0Hf6HM1aqb5Yf+1j/xLmMz9HqLwZ36y/Be08ttv3YDmz0P5uT5E95l3Cz8Nyd/

1: CLIENT -> SERVER: QNVLuEW1PeO7k7W2wTO2Dv6Q5N/8t5/zvs2zE7cYpB70dlC0W+lTE6en/iSZio+O1AdXeDZIljnX

1: CLIENT -> SERVER: gmRF4bgyi/q/UotLeA3itZDVJBK8h5A+Ux8qVzhEIarjQqg6ljN+4gQSu5wiitYwerzSpUp+2WoQ

1: CLIENT -> SERVER: kQ0RJ1sQUinbiiNRKE/FuRgIPpu03QdrLfdg0nJPJ6m7kNCQVbjpJHKzSD8HWUbD2ihPDBOsr9Qc

1: CLIENT -> SERVER: oy4EcHvB4YKrsmJ3dx65F+F6D1rBbdJquRqdggFDDFlIw+sy+ncyyt3nUe9jtdSdRyDP6uJ5WSlE

1: CLIENT -> SERVER: YDVAfPyi+DAOGNtSRNyAEQXKeIXIQAirxrEtFBoApGSjF2D8Cxom5KrzReZM+PD+BKFV08cqXMWD

1: CLIENT -> SERVER: uQnhP++vQC4i/gTu7SmHOQk3t57Uue1cHRKmAosTGBAEqHEMjqpsASxWbBsQeU69aFwwYtEoy9VT

1: CLIENT -> SERVER: atDis51hDFLM+QzCbetejmflTVnivhxXbbuWIo9C6Aj+8Pnh6jUpT+av1qUtCYTwELdxWIK8l6V4

1: CLIENT -> SERVER: fvn7hgB9/hgOrwyAGqJn4bwCuYiOnKExq1bgvUMjVYT3knM1zJPYG5+5rSLfWlxlxrOz+PFFltey

1: CLIENT -> SERVER: axyMqmgz5BqS9AxWTinRALmfaDqmpp/GfL/hgnc25zhXxQ73Dxb9KwPnr56Z+9jK4srjSNVkCcb2

1: CLIENT -> SERVER: xH5pZmxH+KtZKhJp4OLWhDRwvfWf/iXZmrAXW3CthZ0vs3PY7K/Y7V4b25Ff/r3NrwKi0cS2susN

1: CLIENT -> SERVER: vdxicKf+MrzX9GrbL1t5qFy6ctG7jFthK4xZfMb/j2//v7zP2C2stw2esXFudK4cf+TYi7NDyU7c

1: CLIENT -> SERVER: YpC6x9vFyvLiytHZ04ufGClGzw/1D3CJgktbkJS/UqchK5cW6fZ0QVHpNZCiGKUYQlCeyvDAIwpr

1: CLIENT -> SERVER: USWL6KjpRxJRi1qmVRHFOQJp0ApCJTKj25AlyExUiPHoBchjSe4eSjL3aJzJln9XEcc0C8h3FeXP

1: CLIENT -> SERVER: QOhuQbj6pEOMshO/vWDs7ob/5ajkK3E7D+PKFWHcDpB5eIeZM0FZVNRzq7lFhLyQOPfJWu6+CJlC

1: CLIENT -> SERVER: vStI08SVK1ykY5g/XLkRI58o9xkOUSW6zi1xY4i46ketCvTgyiJYKSXAcE7G7sCKGJuBI+jXWvE1

1: CLIENT -> SERVER: gKuOazDxdMa588xzTs5BJiCXIWdxP5/FfT2K+XgG6bhCC7detqTTs9YUKcnHIdi/9egJ7xRJ4aXX

1: CLIENT -> SERVER: VOvRvvipKcJovvbYLNkik8YnCA0+OSRFo2mCZcI6En0F4r4ui92XI07HSj9aggoNxxQ1YN0MviE9

1: CLIENT -> SERVER: grXqc6ciW/8hUNrDfqFP8s5Axy9AeLYZzzibQbQYInP0FVJDOr6f2DZ5XCE0tLMwfvg3RHhCKfoF

1: CLIENT -> SERVER: rumOBpTptoxq6aiP3abw/qIvNOByNSJtc41aww3nI9PNS+3HFmcWnyiKwn56aRhGT+B/Jrk1IVdu

1: CLIENT -> SERVER: 0ajF/+T08qyDl9z9Mu8ytjub/RX7/pED3mUY2we+43pxfuDf+obv8i5jM/Ryi0Gykw+f7yW9WGF9

1: CLIENT -> SERVER: /10v8a6dSy+McZ9+8hPeZdwqNGb1YhVslX/2vT9tButNMjww7F3bGzOmb5xveOU3e9f6/Ot3/cye

1: CLIENT -> SERVER: 3WIw6HpvC3mWX5g6f/VD7fHiif6ovkz9YtZyrt3ElVvlUfkXORfxV/lB6yjilaKiDEQ6EYTvGVRB

1: CLIENT -> SERVER: KiMEp3S9HBtVWKvSOgi+JTG/qDzHNYyZFBDBq+YCHygK4wSZwrlZ3KqPimIamLgKhsakC8jzFOK+

1: CLIENT -> SERVER: gFnzuSh3j8WFrIaZRKppCA1Z85AlFMkVFzRSCLjwfvah1NEicXcVNffKrOa+OkvcA1kkq7KopF5B

1: CLIENT -> SERVER: Im4byBazPXUIDRLcfm0O1y8l+IdIkrtnIDSwcflCG1du1yX9QN26jZg3j3AVlkgu27JlKJtGk87q

1: CLIENT -> SERVER: LxV867wT0fHgn46EsIoYN6S6hV8QQpOCGi4TuSdy92RMacpM5Srzlhp/P9b8XobQ2DGO+Xc2KdxT

1: CLIENT -> SERVER: SeYegzyPe0wrAA0/9ZxnK/HMNLmrklPfG1qH1sMozAFEI0TSqHi0mb1BmsH3mi8fFzrLZ9ZXTVsP

1: CLIENT -> SERVER: t+DkfJdtMhHHptKQRSMfz5m7C/36KjwzX5XG7iAHDdmleCmQhfNLDdpanX8uQjqKvwfdSOLNwSJC

1: CLIENT -> SERVER: M3SwZXzV+MRA9Alt47WJhNO4xxO4b2dw/85yhSeiaABnMTRGc9tTijZaRYxZcHD+ULRMHauQTJoh

1: CLIENT -> SERVER: 1YcQJeTaOtAGmVOsReth7eyx9hqhOd5DmNr8q66/3uf6lvvPTJ+ZebDdbHO/C058Yxvz2ec+6V2G

1: CLIENT -> SERVER: sXOgwvcH3v6d7jv/v3+9Zyu0XvWAbS9oGMad5aEnP+tdG+erX/E13mVsFjt8vvf04lynV9z/Su/a

1: CLIENT -> SERVER: 2/RqhdtehWe29tqY9Zs/8w4zZm2Cl77IflRm7O0tBqlju520WyutJ+cvzj827Iau9tVror5ryaos

1: CLIENT -> SERVER: J3prEnStHTVkVQHJRF5Bu6cIilkI/kjvca3eQCrDRWQcmQIOr1SWnH61B1cihVEU5bAXwlVZ3GZw

1: CLIENT -> SERVER: oIjdYJHgWnN9CG3gmsE/hRpfwA16CMV8BBU9CHkScgmlzUFWkF8MTJAW0tI0UVXsstyDec19WVZz

1: CLIENT -> SERVER: r0wT95Vp7O5BQ1hvC2W2tXnSr36mh9TEV5O6H4fzM0nunq/lbhb1tlAnT1mT/kqHwjofFQ5GAZFt

1: CLIENT -> SERVER: FikoQ8V3WKi610MKr4j2ybhFuPVlVMN8o+i9kGC41PiIF0HEa2WMcXuaSLYAmcIEv4i45+NUjFhH

1: CLIENT -> SERVER: MRe4QovGVhqw6pinXNnEGRQMKVIOnwOPPBLeLbc+GIIo2pwtgUVLc7pQA4u2OKTRVGxj5odhBEID

1: CLIENT -> SERVER: 1usybs3JjfV8Wml3aLgascQt4boKsfNiQFhAqkCYyNZAAxybQwOWbgWoDVhC+CTadhH3kCuxJtEW

1: CLIENT -> SERVER: rrAk3EqQqTgfpGXSNXxBchF9+kLT1WDn8WElVfeWgAr4bvXv19VoP1RkG1gasqTxzg3WB7N8Oj+x

1: CLIENT -> SERVER: ML3w+aIopjXU2M7wH4rG5rD/sN45aNDiCq1eKyIMwzDuBM+c2rxh/siBu7zL6AW2xWBvefLYE961

1: CLIENT -> SERVER: cXaDsvtNr3mzd22MXhlY9zo0ZvVyy2quGKfS/Ebbpxk7h63a0ty4Pnt1i0HVLN5elhavLh2tzTdO

1: CLIENT -> SERVER: 7OsbExtElqohK81ELygEBeBaCkJly7WU24zKiOAPlfQhRMBwiD6+HBbvkLCOsrXMgwKoU02RgSIK

1: CLIENT -> SERVER: byRmOp5Pw+3+aHSi9BUJwrg9IA1TsZtBCSdRyBfi3H0sydyn4sw9JYrp3M2jFCql+c/YBZHIraC8

1: CLIENT -> SERVER: NmrjOTdUaI/kiTuYJe7eNHGvzGL3MjRkP9ImoXEJLrjW4RmANJAnKmpoXs1dRPhDSeE+W8vcccgC

1: CLIENT -> SERVER: 6uUZazyfi8K1PNJ16S97qJpjFlvpvcBk4g+W01tCcxu3CMY6iniD8eqBO5g3uPpGzIuchyIYYQhe

1: CLIENT -> SERVER: C24JCWZw+6/UCncJc+1ElLon49Q9A/clxLXkzCRuJ5hAuKJJX2vML6I++SZ0lT7e+qpsIV3VYH7S

1: CLIENT -> SERVER: cq/PpQpjdNbSpAe3byRtUIeywr0hjeV5oYGXUewr/+iXjqKsxpIgNSLpc82nwhcW0EZ46S1aIr6l

1: CLIENT -> SERVER: bq6swv2R5zd2LVQ8iw6NJ6msxrqY6Jl3XJnHJuHRlrmgJeg1rLfiaqdgcA/F+6miMPlaUiboMXIP

1: CLIENT -> SERVER: 9Z15vSrYj0zOM9Tm8AccAyt9E0tXlp5L2+lZBMlry+g9vf7P0U+87R9fI8bNY9uU3Xl6rYgwDMO4

1: CLIENT -> SERVER: E5y+zMXsm4MKG6N38Ac/P/P2n/K+zbPXtxjshbGWZ8HtdO4+eLd3bYwvPf+Ydxmb5ft+6bt7sq1r

1: CLIENT -> SERVER: gO/g9/7CB82YtUvgD+aOfFejS2hkMbaeXm8xuBO2hFSN721mZan57MK5pc8NRQOX63UEZFyqlbu0

1: CLIENT -> SERVER: nXH7QVfkVAyq8lKvbGYI6UCl4J7HK1Gp7OaAiG4VAarAp5I1c3Gey7kzVLjKoFFWEYLCGEuZ+E5w

1: CLIENT -> SERVER: 5XlVJEUgV0xxdcwKKpzG9TiuNGh9LsndlyCnksyNR1wlk7tJxE1GhZuCezbK3CKEZ1pRWT2Ux+5Q

1: CLIENT -> SERVER: kbiXQr4iT9yXocGjSJcgD9vOWx5HXGXD7eJ4ZQsilBG7496Q9TAV4ah7BWUuQ1aQj4YPNV0Rv2Wi

1: CLIENT -> SERVER: Fzk/i8HypawxFGvADBSmvrkcxnro4POJ5haW4Ww2+mXbOy805CxBZuCeRORl3PNzuN8nIE8nqTuK

1: CLIENT -> SERVER: +34Bc2UZyXPm0RKkdJqDuIiHQTKXqrIWyK9bH8K9xbdY6pAKcvlw40A1XWkkV6nRWJxhznMLOvZq

1: CLIENT -> SERVER: DBP6ATwjr8Yzcw86RIMvzwtjnJqtKJ3OSl/wka7gmZItFfH8i/hnudPRqmyC0AxpCuqBxPKsoyVo

1: CLIENT -> SERVER: d5TFLi9iN4+2XcF74lKcunNx5i7jPs7hZrXFuEmTFw2blXcV4IUGLAq7GFrKqqowHFV2ye2DlUFk

1: CLIENT -> SERVER: fEPlHHNuJ4i/23DFH3n3jdaHs3wmfmZ2cv5RJKK9n4mNLeBm9pa+FfiP8dViGDuNn/pPP+5dhmEY

1: CLIENT -> SERVER: OxPbKuz2MHSL57Dw30V7+fD5XvLBR9/vXZtjp59R88B9m1tV9r7P/qF3GZuFxurv+Fdv7ZnCnPA5

1: CLIENT -> SERVER: f9sP/br3GYaxEXq9xeC//MGf3/YGZupCbzdFnuVnrl6Y+aSbdi/sHxl1NSpwU+faqf5yXfR6NDqI

1: CLIENT -> SERVER: 1lKVsvLxClonsofpDJFcRfEbAqMCQwYpk4WxCiE082h6EY6vH2c5OwpjLNp2yYb0vA+4J2IQQrlh

1: CLIENT -> SERVER: xQwNUlzJxRVY5xH3RJy7j8aF+5+1zH0U8niSulPwc9uwKQgNWtxObAb109jEFV9jeewOQ14JeS2a

1: CLIENT -> SERVER: dT+KbrB8zkre64IrOSLXQP2UBGnYvhnE85ysT9ZS91nI6TiT85No1FhCPM/Zkj74flEpTiMWmqP9

1: CLIENT -> SERVER: rUZT6Y469WwbFQFpRYgPUkfpMTYA51HVuEgDpb/d/BYRIxYCrkIuI5ar8M5g7jwTpe6Lcds9FacI

1: CLIENT -> SERVER: y5CG85GGHcwTXGk44R3k/AzPAMstBX4+M+G5kbnBCMR0Pj6uZ0grVPyFbePqxPCRNDQ4IUyMxWhT

1: CLIENT -> SERVER: hj7xym0+X57F7s1Z4l6C50Hs/nwmEc5nY018PSJA+syrF6Ua0gndMFIfeoN+8BrhKtsEZvCmuON5

1: CLIENT -> SERVER: zS0XCZ7dyI0nhRigT+Me0ui9jMwF+hvFsUsQz3upd0LuZtk6351rWN2L0PUgW4W8P9DXcC87rdD3

1: CLIENT -> SERVER: CMNzvF8yjAO3FOTWuezfYDw6t3K5+cWl+aVHkBihhmEYtw9uM2hbDBqGYRg3YiOr1vby4fO9hIrJ

1: CLIENT -> SERVER: Xqx++V/f8K3etfOgInUzKyc5fvw3z25nbIh7G90eOC//6a/+WM+2ESXf8oa3uHf/9Ie9zzCMjdDL

1: CLIENT -> SERVER: H5Ic2n/Y/evv/SXv257cCUMWaTWXWo8vnm9++kj/3VeG+/qkIVmbkrucSxGAKCG5PxZiY8df6ycu

1: CLIENT -> SERVER: osIzaKVFabjH8LpS0RcHFSg1pGUApTouXpXLSxnfSRPlkYgsd0AihnKfK10rAldBs0Lm6pC+OHP9

1: CLIENT -> SERVER: ce76ktw1Yq6k4TZgkWtCLiH7lxD2ccT9Sb3tPtTI3J/ToAU5jnznkO8S6r8ANw1a/KuPqzWGcVfv

1: CLIENT -> SERVER: pyErS9yr0IZDCOfWhmruwJ3PUQ+kjwI/66TRaQrT4nHU9aFa230M8hzKZdhSErmVOHItpGEvQ3fF

1: CLIENT -> SERVER: GIcrV0SIwYNWLQrgt5hAZF5xHNZivXDj1uCdzTFvKHqXZWT9Vxshc4iZgFyKEnce9/NY4txjmEef

1: CLIENT -> SERVER: T9ruS1HLnXGpnLPEuRDOUWvg3tPQqrMmGBZYYti+kBVAaH3wc0LcjBGLBP0hjNJLQpkqGdpKAwdX

1: CLIENT -> SERVER: ZLEh0lpE0cDbwpWrrXjmF9t2CM/GG7K6+1/ShrsHbs5PptP+VJDuhk50I11VJ3LhI3O8GkpWlXdL

1: CLIENT -> SERVER: qOFGhtG/h9BSMbTJuwXPdponbh6hXFl3Es/tsSST87FmkY7vG327Q7xRMjyHoUerexVaq3VyLDWV

1: CLIENT -> SERVER: vsGuzaHpvGcL6NQGF+uB0JDFLVXbCKIhi3+LjTSGXX2+dnJ2fO7hIi8uah7DMHYb/AX0atlOPPjF

1: CLIENT -> SERVER: j3uXYRiGsVu5E0agXv8yfC+fo/NnD33IuzbO17/2Td6183jr1/5N79oYvRi/ncCrHri9W0hyRewP

1: CLIENT -> SERVER: /9IPeF9voDHr//j2/8v7jK3GtnPcnfTyhyTf9s3fvu3+/1qF+sY7QlEUV2Yuz32iea796bH+fe2+

1: CLIENT -> SERVER: WiIazXbLuTTNXS7LJrSBuvKgKgYVprolWbfCtpswVpVx44UGnMowVmKlNDUDwCX3QI0ONGQ1xJiV

1: CLIENT -> SERVER: u37k70eGAdwcXql45uqRefjPI+6ppHCfhfx5krlPJan7IuTpOHUn4kzOxTmL6+Ukd3NIw1Vdfaj9

1: CLIENT -> SERVER: 7jxxX54l7oEslq3UuFJH20KleC5Gi4YXutniKeT9Isr6EMr/81rqnkd5XP0lq7MgK1Hsmsid0RiK

1: CLIENT -> SERVER: wry6vexruFZdymo/W0I4G1fHGbeKzlsVf2PEtYQrV2FdQsA5jPWZOHLHcbOfquWYQ7l7Evf6POYg

1: CLIENT -> SERVER: jVikjjQ0gYc5wbuzFte9Y+HWVujtHb62tGBukSgfzf630AFu20nhFp6DCHsZnouvzWruVXg2RnWo

1: CLIENT -> SERVER: 8EXDnIcFSWG+I5IgBPrxLb/FjCWubtYKu1WqT1YoEa1E+/M8dos5nleE0KBNI9YJ3E8+qzTysC+8

1: CLIENT -> SERVER: f9zGdE0DXUXwyPektVsF7W8UNpIGujZuAYXbCjZqfcW+6MDVxTMrn1meX34S0eyVYRi7kP/4U//3

1: CLIENT -> SERVER: NbKd2MyWRRcmz3uXYRiGsZ3Zf4fOpuz1FoPb/ZfhW0UvtsXjL+t36qq2N77q67xrY/znD9mWdVsF

1: CLIENT -> SERVER: jVn/4V2/7H294Z9970+bMes20evt943twV7aYrDUh94BstZy6+iVU9MfH4wGL44ODhdx5Fy7DWk5

1: CLIENT -> SERVER: WZXF81xEPRqUl2JYqcoeAZ2XFQVwioGpIl4lXiHyK0w4YmvIGkFEnFIkvjjuuHQJoriSKY4hvEIS

1: CLIENT -> SERVER: rrwQQXokCKtrVvB9BdfT8D+J+C8kmftiLXVPUYEN/xm4z9Xb7jJkJs7dotQduSNZ7F7arrl789gN

1: CLIENT -> SERVER: o04q4rmFIVdccKZqHZHY4eTMrNy5GVyeRsCn67l7COUfQ/lUmC8i3TxkIUpcM4plq7ZqZ9hOFf9B

1: CLIENT -> SERVER: /SybH+kF08nYdowB1VzGTeDnUkfWCMNQ8oyrRcgk5Dz8p3E/uS3lMdyDo0kuchz3dRIFtJAhjL7c

1: CLIENT -> SERVER: LU4KEQlwcpt5B1mXBGq1JNx+n0LCykiPL+Y2wMZ6wYsvw1W3FUQfIe04c2Pwf2WRuFfweUBDG8jD

1: CLIENT -> SERVER: rQV5RhazCZi3OrTsHPwSzgCOAXtZ7WCZoHLtFaGeUAduhF9N24afK68uoV+nIWfxzE8gybJ/T4Xt

1: CLIENT -> SERVER: JSkKw7UPUiyE960qa8FgFhmaIH7I7SCsEtYL/+7CuwvtF0MWGsHVnvW4v5VN1Z+4emHm41mWn/NZ

1: CLIENT -> SERVER: jevwkvse8C7DMHoJ/6Oz0V/snR0/7V2GYRg7l15ujWVcy176ZfhWwW3xerG94He/5e94185iM6vJ

1: CLIENT -> SERVER: uIUy/61jbB3/7gP/p/v9D/+u9/WGH/muH92z24kaRpXXPPBa77o19soWgx3d4R2gKIqrC9OLj2UT

1: CLIENT -> SERVER: xSOj/aOL9VpNfrnObZh4VpZuFyX6Qdkajltx5UWmIgaGvQFHgb0V4WBcBxp5uIVeFDKUml2WwzUw

1: CLIENT -> SERVER: XN9E0XJ1cPWihijGFloOz6jCh3Ey+oUXFu4rUUMWV0wVomTnmT4NNDLJYpch70QcuReSwn0pySGZ

1: CLIENT -> SERVER: ewLydJy540kq2wxOI3wBZVFnvS9L3EuR72W47k8Ll1AZjLg2GpPimiEtW8KqUYyr5WhdnriFKHbH

1: CLIENT -> SERVER: kebzCPwM5CmkG0ejZUVWlLiVOJYVLkiqFjDfZxQl4yTbK6KtHAE1LKjTRVxTgQRsHBMLzCiR4jNu

1: CLIENT -> SERVER: Ed5CPMsigCO8AJnCeHKfNZ6FdQI3+FnMjSc5V2jEgvtqxLOGIlfD/EhwI+OC6wTV+IMgEQTJlpF6

1: CLIENT -> SERVER: XhYCEMfq/F0UeOfC3aPxJ2yFp4L5v4W3NTybsZ9v3CaVZ0PlMfqCOZohAec7D5YqIGNo31dgjt8v

1: CLIENT -> SERVER: BiFtc4K5SOnMR4U+5CyFibU+jAccHA7+UkB+LcARkBdJbztLA46+MXAjihokEQPOMuqnwfoS+nQa

1: CLIENT -> SERVER: 9/QC/AsI55uG24vqmOBusl8QrsbltnzsiZyzBef1DFgl7JYXWYQJ2Uq4UjhIiZ9ABfqT4R2WYvKx

1: CLIENT -> SERVER: 2bVa3Q26odbS5eUnlxdXnkZQSxIa12Wwn+sSDcPYCiauTnjXrcH/IBmGYex0Tl845V3GVrCXfhm+

1: CLIENT -> SERVER: lbzn43/gXRvnLV/3l3fc2NGYQSXqRvnl3/tF7zK2kh//b3+/p+eu8v9+v/kz7zBjlrHnGRka9a5b

1: CLIENT -> SERVER: p9c/JPnht/xz79s+bLGq74ZkaSt9Yfz41B/3rwydGh0adjW2KMcfKrpLhW1Hg3mtb3fT1V+ve+7q

1: CLIENT -> SERVER: dcXjo7uEX9SzUqEsZ0ARyRPcvgavKfahFRjCAjRpmdzH0DZE41UfIgZwHUBl/TlV2ZGsnuGqqHHU

1: CLIENT -> SERVER: exqJn4wL95k4cw/W2+4LkBNJ6iaj1K2gwD7k4xlAr0gT98o0dodx/3k2VzvKXbtWQNSARmV5A2n7

1: CLIENT -> SERVER: 8sg10kiMUE34JyBPo/0fqaXuj+upe6Seu8txJKu9ZKtB1L+C+lG0Krp9P65F1vl4J65VDTqDg4Q0

1: CLIENT -> SERVER: xrpcO7xh0Hl2UOEWIFcwjJcRcgFyBv5jePifiDL3BdzHL9ba7llcafiYR7YC97iGV1YNY0/jBm8B

1: CLIENT -> SERVER: gsRQFeqSuydz3Qd4Qs1y2yrCdJ28mkpuuwZtCdJGVMwPK+OsZh949pXMcfS/D6H3wP/yInZ3c8IC

1: CLIENT -> SERVER: WXUFbrltMhhSWyVv8HWHbgyMGR4oeUzCIPtieebXNCLG47Y7AzmJ/l1En5cQyU8d0kBeGq35UHIV

1: CLIENT -> SERVER: Lj+8F+u1Su6ZFxIez0DZjK1GKgqNYUCnUfTKUY+QGt5DY4NjaX1x4IXZy7OP5FnOf1VIDsMwjJ1E

1: CLIENT -> SERVER: L34ZbhiGsVl6oeQ8ef6EdxlbRa9/Gf62H9p7W8Vx1ctmVw/SOPBDf/XHvG9n8APf9o+869ahYYWr

1: CLIENT -> SERVER: 2Yzbw3f/8rf29N+HnK+/8pO/buc47UK4deSv/eBvdcnrX/yNPtboFb3+Icm/+P6f3XbP4502ZFFx

1: CLIENT -> SERVER: OT1/deGTM6fnP7Ev2jcxMtAQFV/aLiCZy3KuveJ6IONW8DrekvXVwt2snyqo+RUqjzl5KDyjqA8y

1: CLIENT -> SERVER: QEE43TRwUTnPZQepKK5jx9/+nowL90Scui9AHq6l7rkkc1O0SqDi4SJ2+/LYHcgjKYsWzTTC/Y8p

1: CLIENT -> SERVER: 2rYaJkIDBffhSuNXXRTHkVvB9xRa9zzSfqqWuQ9DPp0U7hjKvoK8s0jG7c3mIYuorokrDQc31iev

1: CLIENT -> SERVER: F7/+SHVYK+/N5NsdcNUR5x2f3RSuNrpOo+UsZAL35XSSuxcgz1Nw355D2JO4V1y9dzRJ3WnMj6k4

1: CLIENT -> SERVER: c8ucBywP9zpBmTRmcWER514Jh/pGt/I2sd4dDu8w2R5TvvmUJHhOuP0enxOkiDLXj5RfgWfga7PE

1: CLIENT -> SERVER: fRkmvmyjCa7t3o3mEuPXSxPiblTGzYLWrWogH80FvCgu41k/jfvJVZjcVnAacSn6zPvIdwVXcvIV

1: CLIENT -> SERVER: oPlLx6bYfAk3CSoSo3hlHLmqGH91ucxbWAfqfW6sPXpx9vj8Bxdnlx5GqO1lYxh7kN3w69Knjj3h

1: CLIENT -> SERVER: XcZ2xxRAxm6mF2c/PfzMF7zLuB6b3dKvl78M/5Y3vGVb/jJ8q/nAJzZ+rmXgb73lO7xr+8O/v974

1: CLIENT -> SERVER: VV/vfbcGjX62Guv28x3/6q09NWbRcP3eX/ig/Vtml8Fz0L7nW/9Ol0zM8WftRq/p5Q9JaFz+jZ98

1: CLIENT -> SERVER: p/dtD7p0wXeIHJybODn1x8WV6PP7+ve1eQZM1nau2S5cK81cmlMJXKC1kYsoXmcov+mnErEqhPEd

1: CLIENT -> SERVER: veKu4Ga6VB2CDteG3AySy1fK7c+4aZgGFI7bPMqWZdS7UxAqq2QgqprX7c9kE0Nk02L0G8llK7kz

1: CLIENT -> SERVER: uHHcavCxJJetAI9DTqPAc3HhJhBHTa/0R24wbj0yIomrZYWrFbko9+sosgZhnTqRafAs3LjL3Bfi

1: CLIENT -> SERVER: zH2klrlP1nL3OIQGtAnUP4V808g/i4Yvomwa2sq+8ova91IQw0jRVLPlkhJI4k4aTbSGBJg+yLWx

1: CLIENT -> SERVER: 61Mt62aF37qeJci16KqX6ifk7WKd4BvCceEdwbxJIVwNNw+Zxk2chJyHnMDNfBbC7QMfh3wJYU/g

1: CLIENT -> SERVER: Hj2Nm3k6KdwMhOejcXy5wyMNmLzP0hsWjZeE1oJ5xtU8tB5gThaU8p70ilAWawyisIk0wgSR6QoJ

1: CLIENT -> SERVER: U6cbfY7YchrkIm69B6G9g0a+nB0tMrcPXXlTWnPflNXckSKWOKJ3k/OQshaskXF6R7WdWh+/icT4

1: CLIENT -> SERVER: Z+oaOt1aEz6LXY8HxcddSyTG4in06WySuufrbXnG5ZwzZGJ7aoinhPuqfdNZy3JlGt0OpLKKrIG2

1: CLIENT -> SERVER: T78DneSM0Vi2vI252Eoxf3E7E/xlNVwba7cvFY9Nnbv6p1mW83AZ3nLDMPYYd+rQ/V7y7gd7exaC

1: CLIENT -> SERVER: sXXYQd7GbuZNr3mzd20MKrt/88F/733GVrIXfhm+1bztPb+46VVZNAxw9cNO4Ke+82c3vL04jX62

1: CLIENT -> SERVER: GuvWGB4Y9q6Nw+f8X/7n/6OnZw9+2b1f5n7nZ97tfUaVnXiO9Ho/6NutZ9lth3vUyx+SvOE1b9xW

1: CLIENT -> SERVER: PyRR/f+dJ19eWvnC9On5Tw5ngxcGGn2yZVyaOteCtDMqtZ3j1njh/BtZ0RA0qUUhymtRKtLKRY0i

1: CLIENT -> SERVER: lbVeqxzhqkFRKUSyV2Q7wmaFrpRdkvZGXiRZifZYXVQIB1QJXhEaCBDdPQaIkfJ8CWUdKhxbaQO3

1: CLIENT -> SERVER: /ct5hSADt3zj9mhUQ/M+6dlmuavHuWsgEVdcyPlZ/kqjF1egTCHfMczAz9dy9+EkE/kU5Ikkd1MI

1: CLIENT -> SERVER: 53k+3KKQbY2z3NXSXLYgQ43IrW1ms+poVAPC1R3cpoztn3GZey5uu0/UMvdRyMMo8zTSXEH8tBeu

1: CLIENT -> SERVER: 0OJZPSsoI0OpKE2FBWsxKlUPB4BUgtRqsUokLcoJ4svmLJUP0ojBRQRRq5FgfjS6I2t/9MYgnsJ6

1: CLIENT -> SERVER: 4KiKwhLUWFCWhHwiElZBk3ipekinP1opLl1JOBdi10K/l3APpyE8K+0y5sL5uHBnIadQ5zHIs5gj

1: CLIENT -> SERVER: T0K4CutZ3PsLuC6hSDF0oN0NNHcA0g+hoYgr8yjsEoc1oUE1hXgDlpyvhEaETxh/bjcoTmmdfwbo

1: CLIENT -> SERVER: Z0F+jHScKIBZUVZEIxk9ACV0fRS4kK98ryBPMKTJd1mkd7Ad0jv9cDbLOV98mJAP3Xf3IuC1aeJe

1: CLIENT -> SERVER: lSVuDGlLQxbvsZYqaUV8ORgSfGu/NA2+pYMay7bJ+jiWIeKTBYG/fNYlDF+lyJ/OzAnpQh6EdWDB

1: CLIENT -> SERVER: eoMWEHEZdZ1Bp07i3p6HcIUWn2kaommE5vucWfQdLaVrEZCy/NLN8teGefV+dUQ7cn1YpAirDXkk

1: CLIENT -> SERVER: G0KlbTq+4cPw0OcgZSwayC1xU/59RZskIgf6Btxwc+D07Lm5z7Vbbf4rzYxYxo7lVS97tXcZ12On

1: CLIENT -> SERVER: KNhu9X7yP0IffuaPvM+4HptVshvGduK1L3+dd20fXvaiL/eujfHwU5/3LuN2sNt/Gb7VUNH7G3/4

1: CLIENT -> SERVER: du/bON/+LX9z2/8bhe1jOzcCVwTxzCbj1njpi17mXZuD/0b8mbf/lPf1Bv5b9d0//WHvMwIbNfTe

1: CLIENT -> SERVER: SV735V/jXR2eOcGjw3cnm71HvTIw9/qHJNtlK0jqP7cHhZufvTL/aHa1/vT+4YNpX70mWsKMisEi

1: CLIENT -> SERVER: dxk8qhqmQlY/olSkiJZTylBU31hKCO6imn6bs6o7FejjOHSEStaqsv/WYRmQuFIO3AyDw8UIiPPI

1: CLIENT -> SERVER: G7OoMNZcOpx61k8W584lmYuj3PUhtB9h/WgMz86i1JCf94xnV02gjS/EhXs0yd3nIVw9xZUbM6wu

1: CLIENT -> SERVER: iR1X51HBnOR5KTRosOtsEld8USFOIxbrqaO+GOlTtITnbz0v2xhm7jMo81G0h8asOaRbQQFckcWV

1: CLIENT -> SERVER: WXNo7wKu3J6QW57RCCPzKkgYSFYsHQ6ymuvFdWBpvsTrpAzl0HywWkLcaqnGV2up0qm57CH7hHEs

1: CLIENT -> SERVER: rZPVumjIoUZeyryWkJLPJ7cP5Coc/g5nEdXMQCYhPKvsAsaYZ11dhlyC0JD1fKKGLBqwXoBcxD2a

1: CLIENT -> SERVER: h6QI5z3tR+sGuM0k5lkf2pEgT468mbRVZqqfEzR04u0AdzBkqTFVe0u5GZgj9OeWQEaZFsjI4eOQ

1: CLIENT -> SERVER: oUkybCxLhq+ErWEHtBPBiJij7VxVdhhz7XV4Rl4FOYS+15G3XHEo94kFw91VJoBfjG6srIzvrkul

1: CLIENT -> SERVER: jLwpOPUL1Knbe6rIKkkaebRVuKDeICibhrwmhFt9no0ydwrP4FncX24T2UYaPp9ciRVaFdqk87FK

1: CLIENT -> SERVER: J8WdQnrJ7mrXOs3hFeMgF3XK3ONWuCluPm9nHS+vofpgs3Uhf2hmfPZBjMsMkrIkwzB2MTthJcxG

1: CLIENT -> SERVER: tjl834Pv9a7dz1AP/vNoGMbWQEU3fxm8GWzrsdtPr38ZzrNW9hI8K2uzSl8qVrf7OWNs30YVwFwR

1: CLIENT -> SERVER: ZNxZaLT+D+/6Ze/rDdxS1IxZO59X3P9K7+qwuLzoXcZqemVg7vUPSd72T37N++4sXhO5LSiay62j

1: CLIENT -> SERVER: 48eufLgx1//cMAaJh+Tzl+3tLHdpmqmyl8rEdQkKUSoX8c1fzuMiWUqNIz0BTW9ci6rX+anCwdSV

1: CLIENT -> SERVER: B50VKBrDC41YuhpGtb40PNRwbVCQoIH8PNMqkXyRSyF8dc0hfjIu3IUkE4PHFPItY2ayPLllyEtl

1: CLIENT -> SERVER: clBrU+EtgRBMETF6cLVXA+VxFQ+jeaZSEyXMcmuzKHePQT6V5O7zKP9Z5LsAmULYVYRxuzvWfxUy

1: CLIENT -> SERVER: h3BuhddCLVylxdkkc0mEoHDfP5VqnEe8iBOjQreUY+eTdXIivipoh8bzWpVOvqowC6VckVKJYz6l

1: CLIENT -> SERVER: E3Ltpyv6WmRcfQTaRsnh5Qq8FscMdfA+8t6NYxwvY0xpuDqbFO4U5CTkBNKeQBjPLXsO4/4sxv95

1: CLIENT -> SERVER: pJeVcgibhzThZke4PSXnTB+E84f+0A9pBtJ1Vlp2hCmC9JzKfSwrqFaOwE4rCVxI21l5R0FSRuHd

1: CLIENT -> SERVER: lEE4T7NK3P0Y0G9KE/fKPJZz4lgaVzAGJFnHCxAgwgsiSgnBTBwy+HRC1e0JeUIWCh46Mbbh3lT7

1: CLIENT -> SERVER: Wc0fSle4dSCeKzT0PJ69YzGNlKmsxlrEHGAupuf9DOZi5gmlrZqRW0PoG6R7uEIE0ZCOdC6CTxpW

1: CLIENT -> SERVER: uPFDAxbPxuJKYkYP1htutD06Pnthnqux+D9PM2LdAnbwq7HbeM0Dr/WuO893v+XveNfNwa1i/vOH

1: CLIENT -> SERVER: 9s4h+9zOxthec9YwAv/bN/8979oYn3jkQdt67BYYG9rvXZuj178M/5Hv+tE992/Ff/s7/2bTW7dt

1: CLIENT -> SERVER: 53PGeB4b27cR/ut7f3PPrhq/++Dd3rU9oNG1V4rzAOfFXjNe7za+ao3V3SfOH/cuYyvp5Q9JuEry

1: CLIENT -> SERVER: F7/nzhuztpMhiwrfqZmJuY/NvLDwZ6Nu9Aq3ZaLilopBbi+Y5rlqAoOuMcDVASLeD+gMXuofqXQv

1: CLIENT -> SERVER: ruktY6raSWN9quPEkQ1mJYX3JZh3AuEeMCVXlVAhz5UYdYTUuLoLInpx5KLxqwVZgjTha0dchceY

1: CLIENT -> SERVER: jmJb7hbvI4WFQnjbvVOkxrKRlm4ld+0idxPI/Qwq+0ycuQdrqXsI8nQtF8PKWSTm2VwXxaCVy1lO

1: CLIENT -> SERVER: 3HZwEeU0URLPeaLavYO0RJ1C6GmQANP4kQlZVmctqQaum2h9QhaItkI3e6SsTWgr+hUejGrTu2C8

1: CLIENT -> SERVER: j0T5rIb3pomyF2ksxJVGwXHIRYzv2Th1JyHHk1RWWj2PsOcwps9AHof7i5CjcJ9Bep6ZxH+OszzC

1: CLIENT -> SERVER: eUIjh67YCcYO9AFpu8CLQWwr3luF7esNYYyuA40YEH+X9T1zTRYdNLZXzpbzoSnytRGRSU7tzwN5

1: CLIENT -> SERVER: 7L4617OxCMvimBCu8io7FwoRQiArR0RIJ8GlYxWrxrOkktbfdukTw6v9WqtIwP7M4nm7EKV4ttru

1: CLIENT -> SERVER: OJ6z0wmeKcSFZ5nF8r5qqVJyCasIz/uWw35phesSWlkSnCGfdEbvIX9wEc7GaiSJ29cYWc7G80cW

1: CLIENT -> SERVER: pxefQCou+DRugZff+wrvMozdwTd89fZQuHE1w1u+7i97383xP/70d3btHvbG+owMjXqXYWwf/t63

1: CLIENT -> SERVER: fb93bYy9tBqrF0aoVz3Qu22Fd+svw28XNNTw7+PNsh3PGWN7fulH3+Z9twaN0z/7+z/ufXuPIwfu

1: CLIENT -> SERVER: 8q7tww+8/TvdI0cf9r7e8M++96fNmLWDWetHYvOL3CvL2Gp6/UOSv/vXvu+O/5CkSx26HcjS7OT0

1: CLIENT -> SERVER: pdk/K6Yaj+xr7F+q1WqyVRd/6d7GNXW6zWBQGHPbO1mWA+E5OFVNY6kQZTqEiDAJgyL9/b0mD3n2

1: CLIENT -> SERVER: HhiGLrk+ayTg2Pox1UIkNFwEzaUhcvYRpM9LPyK56qZOwwRS0iTA+6sKfubs3Edum8hVUlzJwhgt

1: CLIENT -> SERVER: V6/SBkADSB9K6kMAV2hxazaex0NmkfJYlLnPJan781rqPlXL3BeS3D3J1UK4noOMI34StXBl0RWU

1: CLIENT -> SERVER: eRV1zUK4VR63I+QKGjU7dIv2T1X0OjEp8JYJqh6IhAFmC+MWbgLdVZj2RtIFA2gaolRb6ynbR6Hf

1: CLIENT -> SERVER: hwUnhd2QrnC8tST2nWebLaLMGcgUZAIxlzBmF2NdUceVN6cgNGA9jXF+EvIU3M9gjJ+OcvcERI1Y

1: CLIENT -> SERVER: hRg3WCZr5shV50MtzAek47OuzzsiIGLcKrul7S6hNwhQQwk+KE8E+SXLqmwdUKj84RzTOafCqqSk

1: CLIENT -> SERVER: 8iP3SnOIyDl+MgXgkPJZkKahmyWKAQdhXIXFrRj5PmO5zPLiPHZfmSXuCCqj8UrrhMN3lkXRJUUD

1: CLIENT -> SERVER: 7Yu0hLFyJeF5YagKcvm2aqEaWs61MmnZa8ZqkLgUdWvJuvKvc14dyeCcg4wj7EykhsxTuHJ7yTZz

1: CLIENT -> SERVER: FYkYsPmMSpUcB6TtlCAllxWHJvcSKRpfWjTro5v3tyO0jusw4YPEml5y4o/mZF6e7xUlTIv7WGSu

1: CLIENT -> SERVER: leWunWr8UGMwrS+OvDB1aubP2q32SQk0jD3OXlndsZ7ikL9g2w7/Ab/VQ9R55sReVhAZhrF94Dv0

1: CLIENT -> SERVER: 0P7D3nfr/P6Hf3dPrcbqpRGqV+zGX4bfTvj3MQ03m4H/BnjvL3xw2xiz2A62ZyNbCvLfKD/1n3/M

1: CLIENT -> SERVER: +4ztxI/86vfL/eklNGZx5d5ephfP7e0+y3W9e3b01JPeZaym19uc9/ysyp96h/fdGah23W60msut

1: CLIENT -> SERVER: J6dOznxkMB08Nzo46BK2MkVEu3CtNHNpzt+/87yWwrnEC9NQL0lFIzWqogEWrbKXSFWRVFB65S9h

1: CLIENT -> SERVER: KuMmqQ6ajKMGhXHtDKaP1KUceku8l0riBPHcZpDnZg2I8AwtGrMQjcS8t0xP4hyCNEHJnCeQmPcS

1: CLIENT -> SERVER: wnCkCSLLsxBOQ1l/EUvZrINGLZ6jxFmzhCRXMB2ew5x5KMndp2uZexjydKJbEI6jwklcuTKLW+Rd

1: CLIENT -> SERVER: QNoLqI/nPNGwxXOf5jF/FpFmJc5cC+W0kIaSIk1GiWLUhSsaxVU0ogxf9SnRJntBeBCdshvEGy4q

1: CLIENT -> SERVER: gm8vMe5DRVAJhe2lkaqNtG30uwlZgSxCFhDGLRenIRMYF902MHdnIacRT6H7vFwLdwpursI6Gqfu

1: CLIENT -> SERVER: SchRrsjCeB1H/kvo0yzqWkZjaBxjN7ndpJyhhjAKtxSkIYuGEra8M3fQesShOLlKhxiOMVfjET0a

1: CLIENT -> SERVER: pC4Q0nkqzutQTVUtLRQWpOMSUxOSUTSLxvA8KLa1M1NpqM0x1irsIeOGUMDX5Yn72iyRectycHvQ

1: CLIENT -> SERVER: Ld5LpEN5Oea0iC9Ny1OXopV3PkRahj8UdWoWfjHOx5MyDoR+lIFans6WMGNCSxgTu2WM/yTaeU7m

1: CLIENT -> SERVER: RuZORpls4bnINGg3txRtIF0NHWMu6T1/peDHiEZuX6kgQ7jVsGl8PlFtMGJ1msAG+Dh6uZqO4tsa

1: CLIENT -> SERVER: x/hGXI4+tPCwc9Uwu9Oo1d1wbZSrsR6fn1r4LMrvzf/WjVvmdv8j3bg+e2V1x/UUh3f616Q8G+t7

1: CLIENT -> SERVER: vvXmtxXkFkZ25sTOpFfbgRnGdoHKO24nt1GoUP3x//b3vc+4U2zFL8M3cu7jTua7f/lbN20g4OqI

1: CLIENT -> SERVER: 3/mZd3vfnSMYsTaypS/H4Dv+1Vttxfg2hfeF92ez22Guhiv39tozX2UnnMW7Gvs/+a2zFduc9/KH

1: CLIENT -> SERVER: JGzfr/3gb3nf7Yd65G1HkRdTM5Ozn1w60/z0kfrBq4N9/aJvzVvOtVuFSzO/SoOth1DhS/HaUVwj

1: CLIENT -> SERVER: 1zmLiB9EFhTGUTUOx23Rku4GwjiV2t0yhMiQrpKADHElIDhZEm+XbjeoQjfDGNfJ5u8fPJRgzKJi

1: CLIENT -> SERVER: We59p0klnbLVoKWrP7REGg24CoYK92kIjVQn49w9G2fuMcjDSeoej1JZtXU+yt0lEZ71k6vEVNLD

1: CLIENT -> SERVER: jzyMuwyh0esq0nDV1jzKo6GM5a9AmnC3IOHa5lXaoEacsF5qTUFa7Y04KsAfgkthWBCOEwRt4RiJ

1: CLIENT -> SERVER: YQ2SIo7Swui08LBQmvBTVtD+JfRjAW2bQ/94VhgNeZdxZf8vIO4MxuQ0xugMjRQIo9GPWwOe9HIM

1: CLIENT -> SERVER: wq0DvwR5DPIk5HnIaYRzrCbQqyk0dQ4N5Mq2sKqO94r3qA5fDWl4ppqeh8U7xjQd0ee6kDyktM0g

1: CLIENT -> SERVER: KoyXXKrorVe5Wa4pxLNGWWJMpWGG/cE4a1ultWinrtqh8N5oOws5U2wFY8ItL2n5oKH2MI1Yac19

1: CLIENT -> SERVER: VV5zA8gnK5V8PK+cE1J2lMDNp4U1BFlNtaG+saxcxLvXzduBBp6c70sZaBpwKDnugbZG0XKaGIMp

1: CLIENT -> SERVER: 9JHPCLcSPJ4UmCuYS4jO/cu6lkGQlQYw/phADJTMjaJEUOb1W9QLtL0qir89q+r2/UNg2VM4YvSF

1: CLIENT -> SERVER: BjneM7nTGIt2zh9YYKzQGdpT9w+NFCOt0TOzl+YfztLsErKGIgxjx7LXf/14Kwzf4Bd0d8qYxf/0

1: CLIENT -> SERVER: /+bP3Nqv537jD9++Z8+c2AyvXeMcgNvNdlyJYRgbZTMrNggVqT/yth/wPuNWeNmLvty7ekevfxn+

1: CLIENT -> SERVER: b37o33nf3oEGgs0as7ii7ZH/eKwnKzw2ghmxegPv43aF9+eHf+kHemrM4jPPf8/uZWPWTmO9fxfz

1: CLIENT -> SERVER: 74LdyHb9f3Ovf0jCH0feqecw6IS3G620lT578djEe1vni4fHBoddQk1jm4YsCA1Z1A2y9cECIqpC

1: CLIENT -> SERVER: MVFR56p+CaPyW40hnTAPNZfd2ktjTcKg3cxghUFdLdWBVxgarryFIvDwVpPNqrVDmZwidUgDxSUs

1: CLIENT -> SERVER: Hx+WjakkZ2FdcFwxlLovxi33uaTlHoI8DPlS0pbt8bhN3ok4c2cx684j5zmUwVVIJxNInIvC/iIq

1: CLIENT -> SERVER: uozwCVy54osK/GnUMQOh8WYesgDhX+FBmhQMCw0bFBq6KCmkNHTBTYOUXJF/beMXTQN+FRgkRfpg

1: CLIENT -> SERVER: QKPQuLaE+IUodnMYjFnEz0CmIVOQSbR/HNdgtKKR6jTynMD1GPr+HLcGRP+fxVg8x/GA+3mEcRXb

1: CLIENT -> SERVER: k5AvQR6HPJqoEetpyHGUeR5lcPvARfSRBwSx7Rx3fmholG0fEabGK71PHXiPuHIHDSuFJmnmVjij

1: CLIENT -> SERVER: gjEkwLgQ3xNQyZrvjhLfzhjtw/iWVhEgrYY74qROEllN2EYnV6IM957rsmjSLNwR3OCvzurutVnD

1: CLIENT -> SERVER: 3Q03x0V6VWDERBAgYTpK3eOyFkwcZke10WF0qlIB3tLWxe9qMRDNsbpshiRuPkow/yN5Lo5hHhzD

1: CLIENT -> SERVER: s3EZzVtmrjxx9SxxjSzWe4wgOH3vdT6wJxxnLV/LLV8EPURq498H0nzWo3Vq366PtpMry3i+HwIg

1: CLIENT -> SERVER: fC7buKZ+SPrqDTfYHpy8emzmY7OTs58qioKvGGMD3H/XS7zL2C1st8Oot4qXvuhl3rU+NGa9+6c/

1: CLIENT -> SERVER: fNuUR/xPxq/85K/fkhKYSkYe2L3XMMWIYXTzkvse8K47w2aU3QEqUvfSloKBG/2w4mYYGhjyrt6y

1: CLIENT -> SERVER: m34ZficIq116sTKLz9ft/ruP9ZkRa3vQ6y3MVsMfRPGHUb3EjFk7izv974idylb8P7GXPyQh/CHJ

1: CLIENT -> SERVER: nfgxxHqa0O1Ac3lh5TNTJ6Y/MtocOTfcNyDKx4KGrJSKQzVaqQaUDtUsev1i0FFKNJWOlFIhHbgZ

1: CLIENT -> SERVER: 7aUBVg/cWiFVwsBeO8DME1Tgq2HKsIKFn43g9cklLIXGkj44BkQi149Qbm3IFVtMy5VIUy5z51zq

1: CLIENT -> SERVER: nona7vNJ230qabnP0KBVa7knaql7OsndczTQYBKexEQ6gQn1AibX85CTEBqzziOcxqBxpJnAdRLh

1: CLIENT -> SERVER: V+LIXRVxIjNwz6IdNCTxyuMNKdyukP5SEEaD05xI5ObQbl47YZU4EZSB6wKF5bFcKUvLZX0874sG

1: CLIENT -> SERVER: tikIjW1sH7dPvIQr234W4acxFichJzAyxyDPxZl7CkKDFbcJfIpbBdZy9yTk8RoNWLhCnoBwRdYp

1: CLIENT -> SERVER: 5L2Muq9C2A4aC7mAh+eUiTER0o+nckCuvA96f9AEQedV1bQQhN/d8yIYXcqgTlRPwdD4iq6lUyVd

1: CLIENT -> SERVER: FSlkPRbcEBq5kthlkCacTcyPTMx6mRvB96vy2H1LVncvKRI1sqAyXZUWZjMqZ2dDeZKC/uuBPF1J

1: CLIENT -> SERVER: Qgd8+7rEA2foaldqFsWA8sHqpOD3MtrG/4aeTpx7ATfzechpzA/OdY5DA/0byGLXh/xsvSyO1Sgg

1: CLIENT -> SERVER: NZT1aIkezFeN7x3aF9THavCXxOqZdl38ewnTXITjQQNWqrdSmru/byyPrsZHr5y9+qE0zV7QGGMj

1: CLIENT -> SERVER: 3Hf4Rd61cbbiV8R7lV4YFrfjYdRbwc3+Z+1b3vAW9+F//4ktX531w2/55/Kf/Vs5V4bnb/Cg7r3I

1: CLIENT -> SERVER: /pED3rVxtsN/2HthON4OK8uMO89GV0H1Av6qme/JzRix/sO7fnnPriy9mR9W3IitUnJvxS/D+ffd

1: CLIENT -> SERVER: XiIYs5458bQP2Rh8vvjvhNtlDGQ9v/Pzv7+h5/qRow+bEatCL1Z+bOb9erPwh1E8o7CXBGPW61/8

1: CLIENT -> SERVER: jT5kb9CLM4d78SOHm4VzdK1/R/R6y8ntRK+2996qbSR7/UOSt/3Qr3vf7aO3WsItoNaovf7+1973

1: CLIENT -> SERVER: E9GXZX/73MzlwVYrdVG/c42h2PX1xS5p+F/5U6PYLkRpLr+bjxIXx6oglQUN+AobdHFbq6qOVFSZ

1: CLIENT -> SERVER: ouBUv3HriGJaHDqsfmhV/16COyMJ9b6QIuLaus7Ah/QMoZMGyBDts66JKKhxDQZMwaelUYDw7uvK

1: CLIENT -> SERVER: pVhWPckKKIRwbQxjuGUaFdQsi+c0DSJ+NIrdPsylfShlNI/dSJ67oawQYwxXCdIgNsw4+EeRZwjS

1: CLIENT -> SERVER: h0bQcENTRg0NpgGHc1TNEIVLEM8VSSEsYYWoGN8Cmy0Kc/kGjPCRHCuZuyUsQQM0n65WzFBmWK3E

1: CLIENT -> SERVER: /mZFIkYl2dYQBXAlCbevS5GiCVmELMHPLQaXcaUsop2LKEfOBcON4LaM1Mq3Eq4wK9w0ZB7t4mor

1: CLIENT -> SERVER: ri7TpwstYAN9I9k6bifHVUbcko3B2mI1INDWwQHnM0k0l35Lt+Wma4iGwivpNZ5IeazcI3E+sS92

1: CLIENT -> SERVER: Q4T6WBFbyzZ3wQQcS7QgnBal86iQeUQDHVdjFTWuxIowRoVr5ZlrQ7glXYIMX5nV3LelDfc38oZ7

1: CLIENT -> SERVER: eZa4QeTrkzvGDnG0eTcjjH0D94xmP84LbkfIWmW0ERaAT7zMCwcGRvpQDlZnrnQNmEeSaQH0+Qtn

1: CLIENT -> SERVER: HNyIizGYEfNJGtZcw72vuQmU+wJu8sOQL9Ra7oU4dZej1C1xGz48M/3oVx+uvPcpHqwU6WS2F5mr

1: CLIENT -> SERVER: Y0I2UCRbxlJzjieE2zUK0oxr27oh0MFIrWfSf757IpkgHBMN1+7zKwjRfNwakaux2I8cN7gVZegj

1: CLIENT -> SERVER: pIn+4OEa7Ku7lwzePz796Px/vXxq8j9hLGnT3bUcfGt9Nh7Eq2+L4GoVKvo3A3+x+YafuDPbpew2

1: CLIENT -> SERVER: enE/yJHv4nts98L/TH/wVz7ufTcP/zPx23/yTvd7n/ztniln2Jaf/t9+9pbvG41YPH9jr/KOH32P

1: CLIENT -> SERVER: +7Zv/nbv2zjf93Pfc0eV58/8lwu3ZLxcC87LV/2j+7zP2KtM/CH/B7FxqLy81bOp+Cv7H/i2f7Sp

1: CLIENT -> SERVER: v3eoJPu37/xF95sP/nsfsvfoxXuAbOXf3b369wXhPefqu71ouOzVOG7Fv0cC/OHO3/u279/wnNzI

1: CLIENT -> SERVER: u2S384vf82vuH37HD3vfxnn9P3j1bTEO9vJ5D/D/e9w6dq+suqUh+FbOu10LPufve/C97uipJ33I

1: CLIENT -> SERVER: xqFhLZyDTANZ+AHFkQNHrvus0wD/Lf/iL3jf7qIX94jwhzhbtTsGDYz/8af+b+/bPLfr/Tz5Hmrx

1: CLIENT -> SERVER: VYO33RnZd2jsb9/3hoP/dNxNvXpqaZb6cBcPOtc3GLlGI1aDFXWdaeGilJ2ikQGiWnJRTgZDlqhl

1: CLIENT -> SERVER: RSGLON97VV7CG/SWxg0JhgLCcaNfglaNYTUdkTGuBEa0VFX8waDB0rQ8xkuAJFtdnsRBGCwrPSRQ

1: CLIENT -> SERVER: /RQazqjwZwy/1eig2/C14W/BR2OWmmgwibzOnFOH2xA24OhD+j6k789paCjcKNKMIc0Qyh5A3JAY

1: CLIENT -> SERVER: siK3HxWMIqwfbaaRIpzTRYMXjWncQo8GHXaZRo4gut0h4uhHfjHMAh0Br3hn62WiQhgsX+Lw38FI

1: CLIENT -> SERVER: FQxOmO+ISPEcpEiBR0MMWRQasmjkYhrKMjo9iweIRqsl1LHEK+LFkIU4GrK44isYwtrowDKuYsBC

1: CLIENT -> SERVER: mgxld0wNSCzPlraefZHVWBA+uMF4RxgvhgQxKuj9YaheCW8oUjEJvkKMBLGOgMR3cvKbaQiLv2VC

1: CLIENT -> SERVER: 0ZW8XMXTVRidUqkaskLrohw+zBH2kYZIGrEy3OQWOr6ClE0epJRzrhXuIG7Ct7bq7juyhnt9XneH

1: CLIENT -> SERVER: 8poY/WoyF3kXOdp8a2HmRA2Xx/hPJCqhEStBmnJMKu3tGKIAGiFRZZA0WP1rDIwfav0S4V3VdHpL

1: CLIENT -> SERVER: mb9zp3ne2pU4dmcxH55C/z5Ty9wjtbY7l2QyP/gu7ktjN5jFrsHCOYcahWuzkyg38oYs8QLZPhN1

1: CLIENT -> SERVER: aK+08drMTp2bQe7hKkMWK6g+Zzp8+BIHhFFMQUNWkWDccVcRl6JzK3nqFlq5a+HB4N83d+3b74Yn

1: CLIENT -> SERVER: 9//ZuS9e+NXlheU/Q0beyF3LVhqyuDz9U29/pCe/At/KfwDuFWgQec//7497cj/+63t/0/3s7/+4

1: CLIENT -> SERVER: 9+0++GvwX/iRX/S+W4dKuIef+rx78Isfdx989P0bUiqwDW95/V/akKJgrz8vvXz38Ffjf+3n78zh

1: CLIENT -> SERVER: 1r38z+luf2aN60ODEldObAYqGf/soQ+Jwuyzz31yzfca/555/cu/3r3xVV/nvurlr9v0CgEq6f7p

1: CLIENT -> SERVER: r/7Ynl2JRXr5HthKBVUv37tkLxuz+Pf/v/j+n+3JWPbi3yOE75DvfsvfcV//2jdt2IBlz/Pa8Nnh

1: CLIENT -> SERVER: itVeGKtv19/1bPNmt4pdi7303PfqB1d3mt1qyOrlc7nV26j2ei7djvfITjJkuSSJX373S4/8w/5X

1: CLIENT -> SERVER: 9P2/J9KJ++eXl7lswdW5MqsvcknNuTiKxZiVpKp0pMJcFa/aRTVkiRnLlYasgCgvjVshGApIl35/

1: CLIENT -> SERVER: nfBuuhOJgrkkZELYqvz0alK4fBapw3vzWJXhDKJaWoxJDNCcPk4NWVRfi7mgyMWYxVVZatYhSMhs

1: CLIENT -> SERVER: tDhhnrAsGiWoyKZBhqtmBjGf+uHuQ4MGXc0NI57GrRH4ZUUW3DXk4ootXbmVy3Z6A8jTjzRc8dUH

1: CLIENT -> SERVER: 4e/baCRjuVyAehhxmNZeA65KfTaFcA4zRMeA4RrDuY7sbhp18LyrFnw8I6uNerlSim4aoRYwWDQw

1: CLIENT -> SERVER: 8NGXeLqRdgn5ZvDwcJUVjVMriGO+FdTXxPgs4tlq8nwnhCHIpShHjGXw5PCzbmQROFZVIzHbxrHg

1: CLIENT -> SERVER: UNKQpWOpMIkaYlRYjg9ReEOZSv5o30Nk1ZDFoFBWmfc66Ph1kDlUop7uNGi3zCOPOH1d0g41lfIr

1: CLIENT -> SERVER: ymjIQgiCuRorw7ilGIBlTEaei5XJgOHu4vK6Vuz+YavPfXvWcGOYW/00ljAv7kcepUhNQxZLrrki

1: CLIENT -> SERVER: rqNACBqWyGoslIF7VhktRbzrtFVAADw0xlSTBTjK0nnJgMZI4pC0k4Hzh1tUnke/eC7W52qZ+wwa

1: CLIENT -> SERVER: /xyEBlEW38CEGcL7eBBjxzkgZ7ehCynysN1JnqO/SMg/FMTnmGvSBo/eG/naNGrI0rJlJai/8RrC

1: CLIENT -> SERVER: 746LDWJsGDnO3BpmM43THJc0z9xiK3ULK+xr5PYNDxZ31+66OPXFmbdfOTf9Tjyr45JxF9NrQxaV

1: CLIENT -> SERVER: WC+/9xXyq66/9Zbv6Mk//gL8h/KTx55w84tz5S/Pjl18fk+el3Ej+I/vsI3Bm17zZtme8dVf/pqe

1: CLIENT -> SERVER: KZgI/1H+0JOfdRcmz7uz46clbLcc9tvr/xBwrJ7C3F1YXnAPHf2MD+2G21e86oFXb+peUQHwM2//

1: CLIENT -> SERVER: qV176PJ6hC15uHXmK+5/5aYUbWtB5dvR40+5y1OXy/u3niJ/o6z1zL7hNW8Uf68Iz2z1Hdrrfhjb

1: CLIENT -> SERVER: D66e+JHv+tGevv9vBzQi/8ivfv+emp80FuwfOSDvMm7NzG1BX/WyV/vY3hDeA8+cetrNLk739N9R

1: CLIENT -> SERVER: m/0RyGr4d9oHPvF+98GHPrDnjB/89/TP/8AvbcnfA6cunJC/z8IcWIvqv0keuO+BTf+dSiPq297z

1: CLIENT -> SERVER: i3v+75vw/yTCv+u58qXX/2bhu/PE+ePl/Z2ev7olzw//3dJL43WAz/2DX/iYe/iZL7jTl0/sumef

1: CLIENT -> SERVER: 4/avv/eXdoURi+wGQ1b4N3h473Fb7zd+1df3dG6HeX3pykX5N3gvn0u2v1dGtwDfI3/86f+5Zavh

1: CLIENT -> SERVER: d5QhC9QbffWvue+V9/yj4v72d15anhhNqcStFa7W51zSgCRc7RG7JItclHMLKHaOX/yGwEmlpHwi

1: CLIENT -> SERVER: hFQU4TSAEa/jNG6C6lhRH0zBHw56GRfCqzCuaoTQu8NAH8AbBXh/vLOEXgmSgulQA0nIGwxZvJ00

1: CLIENT -> SERVER: gXAlUDBk0UyltggqymmW6swJMRkUfr2epNGt93IUzhVOvngQS7kJKuD2gCyfK6gaCB1AHhqqaNiq

1: CLIENT -> SERVER: I44GHJ71VYOoIYtnQjk3gLxiyIKbxixeB+CnUewArgchmNJiwlADFUdIW8AxER+8PgSiq3+4woqr

1: CLIENT -> SERVER: qibR3mC8aiI9DVhtJGihf1xpRUNWZ1vFSNxcKURjFo1Y5aorCiriSq40SryBAbXxC+WwHVyxQ4MI

1: CLIENT -> SERVER: itBxQZAugsQX/khSxqlX7YJMAzdhmBpUmBLpGYBQ9YFVhiwt0SeXsVDK9HB13Ouj9XTw1Xvo0Xkg

1: CLIENT -> SERVER: 6SStvldkUpRhnC1Mw3ZIAN4jcMmKLOZAi2nEwk1sYqIsRTRLIQ8ycQvLIyjv29s19/2tfvf6LHEZ

1: CLIENT -> SERVER: je+osM58SMcVP1nMVVdSO+qhKUjP0KrJmNMQo6uyuigbrW3SC8fF90u8kT43Pq4DAsKYC5qnM0Aa

1: CLIENT -> SERVER: x7kxjbBz6OiJWuaeTWjESt1jtVzOg2M6Gv4GMJGGMYH6aawCHAt0GVXQGEdDlvaDzyuHl2NJE12A

1: CLIENT -> SERVER: 1cr86BFqyFK3rAD0/eKFLhqr/NTFfQozjq1jO/12tUzA7SHTDP+oSN0SHra+Rs3du++eheR08v6z

1: CLIENT -> SERVER: T1z49Vaz/TAy7Xo2Y8jq9VL2XrDbt7y7Hp/4t4/3XOG1GXbyvaAy7se/5yd7+h+CrYZbCf7Uf/6x

1: CLIENT -> SERVER: PaEk2m5z/Sfe9o83ZDzcLf0wtidUbPzGT76z54rwrYaGY565tJfm4ma3fewVvVBI/unPfWZL59xe

1: CLIENT -> SERVER: e0/x39r/8gd/fkf9e6QKlaE/946f2dM/Ottu/1/q5b/Pe7Ha92bZDc/+Tvz/xY34k09+YMeex7ud

1: CLIENT -> SERVER: /h2+2eey1z8kWU2vV3QHQ1ZHa7i9abea7UcnTl15/8Di0NEjo2NFHxWKbefSJiR1jjt2ic4z5laD

1: CLIENT -> SERVER: XhmJsDznypGwqSDximfVUqpIahkPYxPIKGI8vX74OnQNfodVXt5iUk1Z3iUESD2r8qxFSKYqaVWe

1: CLIENT -> SERVER: 05jAFSFcCUXjE7cI7HeJSF8UuwYqp1GBxqTqzGAZNAxx1dICZA4ygzInEXMBcibK3PE4c89DqOB/

1: CLIENT -> SERVER: ysvjkC9CPg/5DORTkAdrmfso5CO11P0Z5H9Cfrueuv8CeUej7X6Lflzf2aBf4367niEsLcMo/xXy

1: CLIENT -> SERVER: 3+pt93uI/1PIhyAs82NJ6v4c10/i+mnI5yGPQr4EOYr62T628yTkQqxGsKuQafRpFjIPWcI40ChG

1: CLIENT -> SERVER: 4xZXibH/HEwa8+o5V5ZxBRoNcVxJRiOcGuIoDeSrQziGFL5sKAgqxxTZ5N5QgifMIW47SHOCnhcl

1: CLIENT -> SERVER: KRQkC/lJWZa/9p61Su7UyvV8wVDEcDGI+J4ypM13EOYa30fsSh39/AtZzX1zVndfJoajztiwDBkG

1: CLIENT -> SERVER: jHsuBkQasVge46tjwbG5eboMXpIx3IkKrLgL+PkQon4R+FuQOcgEgs9FuTuOvh+NU5nzM7xpTIUL

1: CLIENT -> SERVER: jbz8K7XGXwlAchGNj8WIpXNIV7ppPd09YlpN3yt4j0oDllSr9YVatCXho+h9hOBPQcM2xp/bQ7ay

1: CLIENT -> SERVER: XP7eYexI/2AxuDJw9srJqx/B31ObO23ZMIwdDX99xjOFuEUfFXvbGbaP/7nneVi2ssYwDMLzVvhL

1: CLIENT -> SERVER: +Z1kxKIBi+9cvnvNoLpz4So6/vLc6A18FsK/R7iaaqfAH9fw3ybcmtd2Tti9cEUJ56ZxfWjMpNGE

1: CLIENT -> SERVER: hobdZMQi3G3CuPPw/6784cBOg3q4nUK2tLD86Pz5pU+MFWPjg7U+UQxnLefSFefamSqAuZ0XV8Dw

1: CLIENT -> SERVER: Q8OWnhlDxWVQXvIPPkgcRJW1UseeQU0EG++0DKcXDfDjyBnFYhkuivEgHap5Jb/eKDoq2XzkGlKN

1: CLIENT -> SERVER: riJhuIZJzWhddeHLRaxkQV00ZMkmgzRoIVBW80U0gnLlBd1qyKKxpuaFK2b4EaQRWgd18VzZRIPP

1: CLIENT -> SERVER: MupbjAs3j0Ln4J5DilnUMwOZgnDrv0sIv+DlHOQ05DjCn05y96Ukc49CHo9z90X4v4jr44ijPMow

1: CLIENT -> SERVER: uRbuMQnTuMdwpRyFm+WcgJxCmWdYPuq/iHovRbmbgExBrkK4lSDbN4+4RaTR1VhU1Ov5WWpfwBcE

1: CLIENT -> SERVER: yWQFD8eJq4Fo/AtCQxZFjH5IKwI30/M+BJHi5NMNDTZBQqqO8MJ71S066h0JxgmZN6tg26uyHp00

1: CLIENT -> SERVER: nbaIX1xwoF6pw38UXhnO8eKKP7QP7x85s49lIIIr2rgFoza7ECPOviJ2X5nX3FdmNTeKcI4765E1

1: CLIENT -> SERVER: b0zItAxhW7xo2/wYaAKJv0Z8Pkki4h0+qjRKSftwpYTIkDYgwfjyefjbB25POYW5dinO3GnIMbhP

1: CLIENT -> SERVER: Mgxx3OiQmbh2rIGy+GxxrLiqMcOE4PjI2Emcv5ehyrL9RPuo56f5oF4g5XmRSlklaoLIakcK2tAl

1: CLIENT -> SERVER: /Pg45uPKzWaWuZU2jVl4BpKaGy5GrjYvNh9bmF16AkUuSsGGYexpeM4Uf53+fT/3PaKU2U7KuWDA

1: CLIENT -> SERVER: YvtM6WsYRpV/+B0/vGO2EqTi5V/9xs+Kst7Owtz58AcV//adW/er8L0Kn403/MTL5e99/ntkO8J/

1: CLIENT -> SERVER: I3F1xlv/6V+SH9fYv032BpybvO/G+vzQ3/on22oFvrE72Yk/JKEWc6dQFHkxfuX81EdbF4vPHhg4

1: CLIENT -> SERVER: 0G4kDVekzmVtCK7Ui4qOktpPKkUhDIMDwpUBTEB/gJ6uAGOjbHQoeWvkHnXwd0tkVVTJelXxFosR

1: CLIENT -> SERVER: hRkhUk4cuzzBVJdtzxBICyjV7pE3ZsEngmjqq3nlGhgabhp5LFKvSK3geTk03jiR6oojVXizHgro

1: CLIENT -> SERVER: VCfCM5JyTEoaNygppIl2LMe5W4Tw2uQVHaGf2wHKloD0QxaYrhKmQgMaBFUsod4VSAttoHFNjAi+

1: CLIENT -> SERVER: nmo78CxBdGvAMF7SYnyxLzRGcFvE0Eee8VUK8jWQn1sjihEwiGYvQVO7BWGMD3JjUKg0mCuRVNSI

1: CLIENT -> SERVER: owYRmkm4FkpT9JJK61g4hfiGh/ZrKrQEY8wVR1yxo4MZuYhzDuMn91lWY6EQjNkw5s9XtRP3qixx

1: CLIENT -> SERVER: B/ME46yjwnOvaFxlZbrBHtcCySyUeNYVxkB7e5M9LpNqCaUEgxYNWWgTGstEHt9p9EuyQWjcXELf

1: CLIENT -> SERVER: ZiCXk9ydrGVyHtaxOHOXEbci71s8H7jWM8wd9JWGLI4Lt4HNMAFy5OPdijj3ECd3keWHNkhlq1gj

1: CLIENT -> SERVER: aHOsMXasw9cjXUbXeRvlmUazaJyUoUJEG+1uZrj65YnDSX/eWOh7bvLU1Q9laXZBCjEMw/DwF6dU

1: CLIENT -> SERVER: yrzke/eJwvVOGbW4YiEoicyAZRjGToRGeL7H+C59/T94tazY2KozGIw7A+/ndl/NvFPh3/v89wif

1: CLIENT -> SERVER: Ha6EoSH4Tiou+e8S/puIzzP/jcQtxmwF1t6D992eecO4s+zEH5L0XE14Gxge2Tf811/02rt+aGZ0

1: CLIENT -> SERVER: /i9eWZmqt4vMRYPODfbFbjBJxNAQtSOXUmFKrST3sBJlpWos+Ut71WUG7SW/RK0q3r0ATQKkXN2x

1: CLIENT -> SERVER: ScSAI+goFvjSFQ0BrUcU1xWoOK4ieZkGIklXxQdW5yNrlS23OqJRgSFUoucuppIdPhpfaCqgj2dA

1: CLIENT -> SERVER: ZQikECanYYH9oA2C1TGdrFailptabERqOzoVsx5ZnQM3dd1sgJbVScWrZOPVR+rwhRQACZhGQ3yj

1: CLIENT -> SERVER: QCdM4X1kXRqjSJHqxJUFMY4GEgkQOmmq34BKe/loDnl8kD20QFbSVMJYv8QhA+0R7E9oj4wNxRdO

1: CLIENT -> SERVER: g4C2RYNFfBzRsayiqRge6g95WG+ZvJx715ax2i95K3USpqmmE5uKr1vAJUbndKUW0nrhXea95pxh

1: CLIENT -> SERVER: n2mU4rsnyRPExWL0WMYsWOEpbFEmZ6G9Nmu478jq7i1pzb0UFQ2gIDlvDZNM2gA/28f5SEOY3jXE

1: CLIENT -> SERVER: 41sMeZV2KqsDWIB3El8mM/I5KCI1jMkU5r3As6AWTlx9uhLWjzwp7tsS4q+gD5eQ8fkodQ8nqXsc

1: CLIENT -> SERVER: 79WzmAxzLnGtmKsYneOWr400wxjwWUOdSK/CMdJ6a3iIuLIvRkc5pil6lnFs8Yfjybbw7jJIA3nt

1: CLIENT -> SERVER: BVq2onUHH28528OtDuXvBx9YYLj4TNNY2cLfM8utzDWXkSt1biBuuBf33TO59Fzr/7lw/PKvFEVx

1: CLIENT -> SERVER: Fbl61trtzmbOyOK+6P/i+/6l93Vz8vyJm9pq4MLkeXd2/LT3dfOaB17rRobWbxoPYj1y4C7vU3b6

1: CLIENT -> SERVER: YbOb4R0/+h730he9zPuuZXF5UQ5/vhEPHf2Md3UO+14PHgI+NDDkfd3shXvBZ+Ctb/p2GYdXf/lr

1: CLIENT -> SERVER: tuTA66ePH3Vfev4x9+knP7HrDrzeKNttrv/b3/k3G7o3a/XjZts+vzgnh0Wv5kb94MHy643dRvth

1: CLIENT -> SERVER: bD+4hVGV682rZ0497WYXp8W93vxZ6+/bGxH+HRDm6rGLz5uCex1u5X4F1nsHkBu9B8ha7wLes16d

1: CLIENT -> SERVER: dfL6F3+je9s/+TXv63Cz77i14Dv7s8990rbRXQP+e+QbX/st7qtf8TXugfse2LLty7i94akLJ9yx

1: CLIENT -> SERVER: sy/Yv0tukvX+v3Qzz8Jm/p9Ebuf/lcK5jOHfShNXx93lqcviDlTfW296zZvluhavffnrvKvDTv43

1: CLIENT -> SERVER: ylr/3ltrfNai+nf0WtzM+77KWmN7q1T/n//Bhz6wq+7Lzegwqv9/WM3NPJdr3YNePpfv/ukPr/lv

1: CLIENT -> SERVER: tiePceOhW4fvoY8//pGe/hsunJHlNXY7iyiKDo8dGvnOu7/m4I/MDE9/5eTibI0rT/oazg3UEtdw

1: CLIENT -> SERVER: sYuzyOWiKM1dZzmIdjcSjbu4xK8XGmCCWnP3Q1Ux6ahyN8d2MWStDhcldKzrWKhjFkMWfJwSNMaw

1: CLIENT -> SERVER: Fn54FlHVkCXqfsRLeUjLLSpFvY7yuE0aI7iqhAWHsSS6LZ8asiiyLRyu17QLwiCWRyW5FtEph+On

1: CLIENT -> SERVER: NRKZvOK6lvUNWdoVlEGjAVJJuC+mrLLyTTsTE/Be0snawzhJWVIFQhHG/Fq+ptVx1v4rNFTIpQMt

1: CLIENT -> SERVER: HewYCFFyr6UElllNTDRVp65OHu2Np5x72q4qq/063t7jkbGopOsYsvwVf1YbshRvyPIB3JKS6Th7

1: CLIENT -> SERVER: MlRCAzulhXT9mCuvzmvur6QN99as7r4C6YZQLoekzn7TWurrFAOLGJ141yRE+s95u7o/IU8HFFgN

1: CLIENT -> SERVER: Kt0oM2GZnNnsDyKkXn9lTeyH3DSljQA5Cw4TYwYTYcJl7mSSyzlrD0GOoTELLBf9raHcfuTpoy9D

1: CLIENT -> SERVER: Wei3PDNsDiaQPlc6n2pcsYVq+H5gX/lEloYsNhjlslQZbk6snsG+hf5p3cEnK+DQNhqzVhuy+HdL

1: CLIENT -> SERVER: ipatpDRkoYVtGuzq7t7+gyt9E8MfPf34+V9ZWVr5hGbaO2zGkGUYRjf8T/w3vPKb3f13vcTdd/hF

1: CLIENT -> SERVER: 1zUarCb8hzb8J9+UdYZhGIZhbBSey0OCweB6P8hYTdXIEhTptgrcMAzD6AU72pBF4iR++b1fceRH

1: CLIENT -> SERVER: Rl/b/z0XmpfvmV1acUniXKMWub44cvUodhGEWncxrVArKspU6knZ7SBBtVlVcu5+qComHVXu5rgZ

1: CLIENT -> SERVER: Q5aEdwL0DqyqnvEhzbVK+w5rxTHf6vBgyBLE8KSGLKZTnT3byFFQZbrYIQAvbIakQTZV9lP5DS8C

1: CLIENT -> SERVER: Ox8JliuTSDx8zEIJY8D6JC2QtBSfj5F0S0EeKQsfDQmtWZtQXiCkprAMGi1KQ1Yp4c7Tp99lLXBQ

1: CLIENT -> SERVER: yc8P+0+RcYVIm7yf6ZmDUczIse7YHdT4IpGSAIilTANCMOvxtaLMkLCKr8/7iNxT7xbKuccyvMOz

1: CLIENT -> SERVER: 2i9jXi0MhP6oR+9bhzBunDXdsOeygoj5JYCjHLs0SlwbYWmRwc9Txwr3sjR2b81q7q9nDVmJdQCh

1: CLIENT -> SERVER: NPyIwZQFVA1ZHDmWJfdAQyjSTvGvjeb25RHNBhiSeEOWlqDPACKDIYsiE0AyILZwC0jK89SuInwK

1: CLIENT -> SERVER: 4ZfRl6eSzD3cSN2TCcJlMHm6XIy+UGigQj8gYetANlgMnDIZUAWiUYTOK60Q/WS7WKfWG1zS1NU3

1: CLIENT -> SERVER: a1OEsonWHXysRQ1ZdMMnATrXuJquhfuz1Cxcu4W7k0Tu0NCYO7h48Oj4o1Nvn56Y/YOiKGakoD2E

1: CLIENT -> SERVER: GbIMwzAMwzAMwzAMwzCMrSYYsrx6ceeRZ/mFqxdmPx5N158f6x/O+Av/rOVcq1W4Vqpn51Azqeeb

1: CLIENT -> SERVER: 0KjlVEcLobKUq2BKkc/eIuJgSP9VVxxko8jqCxF6VA+8ujiWH4wdQaROKuyr4nNe755U2xyEXarC

1: CLIENT -> SERVER: MBZFhb0KvVRe00gA4UotzI9chJEhnfaDxckKKzwlVMaHuRJWJElLZWKp0J1A9GwpCBqgZ2l1rlVp

1: CLIENT -> SERVER: QGQrNrSnHxX0Iz2lj8I4ccf+6taV/ooM+CvDeYYV8zYovj6tm2cZqdQQR0kgYuCl4MbIWHIQCIOp

1: CLIENT -> SERVER: 1A+KfVwzjBkNf9V7KUklHwXj7MsMHxZHc42aODRh171BeV2Cj5SDq2yz54V+JCiFVYuwyFtA6vR5

1: CLIENT -> SERVER: 2G0RhlNC2xno62N1dHbSchWPjh+F8yLPC9fOuA0dBIXznLIRjPcri8R9bVZzL8VADqCYgJYpnffC

1: CLIENT -> SERVER: d5XWpcYmvMNQlhpY1oZt4fhruzCyFZGyURLL5P0QOxOCxNiKODnbS9KxJH7h5oIUwu0EpxE3HmXu

1: CLIENT -> SERVER: It6op3F9AXIO7kVJxbPidO5yvnGLRBae84N8bA87QiMgV8HKWHICAFkNRcE8knZrKNKyz2x2GPse

1: CLIENT -> SERVER: wraIoC38+DpYH9tdfth2Pu8y59kf3Efc0wx/t3Bg+uKaG+0fai+eX3pk7ur8Q3vRiGUYhmEYhmEY

1: CLIENT -> SERVER: hmEYhmEYtxPVWu5MlpfnVx6dOj73sdF0/9n9g6OikMxS55ppIQfy05jVUdIqdIreMkiXw9gyOPBr

1: CLIENT -> SERVER: 6aURFoU4uiVwfTQZE66S6yCGkjwoyDnlIcjTMY7g9ksRSMC0firItKCIYpsuNcOU2njAbIwSQVlU

1: CLIENT -> SERVER: kSdeaLzi2UZcdaNulbUMWjRmdQkaVBq0kP+mBe1YLQ2Ey/lNUSwrFWloo8Gt2lYK/aLiRx4x1lEw

1: CLIENT -> SERVER: AvCKwCPjpNsndoRhZZoqawZoILKIlEGdqA7iV4MH10UF8TmF4OuE9A4pVwxL+ppcq4kcsQSDEEEK

1: CLIENT -> SERVER: CHfV43aCKd4+khqF3IsB+ot54r4Gc28U8Xo//Iq1slQx4fhQjdEQKeI6hPxBggt55UaKOUy2WeW0

1: CLIENT -> SERVER: lSCfokswxqGyNtyzSMjVWJO4nsP12Th1T8aZOwGZQJoWyqPxUw2t3B4R85zPGMri86JzRAvkGHHL

1: CLIENT -> SERVER: RY4RDUehVs4dNKkCQyuwzT1H28SyS2OZNIgjRgMchMYrCP/+yPLctXBT2/g7Jad1Dw0e6R8uBqaH

1: CLIENT -> SERVER: npi5sPBg2s5OsFTDMAzDMAzDMAzDMAzDMLYO1ZjuTAowPnn2yvunj86/f19x4NLYwCA6FJXGLCog

1: CLIENT -> SERVER: 1ZjlVE+r+kvAr6oYt4sbjfoqVfY1hPhqOeuVdS2asppedNgVKePWKpRhkJCWhGswP4RsvIYwGrJu

1: CLIENT -> SERVER: VtbMg8K6ZHU8hAYzFW4id218KDcIYRurdKVBx3hlmiDVft8Mq8tnXi2rWmqQW2NjuTbP6v7zfcNv

1: CLIENT -> SERVER: binYhqsZcRVWhsZlYkg6WMTuTXnNfSNXY2U0UNK4WLg6SoqZTgxeHhpZS8OKBm20k8wmRfj82kqu

1: CLIENT -> SERVER: 7OIKL7SNgrrFyKtJxLC0BJlEM85BTmHivBDn7okkc4/UUrmeSwo9FwttTXL0B5nqOeZYThMca6ya

1: CLIENT -> SERVER: prRWSvh07n2nm6GrWw4qulF9NFjn6HOGD7eGbKW5rPJtNxGJro0NDbnD8aHLV5+f++DCzOJnEaqL

1: CLIENT -> SERVER: 0wzDMAzDMAzDMAzDMAzD2DKoZdzJFFmaPT1+4sp/Xz7eev+R2pHJkf5+FxXOpalz7bxwGc9qYYDq

1: CLIENT -> SERVER: U0FQrqoy1bh9dNTaa98BKpi7V2hsL2hnYMPDFnvXU4ivT+jl2rk3VmaA5a49giw31Lx+7QrvS5DA

1: CLIENT -> SERVER: rbdLa9KN2VSUcPercuvIeUZeNtC4TRGqY8s5RtymkquYmghoo0EFGxXlbj/ivjlL3F9J6+4Vec01

1: CLIENT -> SERVER: MIFobGyghEQ279MlPp3mV0f8ejDHjTqtd1BTyZosL5mLCwiNWLmub+MXjTcLkHHI6bhwz6OhX0oK

1: CLIENT -> SERVER: 93Atd19IMne0VrhzCJvjdpzIrUYs9IfnXclqR9lQsOwNDVZVoxW/acbqmLQ2dt+3FD8dtR+Za2eQ

1: CLIENT -> SERVER: NHdpCyOIfg406u5Q7cDU8vH2RybPTn0wz/KzmtEwDMMwDMMwDMMwDMMwjK1kG2oTb520nT4+eerK

1: CLIENT -> SERVER: 7+eX3J8f6t+3NNDHDdycbPOVFaoqDurVoFiVAA2shhpbBcaa9sQqYczDrahGb/SeyIIWL+vi2xKk

1: CLIENT -> SERVER: q/Ky4k6EfkedcvnUBLdHsneyKD5eglBRKdd8OEdVqkXcmuhHywnX4O6ugxLyVVntFxBYTcsuVbq9

1: CLIENT -> SERVER: Dp0t5qqihBJuUNKajVEkF+JZZJDrpb9l1igrVLG6qgIerqnikYNp6CdkAKlegYH+X9PEvR4yjFbT

1: CLIENT -> SERVER: 2EVDlq5cQq4i47JSlbLUzpgwJEgJKwwSYnAJ4yAiZahICgZKKymrZgDi0rhwc0nhJuC+gLBTuD6D

1: CLIENT -> SERVER: sEfj3H0xyd0LiXNXxFDH8mKX4MNtL/tRTM2vxPKlQbRebYMP61Qlj46uy+r0M+SUoCBbha/qmnro

1: CLIENT -> SERVER: 9s81hX9vpBiulMvs0M/+JHaHh/enxWTyyMXnL/1uq9k+ihgOqGEYhmEYhmEYhmEYhmEYW8yuMGSB

1: CLIENT -> SERVER: orXSPnr19MxHB1qDZ/c3BvNGgsDcuYyH9HOLQXgyalSjSLcZpDMICqDsKar9r8hmCcYeFRYYRC9y

1: CLIENT -> SERVER: Ls2qj4/yqdRVjbuGdYK761ZhE9QIpUp9CoK7+lwV5pEEVYMBRI0NHRPAWog5QtKLp0woThReRLlc

1: CLIENT -> SERVER: ZTUX/fygwpC0Yl4QYUM0TUd8sEgnbfjAHcpeS8r0XiRtVRBKCcAp3dEvESTzxgg1Vkmi1SL1wbVK

1: CLIENT -> SERVER: JPO6sH34sJ4cwqsvi4TsIr4dAUmiya7hmjaA1d28BqZjAu6v6BNKs8TlgZ9hPAuqjTQt3NsMV6bm

1: CLIENT -> SERVER: eVFfhpv8+qzmXpHFbgwVyxaEKE/OrUJJvrf6QTy36mPFvok+RqrparvAioOIvyMsPjxjnVHSebd6

1: CLIENT -> SERVER: Hrg4cmieW0C7riD8speziH0B/TmO8IsoYgHPDjciZHn8iQDPbetH9jreqQnK9rMUH6KN7Zw/hVCu

1: CLIENT -> SERVER: ivV91j6yXZpOW4KRRX2+8TrB/POqXz2E5YWxQ11RnLuY9wXCsQkrLfOMf3fAjWZxO8+R/iE3lA5f

1: CLIENT -> SERVER: nDs79+mVxeYXkGSZxRmGYRiGYRiGYRiGYRiGsfXsFkOWK4piem564eHFM60H9w8emu+v1/WsrBXn

1: CLIENT -> SERVER: lpuFW2nlYtSiAlOU8JETdaoMAJWX9BgbRnTWHFPVD4tUw4OoIrkjQafML25PJppjCQBMXwIPbxpX

1: CLIENT -> SERVER: haBwVcjjg7SlgQeomtx/UKG0JVTmG6b5EeIFCUrR9CpVItYt5VXK9RKKV6mmqZaipdIYoEa10Cp8

1: CLIENT -> SERVER: s/3svw8V8Y2o1qN1aVoR5hUJaBu1UwFfUAj3Im0TQTTrlvo98nCgFb6doRptQ+Ri5pd0vohVotCD

1: CLIENT -> SERVER: SykaKQYNFBTEF6pCJA0LgaB+jrs0R0NE+BXqCiLJu4vR8OvQyc/MQejXtgVzk44Py9ZxE7ePoxGr

1: CLIENT -> SERVER: GVOcGEFYxP4idn8hq7m3tBP3ALffkzLVIMJ88IntJkeGAvFSZlm3Cv74OlXYBrZIjT4MZAIIvsKH

1: CLIENT -> SERVER: br7dpAomg8S8+hgR1BNxe0DIMpJeTXJ3CeWdh3A11mlkPI6MJ+G/hLTzUexy36iI52LhyjOxKPqX

1: CLIENT -> SERVER: h7ZLTFWoV6YlatJNBLVV2iCJELp80lkvHuleCOoEbx6pGF8y19UAp2MSRBOl6Eiz7Vwbf3dkuMbo

1: CLIENT -> SERVER: 99jQiIumk6PzU4sPIdEcBCNgGIZhGIZhGIZhGIZhGMbtQHWRu4MibacnLp2Y/KPsvPvE4f67l/rj

1: CLIENT -> SERVER: migi06ZzLSomMz37xKt7tfNeWUp9qnGbCJrsIN2eG1JNvTqXv52llFQCvV6+lGrCivNaJAPSBPHB

1: CLIENT -> SERVER: NwdTh1lHd8gdWk+leicmxF5DtbNrslZu+H1nO59rKcPoCFJxUmLUL1KJCOMYRCkdHvWz+Woi8it0

1: CLIENT -> SERVER: JLi7U5qmE8ok1ZEjXXVKY3pNtQVKaINuDag9aEGamAwh5T405o1Zzf2/2g33Ne26O5DpuVhc8ROz

1: CLIENT -> SERVER: 8b4Dere5vimB+A5IPEqiBK+I1qe2E8b7iNLRaVkVSVICX4SSkKSVODcHGYechryQ5O7pKHOPQx6F

1: CLIENT -> SERVER: PB1n7hzSzUFYI2dLMGA1MjViIZsUKeMPZ3URXfWG0BXaEa4hmcDAihGri3WCN4tUiQbQmBVHXvz9

1: CLIENT -> SERVER: oVG87Y1YRQt3KIrdwZF9bmhl5PjEiamPtJabj2sphmEYhmEYhmEYhmEYhmHcLjoax93B4sriyhfO

1: CLIENT -> SERVER: Pnn5d+KJ+kMH+va1Bus1l1BRmjuX5QVEj/IPv8g3jFtmh0+bjdgHNmZT4OslyFrQTEK5lusNMeNC

1: CLIENT -> SERVER: Tq6C6hWhKNkGkJWs0QimoTAqQwtSCK98l+xDGFdivbXdcG9u192hjGdJBcMPvmK8eZLC5bIiigas

1: CLIENT -> SERVER: ihGr7NU6FQfK/oaWBKrua6HBqY2q5iGTkPOQk5DnEP4k2vVInLmHkrZ7NMlkRdZVtKWNfEgihrgG

1: CLIENT -> SERVER: pA/N47aJFKkNX3mire5wbTuqIaGXkoeFU+4kvg0cHxomw7lYBSSJYre/bzgfScfOXHlm9v3T47Mf

1: CLIENT -> SERVER: LQo3oxkNwzAMwzAMwzAMwzAMw7hd3Gk14lawsDi79NHxZyb/YHRl/zP3jBzJhho81cXJuSdpSmVl

1: CLIENT -> SERVER: 7gpuYeeVxtdRGxu3mWvV4B5GrBt5m9DpImyH5nQTWrR2q8qYMNnhCWESThhXeroJUV3p1yWkqOao

1: CLIENT -> SERVER: 5qq6Q4OUbp+yOrWkqRQp/rUy3iIsTrbDQ1nlwqiy3M46NgbhVeJScatZZhiu1+ax+ytpzb05q7n7

1: CLIENT -> SERVER: Cm4pWIgRKOa7JqeZJJNztDLZHjNBkdXXb6isq9JrkX7jS1YxVWU1fK+xRp7h5dwK6p2G8Myr05CT

1: CLIENT -> SERVER: kGOIexpt/xIlzt2zUe7OQpiu7bfgY/v7IP1FJMYsrsQKtdGIyN6zDhqCJEYdJaEnDO3qGeroTkpP

1: CLIENT -> SERVER: Nf91xmCD6LCtroPt0NV17UxXY+UQphgbHCgOJvsnFk4sfWTi1JX3ZGn2gmQzDMMwDMMwDMMwDMMw

1: CLIENT -> SERVER: DOO2shsNWWRhfmrxY7PH5j8w2B4+NzowXHCLKB7eL1sM0phFxXJUUMvsVGNt3A5UddyRbUPQbZPb

1: CLIENT -> SERVER: 1jBWWq14NWs35E6PXah/S9oRhuQW7kcv2xAXhUiCQuW1UHCtlTaIVwo3J6URS41Zhau73L04d+7N

1: CLIENT -> SERVER: WeL+EuR+nnuFOJ6JlUS6+rMoUpcVXLulhixZlYV4bbtUBFGjWMcfYGl+6ZAIzUm8hgI0X2hpNXkb

1: CLIENT -> SERVER: 77cFdGQKMgH3pTh356PMnUa7TuJ6DNdjuJ5H/jnkT/07McG1Dn8dxdRRYM2XzWLZ7swLjVmlXeim

1: CLIENT -> SERVER: CH0LUuE6Ub2DjVUJLtbF4xNpxGq14MaV55rtGxhsRXO1J6fOzv5pu5U+i5S85YZhGIZhGIZhGIZh

1: CLIENT -> SERVER: GIZh3Gaol9yNFHmen508P/U/l842Pz6UDV0dSOouT1VRSWNWWqgSNixuELUmldYIpw5VlMwVWQ9R

1: CLIENT -> SERVER: bqMAFf11P0MlBvm4AiDIbobdlq7fiJCwKhpREYwebgSlA9xyczCuPpsIYqojG/KJ8OMju/KsEn+7

1: CLIENT -> SERVER: BHXy0420RTLAA5F5oVHdIE2YBzoXlNAmfFWLWb/tTMuwUFdFrosU3qm3JIRDwqcTxnhfPrxl/RAa

1: CLIENT -> SERVER: RwJ0lX2Du8y+SkrWiJSqxIlnouxQEH5rnVqvtqP60bhQBty+nfphDi2zLJt/WK/UrcLMWq18VcrK

1: CLIENT -> SERVER: ZfVUlEPEH3JIIZIWKVxWxHh/RLL1Hk1Ih/EieWMeu29Ma+4rssiN+qL1kWeraL4KLWQpvg2xCt2S

1: CLIENT -> SERVER: zvdF+xMMWgRtlE8NUZQYglIYHQ6n4qqvsMpUmhq5DLIM9zRkAjKOuAtR7k6h7JNR6l6I2u4UrpPI

1: CLIENT -> SERVER: 30K2GOnrSNcH6fdXGrKC8YqSo60UmdvllfVRMFIU1CN99CLf+KIr5PPJfUQQ+BkUhGEdH8Q3oiqe

1: CLIENT -> SERVER: MJ86wjDUwzLgYdLQMpZTpvM3KvN/N2QQWikb9YYbzseuzJyd/+TKQvMRhM6xHsMwDMMwDMMwDMMw

1: CLIENT -> SERVER: DMMwbj+71ZBFsnar/dTFFybenZ2PHzw4cHhhsFZzUe5cCmlnkCJ3WSHqVSeKVELFpig7NwrL8WUZ

1: CLIENT -> SERVER: t8gNxj4M7RYO8RYWvQ2oDt6t95SpaSrx5pIecHPP2g1bi4hr4tdMHFJBVlfL4IodiPYlNZRELqeh

1: CLIENT -> SERVER: Q1Y3QZBAtxTUl+dBxH9dnri/ltbd16SJG6SRCeGdLfj4dtFz+Vh8WW/UMQjJ1Qd3Uw1lbRAxYqkh

1: CLIENT -> SERVER: S6NRKt5j3CqV9RQx3mmofBlJr0LGuQoLSS8g5Um8/J6OMvelOHNPRql73mUIz90icoY2cxPWfly5

1: CLIENT -> SERVER: jeDqrQTpyFFmjjIppRHLN02FpqIwQ6rtX4OQZN2k1428STr51cUGd4R2wDQr9McNvLFoetJI3OGh

1: CLIENT -> SERVER: Q8vNy/lDU5dmHiyKYhwxhmEYhmEYhmEYhmEYhmHcIah63M20lxeWH7rw3MT/iC/3feruoSNLw31c

1: CLIENT -> SERVER: Y+BcKy1cs5W7Zpq5jGdmUc2J0ejYsaq/7Kc/oOrQjmjyqhibZY1R7LoHxnbgTtySW62z85TeBHj4

1: CLIENT -> SERVER: xdAhZ1dFeB0gp/5xKYKbkJU4d+0odw3E31ck7hvzmvv2rOG+Ia27I/DLii1IgniWpvXjEwzleKcU

1: CLIENT -> SERVER: LNmXS5NPVXwqyc0/+gKSgJLg5eonOrIoc604c0tJ7mYhE0nmzsJ/AnIcbaUB6xja/QS69Vhc4Jq7

1: CLIENT -> SERVER: 51DbRZQxC2G/2D/2n6uyuK2ibF5YcGUahdUwgcI2BiGS1QsR+9/toFJxtU2hXQLjK4GSXAxuuk8g

1: CLIENT -> SERVER: /x5YbqkhC111ST12+wdHs9rV+qMXn594X6vZOopkvDXGKqKa2DwNwzAMwzAMwzAMwzAMY8uhSm+3

1: CLIENT -> SERVER: s7A0t/Spi0cn/nvf9NDDB0f2F31cYZE612xCWoX8Ip/a2jiIK9R4VZUurg1Ufap+gk/FMIw7Sedp

1: CLIENT -> SERVER: Dc8kz7DSZ5MGJTEi4U1IKeLIcZtQGnUkpVicCpehBBqwWngxcAXVwYIrsWruO9KG+1/SujuEzFzQ

1: CLIENT -> SERVER: w/ITMYBr+aFOmsWiUEmOOnDlyioavmg8CxLSs34VetEG1M3r6q37uCqqhTTzceEmk9ydi1J3HC15

1: CLIENT -> SERVER: JspEnke+58SIlbunkOYY0k4i5yxKWIbwvC9Wwi32aMTqVKtmNakrWN3WQHN3pLdw3MKHvtAI7XvZ

1: CLIENT -> SERVER: KERiKMWAdm0z/bgiQsqQsdR7yPPN2nj3N1vOpRDOirHhwWJfbXT86onZDy7MLH4cWRakGOMaooYs

1: CLIENT -> SERVER: 2jMMwzAMwzAMwzAMwzCMLYe6vb1ABI4cetHBv3vP1xz8x5PRpZddmZtz7dy5uM+5/gFIPXKNKBZl

1: CLIENT -> SERVER: Zi5bdzmRgChJqQQVVWknIkLa7vOvuPrCOw3DuGOUtiSPt2HwbQChAavyrDIthCupYr4XEEHbUYZC

1: CLIENT -> SERVER: mrFzyzWHK9dW5a6Rxe7rs8T93bTuvjVN3H00SiFfirdHPdcVTSxdCpBaMq0L75c8qsl7pPqO8FVL

1: CLIENT -> SERVER: nVoS/L6NHeBhh1ikeOmgESt3M5ApyHSSuStIMh5H7jJKosFqGmXO4DqB8iYTPeip5VvENhGuvpIV

1: CLIENT -> SERVER: WEiDbvpqKw28Dmxnudqs5wQTVgfeAR0EXhEn4+RNXGyHbwpzSU7GM7iSXJPk8gOGlVbmVpYRljk3

1: CLIENT -> SERVER: OFhz9+87spKd6fvQmUfP/0prpf05SWisyb631C7UD0T3pikejZZr+mDDMAzDMAzDMAzDMAzD2Bw0

1: CLIENT -> SERVER: ucSuL3Munf5Ae4hBouvbKyS15FX3vvyufzD66sH/fbw5fvjq4oL8Mr8x4Fxfw7mBJHK1KCkNWarx

1: CLIENT -> SERVER: VCWpGrJUMV3lWkMW0m2ZYtcwjJuly5CFR1IMWXT759VvKKowSMIjb/AqXIw3ZY5rG8HNmnPLtFDB

1: CLIENT -> SERVER: /0CWuL/dqru/l9bda3LdRLDNtyuimYRXeU9IQahFzq/Ce8SXX62XbVRzDepD2dpGXGOJKGF6ea3w

1: CLIENT -> SERVER: UCf4srgQy8F87NwV1DEZZW4C14vwn4OcR9xlyDQKWYQsoyyu3OIKrGAMQjKpglca0Nj/skqpzOMD

1: CLIENT -> SERVER: y7gqyHM7DFmdGqrvYMRxTNkGeivtYC5ZFUcHgyHhTC/2n2cjcjXW8lLuMgxkLYndfYcPFQdWDj55

1: CLIENT -> SERVER: +qGLvzY9MftHSEYboGEYhmEYhmEYhmEYhmEYdxj+EH/PUOTF9MpCc2Ggf/DQ2KGhe9txe6DZbola

1: CLIENT -> SERVER: VHSekG79MV3eJ06vEa0gqlZmNAxjW7H6sSyfZh/OJzmESVp85fDlcHMlVgp/imc+g3BHwBSxdyH8

1: CLIENT -> SERVER: L2c19zfThnt1nrg+xzOx+BaIXU2uAW80QV5uV8iyudpTtukDugLKi+TmVdsiIdwrj43CH76f2hCu

1: CLIENT -> SERVER: pGoWuVtCyCzKnYwLdxFyIVYD1nnIKcgJyBm08xIyX0EF8yijyX74dxfrYL3lSiwftu57zAevGbte

1: CLIENT -> SERVER: np4grVKnEN694Yo4GaNr26A5Gad+QQK5Ei137bxwK22MCQcWxe0fHnWH0wMnJ5+Ze8/Uhen/ib8r

1: CLIENT -> SERVER: LkkewzAMwzAMwzAMwzAMwzDuOHvKkAXyLM2mm3OtpYGBoQMjBxr3tl2rr5WmLs+dnLMSU1QF6lRB

1: CLIENT -> SERVER: qm4auq41ZDEupJYcmsY7DcO4nXQMHPLB8ysb9fHhhZRPqTzHSpcRJ5J1SWI44nlXXInFlU/y7CPm

1: CLIENT -> SERVER: MCK+JeO5WHX3F2nE4spNX2qt0NVU0gYJYj6exSTRIvpqoKkMV/ohrF/awDhpIz76shGhMW0FriWU

1: CLIENT -> SERVER: Ow+ZjXJZgXUJchZtOxPn7jTkVFLgGomcx2t9CqUuoT8t5OcKMPYpwJJj5GVdNGixHfrVQWtX0a9w

1: CLIENT -> SERVER: qcZANHBL0LGtwhBtt35QfZmkk1bCS5dHArkWS1djtXCDW96INdAYcIfjg+OLJ5p/PH5y8nfxd8Qx

1: CLIENT -> SERVER: xFSHzDAMwzAMwzAMwzAMwzCMO8heM2SRVtpOLzdnm/Oj+/bdO3S478sWVxbilFt2Rc7FGJEk9kpS

1: CLIENT -> SERVER: /01K3bL3ByRNiPQX0UqLwzCM2wWfOn6pkSN8Qhig1UOeTUkpgWLI8R/GMyajwKtGqELOjRqEvDmr

1: CLIENT -> SERVER: ue9uN9yb05ob80anGNealK9llt9RLq8FGsflKsE56itQDYV5AohlAnmPqHGMXm4FuITrXFy4aeS5

1: CLIENT -> SERVER: ijKn4tyN43oB5Z6BnIL/WcQ/J0atCHGxm8NrfQVXGsHYD8JSKbIKC2EJ0rPvPBeLSXwyIC2t+D0I

1: CLIENT -> SERVER: UGOfuoNs9Taq1dLViAWRceoWhuu9VFEQygLKQHgwjhne9e0U9xfeOgbj8MjBVnQh+cT4CxPvaq+0

1: CLIENT -> SERVER: v4CEtGMahmEYhmEYhmEYhmEYhrFN2IuGLLLSbqUX88U8239g3335QPu+dtYSBTYpV0h4g5boQrs1

1: CLIENT -> SERVER: zwLTSGCEHBVFqbpXJTYM47agJiZ8+MxWCc+op/NI8zuS55/LcHgNxqc65B7EvTFP3LelNfdNaeLu

1: CLIENT -> SERVER: KRLE6VrMGIn4vmBqXffEAFz5SpAXRGgNXczlqbSNqQpUmCEsGK/m4b4KN7cPvAy5BPfFKIcU7jz8

1: CLIENT -> SERVER: p2uFO4Hr8USv3FZwKkrcAl7pbQjXfbEGMVahBra4RkF+GrI0PLTsWq4JRcA143nb0HFl7Sodl4pe

1: CLIENT -> SERVER: dLwDlTjBbxFZ8Gws3GMUmWDMRgYG3YH5g49PPj31W4uzS3+GhDx6zDAMwzAMwzAMwzAMwzCMbcRe

1: CLIENT -> SERVER: NWSRZnOpda5YdsWhwwcecIPZoVbadCl/qZ975TJTxYUocKn0pfKZymgi24BR240/BRW8Ih2Fq0QY

1: CLIENT -> SERVER: hrF18BGDlAt0PHxK5XktA/WZDemqMfJEI5rGq5RXCFNzJVMDcQ8UsfumrOa+jdsJ4npvHuOlqSXg

1: CLIENT -> SERVER: 1SBGIs2BZx/Pf5Tg+U9wZT18XyA/V22p0YjpCE1fksC1caXlZCmO3DyCZ1DoVFS4CVwvoawLkLNR

1: CLIENT -> SERVER: 5s7JFoJOthM8i+sZhHNFFldmTSLvQpS4VlRDP7QmrvwSQUgwYiXw04glrZcrXQDNCi0rkUQq0g9m

1: CLIENT -> SERVER: AFu9Ams12gStU1ogTnRafR3YTnEwgeaiSLMhDG3jxd7GTeZqLAaP9Pe7u/rvnp47uvx7Vy5efTcS

1: CLIENT -> SERVER: XUWwYRiGYRiGYRiGYRiGYRjbjL1syCJLK4vNy0m7nhw4tO8lRV+2r9lsRVmmik8qbSMasmIqomOv

1: CLIENT -> SERVER: /IUfkRTBK0pLyrhqoGEYPWedR4wGGjXSrErgg6rxfFRpfg5GLK7Y4aeO6PvxzH9LXnN/I627r0tj

1: CLIENT -> SERVER: d3fOtwDTR2LM6pROI1aG9wSuYt2C8GUhxm7mgMhV3h5yRWq3jDSLkHlvxLqKF8cE5FKSu3O13J2F

1: CLIENT -> SERVER: nKYhC+XScBWMWBchl5kewrxtlME1V/xwG0RKjDbRiMUrT8lKIm5r2Gmx2qM6/usRjFh3AtasprkO

1: CLIENT -> SERVER: 4d51AW8nJMRriJ6Llbs0zeVsLN6ugXrD7e87uIhB/vil5yd+N22nRyWxYRiGYRiGYRiGYRiGYRjb

1: CLIENT -> SERVER: jr1uyKKxanZloTkzUBvcN3xw5L6s1h7OM6qGRQ8tuwbGMRxizPKBogT2MGFQ9DKcOuygJPbBhmFs

1: CLIENT -> SERVER: Aes8X2r4CJGVh5VBeFY7hhA1ZFFozOKVz7hsJ5jH7s15zb01rbuvb0dun6yqAshPg5C4AY0kshIz

1: CLIENT -> SERVER: 1lVYEgER8xHyFEXsMlxpuGohqok0KxBZfYUrZRayiJfGLI1YNFrVc3cqydzJhAYs584hLbcUvAyZ

1: CLIENT -> SERVER: QNop5kdlK5BcKqUJK0a7IxHZQhAtUCNWgXZp27r6zfdYhW5fN3fKkNVprdYvYw06/eiwXhPl3ha5

1: CLIENT -> SERVER: y7PCZRA4XSOp0YjVHpofePrSk1d+e3l++TNItiwZDMMwDMMwDMMwDMMwDMPYdux5QxbJ83ypudCa

1: CLIENT -> SERVER: Hx4YOjx6eOj+Is76cpe63OmpNzx7RfSk1FnzKqhLFKirtKjiU82xYRhbxCpbDB43GpjWeOgQpAui

1: CLIENT -> SERVER: GBchH65eymccwq33huC4G4nfAKER641Z7MZQkZSNa41XpCU0rMgnRhlx5JBUrjQupUjbypxr4Z2x

1: CLIENT -> SERVER: grRLCKPxahZpZftAuCchsqoqyt0iZBp18/yr43HuTiRcjeXcBYSNo12TEBq6FlDWMupoIR+3P+Sa

1: CLIENT -> SERVER: KxrWahC+zOuoT4xYRQ4/jVjcYjAY98LaJm/IolN8pXNN7qwhK9QtJrnS3Qn36fAVhAFhbuS4B3mO

1: CLIENT -> SERVER: +5PhTmNsOEb7hkbcvvTAqennFj4wPT7zQcRf0NSGYRiGYRiGYRiGYRiGYWxHzJCltNJ2emVlrjU3

1: CLIENT -> SERVER: OjA6vO/Q0L1p1OxvZy3ZiiqT5RqFaEfDCi3Rl0ZBoaqi52aJS5WqSKvKVfqZppsQfqN4wzCuB54T

1: CLIENT -> SERVER: //zRrUJDkzr1GeoYcRAgxiYaoQQE4VF1I3iuX1Yk7pvSmvu2rO7elCXuSB6JoShB2Yk82x4pqkA5

1: CLIENT -> SERVER: alBKEdCOE9dE2hW4F5GeMo9kM0jHw5euoACefTUO4flXl73/CuQyyjgeZe7ZOHfHk9xdwPUKGkXj

1: CLIENT -> SERVER: 1gLy0xjWRHt5lpfW7fuMax1SQ1gN7at5A1bMbVFx1aTou9/akIRvZNN48W8/pG3+FtGj91MbzYte

1: CLIENT -> SERVER: 9a5WO0NDJe8tt4lM8fJut3F//LlYA426OxAdmlw81n7f5ROTv52l2QkEy7AahmEYhmEYhmEYhmEY

1: CLIENT -> SERVER: hrE9MUNWh2a72b64PL1ydagxOLD/0NA9adQebDbbrs1f9VOLSsGIlQaqGA5REKuSnIpSImfR0BMC

1: CLIENT -> SERVER: Oo4ubmSkMiOWYdwENCDjsubTgkA+R8GMxUeYhiexTePDMK5Y6oO8CKnelNXcX+WZWLgeRLmM48Ou

1: CLIENT -> SERVER: Z2JxBReNVoVrR4VbxqO/gPgF5JuHzCLVDGQKbhquZkQKN420E3HmLshWgbk7UcvdcQhXXZ2JC3c2

1: CLIENT -> SERVER: yt0ppDuG6+k4d5MIm0O53Dqw7etkM2TFFaSBtDRe8c2TIIJbCdJ4lRSU3MVZIXEKEsTM2QlBUvxB

1: CLIENT -> SERVER: bxDFcrcr2jYxX4Huxgan3hVxQCJ5HeO2dYxYKe5XG2EoppEk7mD/kcX8TPInF54bf0e71X4MucyI

1: CLIENT -> SERVER: ZRiGYRiGYRiGYRiGYRjbHDNkddNqt9LzS1dXrg4kw4Nj+4fvLmrZUDtNo4zKXy4PEIVpLnphMTRR

1: CLIENT -> SERVER: a0rxiHJY0siXl7UxQ5ZhbJzOE6bPSffT4n24yDPpPTTxZAjgloJiyMIzze0C9yP2dVni/nJWc2+E

1: CLIENT -> SERVER: HOiyn+japhTeZeScw/M/G1P0jKvpgoar2E3hPXAF1wmknUT4FNJeRdpxyLkklTOvuNrq+VrmjuF6

1: CLIENT -> SERVER: KincGdR/AaVTeP7VHK5N1MO6WLNsZ4i21ODrx7XPi6zAQl4a2rRXasiKc4o0G1+Ikc7zNS8hwHds

1: CLIENT -> SERVER: h7xb2FoV3AXa4qS/HcSQpdZG6VOOMcnxSeVMLOdyDiQK6K/X3L7B/a2BK8MPXTg6/v+sLK58QmMM

1: CLIENT -> SERVER: wzAMwzAMwzAMwzAMw9jumCHrWtK0nY4vzzXnBpKhvrF9w/fk9XwoLfKIv/LPIFydJfphSR75Lc3E

1: CLIENT -> SERVER: qfph8QaHeNbEDFmG0Qv0Oak+LfJIetGLWkFo8uG2glzlxH3rYkgfwu9FhjdnNfeWtObuzWke8ZQO

1: CLIENT -> SERVER: 55aR9iqEWwHyyvOuuHJqBommIVNIw5VYU6jlCuIno9xdijN3BnK8lrlTSe7Ox7m7iKZMJCgD11mk

1: CLIENT -> SERVER: n8P7ZBFXGrDEYI5rtdUUvqhpzEI2cXfeP3qVdHwv0Zjlw2j8Kc8DE8KVQR33doXjoGMB0FyutmK7

1: CLIENT -> SERVER: MbQeMWOJIUu2E0S8GrHUkFVkSIG0fUnsRvv2t/c1Dzw3/vTV/zE3Nf9hZOaQG4ZhGIZhGIZhGIZh

1: CLIENT -> SERVER: GIaxAzBD1tqk7ZYYs2ZGhkYOjh0afEkzbzaa7ZZLM1U2U8PKnQV1RQQ/HjrE40NE6Vp1A5+mkmtN

1: CLIENT -> SERVER: zJBlGDeDPifhaaERKxiy/MVFPMwKgTR4qCGLK3do9CncAKJeivhvSWvu6yC1nBYTn9HD7ItR7qZ4

1: CLIENT -> SERVER: dhWvUeFmklzOv7qCMriaahxXkRiSFO6irMTK3Kk4c2eTVMK5imsRL40W2sJztaqGKyTXKvEljz6+

1: CLIENT -> SERVER: kFzCSmGcdxMaamhIpxFLoB+R2n9NqWdGBZiAf0IJm0Nr6EjPYaEcBAqovmvFLS9gCOLZ5yzPXSvL

1: CLIENT -> SERVER: XZbCDaHhb3RgyB2uH7k6/dzCH105N/XePM/PI3tnSAzDMAzDMAzDMAzDMAzD2NaYIWt9Wmkrvbwy

1: CLIENT -> SERVER: 31oeHRk9Uj9Yf0mzvRy30swVqSpNefRMHEeyqkOUq6JVpuKYTnxVVKV08pyWEma4gSrVDFmGcTNU

1: CLIENT -> SERVER: n5PCn5OkBg8RfEkKeTAjl8Endi2X4wVYuGHIA8j0tVniviKLHT+hyCU80zyzajzO3WUEX4D7QpzJ

1: CLIENT -> SERVER: yqpzUebOIp7nXJ1G+lO4Us4xjmmS1F1MMjee5G4W6ZZRnpx5hTbkuMaok2dvcevAOkS3EORWh3wx

1: CLIENT -> SERVER: 81yuig1Hms53jb42qq8ONlWaK19qdOOKM14FZOIYMF63R2VuBlRLuXW0SHx8MV2lhbp7gKzEwlXq

1: CLIENT -> SERVER: 8q6AvCPRP3ndQtp57trtQs7Fwm1wQ426OzBw12L7vHvw0vPjv9dutp9ANt250TAMwzAMwzAMwzAM

1: CLIENT -> SERVER: wzCMHYEZsq5Pu91sX16ZbS8dGBo90L9v4O7MtertNO0oiQUasnQ5herKvcKVabrSeRhGffJacRXM

1: CLIENT -> SERVER: kGUYN8Oq54TeSA1adPMx4pZ7fOYKPKBhVRbPyKpDhpDsLiS+K4vFiDTjtwQ8lmTusVrqPi/X3D2V

1: CLIENT -> SERVER: 5O7ZJHXPx7nEnUC6k6iH51ydiwt3HnIJcRNcsYXrNGQeYctoRxttYN1cY0XDTwJ3Q0SNWA20jy9j

1: CLIENT -> SERVER: CttQQ/sSthtukeAANFIhi75DeA3Aw8VkjON7iMIwyauhXhis182gxUvh17JO8K2jHdCR8/4q8LIn

1: CLIENT -> SERVER: GSTFdyulIQvBCByu193hocPt6FLtM+eeuPRfV5aan0cy21LQMAzDMAzDMAzDMAzDMHYYPVM37mai

1: CLIENT -> SERVER: KNo/vH/or9z36rv/TnF3+vWT6ZVDc8uLcmYWlc1J7FytBuHqLAQkMddTcGj98Bb4g7QUwQergnl9

1: CLIENT -> SERVER: giGrzGcYxrWIxaZDEecuj/G80ZgFP7eXi3leUh7jWUpcniSujWc1c7mr43t/kbuXZrF7RRa5u1EW

1: CLIENT -> SERVER: jUlLKJIGqfPIyG0DV5A+RWnMw+U8TZTZhrTwjNIvhpSCGxWqoUng8yvGNIbiXYELjVe8irEKL4K4

1: CLIENT -> SERVER: fEfw/YCkcIogr64a8/gI9kheBxB0MeQWOAw0ZFVh1dUgn1UNeyXVUm4ebRIbpeNcLXGDRXYhZco7

1: CLIENT -> SERVER: UAuj8U28lbazZo53G1duKdhuIQ73cbjecIf6R5u1qZEvXnxs/L8sTC/+IZJxUZxhGIZhGIZhGIZh

1: CLIENT -> SERVER: GIZhGDsMW5F1c6y0V9qXFq8uXxqsDfftOzzw4rZbGcyy1OW5E6FqVfTWEFG9VhSwnQs+CNePxycL

1: CLIENT -> SERVER: Rqsu1ggyDCPgH54SPIX0xkXHkAU/DcE03MhZUkjAZ03OjYLQyJMgjudlcfs/rqo6CTkOOUE/wqdQ

1: CLIENT -> SERVER: xizSLcC/hOsyqqFFZAX5aciiUUy2C2R90gbfjgil8yA9qYdbCOoqLF7ViOVhGyneLYIv8Ut5+ONF

1: CLIENT -> SERVER: PEjMvtArQd4V3i1MGD5roaFaeoe1014PqRV1saTVpW2guDXo9IMfDVFCfbxvGe5fG9JKcR/bzg3U

1: CLIENT -> SERVER: 6u7QwIF238zQE+cfHf8vi9NL70fSBc1hGIZhGIZhGIZhGIZhGMZOwwxZN88Kz8xqLbSWD40duLf/

1: CLIENT -> SERVER: YPKSldZKktOKFamCVVZn1fTKs7NE84w/3HiQIormUskMJEnpW5vrRBnG3maNh0OMSCphRVbhg3gm

1: CLIENT -> SERVER: FT9iVuKzKS6liZTzUe6mkfAK4qai2M0gfBFpmrimyM+ztbg9YA7R7Qk7RiqWI4JiKQnCkyjxWwTS

1: CLIENT -> SERVER: cBW7BuqvIy9XY3HNphjV4CayVSkLwBVJ1FLDq08QSZ/wh+GSQKGXbWBTJF69cpU4IFmZpvyQEEsk

1: CLIENT -> SERVER: lzpvAcmFcqslldx6cdfAlnKM1OWL9JWxj/SoISt3aYYxTDGuiB8bGCkOZvvPTD2z8Psz47PvR5IJ

1: CLIENT -> SERVER: yWQYhmEYhmEYhmEYhmEYxo7EDFm3Rqvdao83F9rZ/tEDh/sPNu4pXC7GLNn+LyhvcaVXta6lClaU

1: CLIENT -> SERVER: r3FQKHeCDcPYEGs8QPJc+ZVYFIbhK84hCFADEj5ihOKfQrYMbEFWIFxptYz4pgi3DeQWhJEYTHJJ

1: CLIENT -> SERVER: LRWoYQhONVLpi7Tur/TXkaaOOhqM55V+vBRqaEtnS0G+CXwb1dtF1Vu+LyQx8bG4qJHqWkJSySoF

1: CLIENT -> SERVER: VCkLApJCnbdAKJdb+5Xt21hR68B+hU+lWDh4bzNUnOKLRqyMW0dChvr63JHaoavLJ/MPXjo+8d/z

1: CLIENT -> SERVER: LD/mcxmGYRiGYRiGYRiGYRiGsUMxQ9at02wuty6tzLUX9w/uHx4YGdwX14uBVtaO2lkhylXdbpCK

1: CLIENT -> SERVER: b0/kVbK4yioMamR92A2hvvkmkhnG3mONB0OeLa7ECiuF8JQVKjRk6SoofOMh5HPINBm+aczSs646

1: CLIENT -> SERVER: xioaS2QLQhYjoVrf6pVXdSSQM6+QgS9UNWbp9oEUbl2YID/zccVQ+fxLcSxfDW8MK2G8dxJNG2BL

1: CLIENT -> SERVER: fIDY40qfog3Wiy/nWkNWFUmhzlsF5bKe0KfNFHUt2rNwr7gqjR/2jNsJcivBZtu5NiTCy7a/lrh7

1: CLIENT -> SERVER: hg+vxJf6P3Xhmcvvwnv6ESTm8WWGYRiGYRiGYRiGYRiGYexgzJC1MRZby62zS9MrV/uLQTc0OjwW

1: CLIENT -> SERVER: JcVoM2vFbRqwcqcrsoImGXCrwbAaSwkKckVWdBFR2HrlbSW10OUxDEPgcxGkfEhiPFSJi3O/nWAR

1: CLIENT -> SERVER: 42WnGwvKUyV79AE4ebYVjc4854oGJT57NFDRUIULS/JGK72W4cgnRqs8kpVWXO2FYKlD6kEYDWj6

1: CLIENT -> SERVER: IuB6LoazHnx5YYxICKuwyitImf4jjYB0vUkqzu4iq6VJbk9wVePXp2xnEH7JVak4N4+vg930gwmH

1: CLIENT -> SERVER: GrP4o4Fmmrt2C0G4eQO1xO0fONQemB1+7OJTE/99cWbp44hZhBiGYRiGYRiGYRiGYRiGscMxQ9bG

1: CLIENT -> SERVER: WWk32xcXp5fO1vNGMnZw5N68P93H81qoaPU6WK98Vbf6S1cnrAoCqmrmLtYJNgzD458fGq5U6JYQ

1: CLIENT -> SERVER: F8UQ/wzR+CO2EXzROCMrr2gUgtQhct4d4lS6jVhBxIiFzDUayXCVFV++XhSPK8oOFm2kpxUr1EU/

1: CLIENT -> SERVER: 3eWVhKuHycowlglPNUlYqaToe0ZZVRApK1GicKiWsEb69bhB0lso6cagMO2fmBnRB/5IQFdjpSmk

1: CLIENT -> SERVER: LUFusFF3B0cOuP2tfc9dfmLqd2cmZj+AcZ9kTsMwDMMwDMMwDMMwDMMwdj5myNocK1maTS7PLl+q

1: CLIENT -> SERVER: pY1i/6GRu2sj0QGu5qD+lUrWcqUVoOLZRbEqoDVEvmn4UqUtwzVM9NKSlRG8aBpF1ntUPozq1FNJ

1: CLIENT -> SERVER: WKEaT9ZKYxi7AX0ixKjkP7SIcEUk6Ria9SHjt6zGwpXGKJ51VcPzFiOEL0gKS+Jz3VmppVsFSjjy

1: CLIENT -> SERVER: MI2WGR5drUvC/JesxAKM984uJBmlEtlxqqsSpQn5XpASq3SlWgOMSLWSGxGKZ5ZrsmlvrvncuAnd

1: CLIENT -> SERVER: 5a3uQrCzyXuP98gbsVLdvpVC29Zgre7uHjtcjC2NPXvpiau/O3Vx+j1FXpxH7OoSDcMwDMMwDMMw

1: CLIENT -> SERVER: DMMwDMPYoZgha/NkeZaPL82tTNTz/vrBw6P3NIaTfWnailqt1LW94jUvnCtE6exEoa7iVOErylq6

1: CLIENT -> SERVER: qb2lBlYSazASyWKKuEC85peVJuWH+RiucSXMJH/wkUQSyK8KEtiFrvLolio3ijeM2448IFUhmJvy

1: CLIENT -> SERVER: 8aGro/kowK3GZgZoRDjPiiuxuKKqzIZnU55Z8VXC+ZH6FdpXOk8Zwv2zzQZoMo3tpAH0+LLlw8b6

1: CLIENT -> SERVER: BGXJUsYq6WLdCKUaLUnwJXWsiuAlIO3CJbQlJKsSxojthzCN+lfl84T+aVjF/A5HSCZl4FUY8rGc

1: CLIENT -> SERVER: DC/QdrtwLX8mVpo6V0Oag8OjbqS9/8zlL11915XzV/8A7+ITzKI5DcMwDMMwDMMwDMMwDMPYDZgh

1: CLIENT -> SERVER: q0fkeT65Mr8ynbQbyfDw0L5anxtbydu15Vbqssy5rFAlNxXbNFfJSo+YymsqcFUZrN/i8IpdVfoy

1: CLIENT -> SERVER: OBixSNgqraQSpzBOSxZlcCVph7UjbmSYulG8Ydx+1p6TajBBXHg+Ksno5PMmxhafJIHEEc+y0sCQ

1: CLIENT -> SERVER: XHxiWVE/LyFWr5HLcOGKK4ov0uV8BGmtFos13ISRtGjJVYVR2lY6IJ6K8wbcfMobcp2iZCgpdIuE

1: CLIENT -> SERVER: N5a2Xd8NHCeNlYtPEZDxkmgfHsYByG1itL66RBiEd6tLeSaWN2JlKcLxTh0ZaLiD0aFL8y80PzB+

1: CLIENT -> SERVER: 6sq78ix/HskNwzAMwzAMwzAMwzAMw9hlmCGrdxRZlk8tza1cyZfj5tjIyFh9pHagmbdq7TwX3XhY

1: CLIENT -> SERVER: uCE6Wvh5pY5bkED5crJ8yyuJg4J7Q4YsSee918DAayNUGb0+N4o3jNvP2nNSnxs6vFRBBI1Y4cmp

1: CLIENT -> SERVER: 2E46VDxVQ1Z3SpQDZ1WIuvEFkWeG4dUKK+gz7jPeVtaoc3VQaC+7EES8Ygb0yX0Erhwn7Y8P8ikC

1: CLIENT -> SERVER: GlRGKqwDwhAJhnD8eNpglucuy3QlVitDOIRvtUYtdkf6Ds0VF+ofvfjc+DvbrfQp5ESsYRiGYRiG

1: CLIENT -> SERVER: YRiGYRiGYRi7DTNk9ZY8z/Kp5fmVS+lisTIwMLxv+EDf3UXd1bIidYXsL8hUvAYlMDW4hSu8npwG

1: CLIENT -> SERVER: K9nSjOmoshWlL50MEAecugkZkWQx8gcNsMToh5TB8qVh3e5ubqRQvzMKd8O4HuvNZZXV8JmR58YT

1: CLIENT -> SERVER: 0on4sOojIs9SV6RCr5pzuhEjFp/nGDlDNql0dUpFDT+rCr8NhLdEEKHajGokRC5dRvMQSfhO8psj

1: CLIENT -> SERVER: hqAKuZilOFqMrxoFAYuEP6Y1EX8j5agjw1il3E4wy10rdS5rI1nO7QQT11+vu8Nj+9zQ7NAXLj0z

1: CLIENT -> SERVER: 9a6l+eWPI2eLRRmGYRiGYRiGYRiGYRiGsfswQ1bvSYu8mF6eXzm5fHVlcmRgZPDIvftfVLi0kWXc

1: CLIENT -> SERVER: ZjB3ea467UKMWXAkkZ4J4wsQvHKXWmFRHvOqARqnLlGai4Nf1CBL+hChQQodwVN1d2OGKmPHIfOe

1: CLIENT -> SERVER: V/UGZCqvMZ3l8QlfzOqlK23p988dEvjHbhXVTBUkS/nEKtvNkMU6QwND9aubUYmXy+r4agJJpH3W

1: CLIENT -> SERVER: nnLM9JPTCoWImCu2JAXg8DMhvliuGLJwzRCRQtoZJMULte1cnjlXT+pubHDYHR7dVwxeHXno0pNT

1: CLIENT -> SERVER: 75ibmv9T5FpkcYZhGIZhGIZhGIZhGIZh7E7MkLU1UD270F5JTy1PN2eGG8MjB4+M3OOSor/dbsmZ

1: CLIENT -> SERVER: L1yUxfN0qLiNYq/IpVuyEkZypRWdQdHtBUmYSsxg8EoUoUPSwr3akCUOrykuJdTV4UYKdRrfVnMn

1: CLIENT -> SERVER: lPCGUcL5t8aUZnDRtYJoDSpZuygDaXbxVubVRZXxa4BAPheM88nkulZrJN0deIakTlYbhI2rNsOH

1: CLIENT -> SERVER: h6aJtxKvyX2iIExQ6STHX1ZjyQGBjNaVW5LGp4vhECMWJEd+nifYlnOx1IiF7HKe4NjAsDtQOzQz

1: CLIENT -> SERVER: MNv/5PjRqf8xPT77fryPpqQQwzAMwzAMwzAMwzAMwzB2LWbI2lraaSs9vzi9PDOQDA2N7R89HNeK

1: CLIENT -> SERVER: wbRIo6zIZGUW9bve5iSqYKUQhbDqeVXJrQpj+BhIZTH1xRKkbo0OamX/XRZMQ5mW0fn0jjuhhDeM

1: CLIENT -> SERVER: gM5tznjCZ6f0rI+k8c+CPE8qfGTksaEIscYL+kRWqSbtcsMh4v2K+qS9q4SsZSTeSkK9gapPWkLj

1: CLIENT -> SERVER: EkAL5RN8HamOTbiSTp9YEvsVuiYrsrj8VNAVqZISXzzgKoXoSqzCZfTwTCzEjfQPuoPRgUl3Kf70

1: CLIENT -> SERVER: 5AtT75uemP1wkRfnmdUwDMMwDMMwDMMwDMMwjN2NGbK2HhqzLi9MLV6sZbXo4JF9d8UNN9ou0qiV

1: CLIENT -> SERVER: ZQ5/KlsNqgiRKoNFwgdxHfVw+OaqLYRKulL3jGD4KoYszehjyzr8dZOsVogbxu1k49NP1gbpc1AK

1: CLIENT -> SERVER: vsRaTBhAw4v6rkeZPQi+yucCxa1npAppbrcRi1z73Fbb4N2SBu8W9qe7h+pHRGn4gzuE+Wwoxr/c

1: CLIENT -> SERVER: GBPFLo4x5pKOIboSlR4asdpI2koL124XshKrSKUo19+ouwONQ/PJeONT489O/I+5q/Mfz/PiHEuH

1: CLIENT -> SERVER: GIZhGIZhGIZhGIZhGIaxyzFD1u2hlaXZpcXp5UuulWRj+0bH3HDtYDttxu1WJgpbGrQyr/Ol8pZb

1: CLIENT -> SERVER: bXHhQgSHKNtFZYsIuTIRT56p6nFVecwQUYoziQRrWvVJSIdVXnIjoxTjV4th7Ewwf/VyXTY0x5Gl

1: CLIENT -> SERVER: zMfHbx22y/OzZiuk3YzRcVot8o0/nfeQGqbKLsl7yL97aMDCu0zeGQzRIM2PJG18cRVWq124rIkw

1: CLIENT -> SERVER: rsYC/Y3EHRja1+ofH/rk+DMTv7Mwu/gg3m/cTpC2L8MwDMMwDMMwDMMwDMMw9gBmyLp9pHmWTyxO

1: CLIENT -> SERVER: L59J54v5/SP79jdGGvsz12xkaa46XyQSBW8MwZ0RQxa34mI4I0XgCwpgXIIOWdTDXoOs4QzxaWOE

1: CLIENT -> SERVER: SBS+wiotUnEGbqRYF0X0KjGMnYk8IWs8ByFArxua48hS5vPP6FrcyeenugpMWlFtSxnFMB0njVa/

1: CLIENT -> SERVER: il7UkKUZmEZS8z2DIE1FIxbfFeKUlLqloOZLceF2gk1uJ9hCUMZ3YOSGB/rcwaGx5vCV0YcuPzX5

1: CLIENT -> SERVER: 3xZmFv8MbZ5GCu7IahiGYRiGYRiGYRiGYRjGHsEMWbeXnKsJlhdWzrZn0tnheDge3T98MOmLhsVg

1: CLIENT -> SERVER: FTlI7mQJlih8I7+oAV+5OBjMRBIvTvlGXCVMclYNWV1bpZWJupyBGynWzXBl7B50Lt9oSu9WQ9Zq

1: CLIENT -> SERVER: 1m6LhjFOo1elgbe6MlTSSZpOOr7OaJjiEiymzPVkQL4MXY73WkojVsvJdoKMqtUSNzY85A73HZru

1: CLIENT -> SERVER: nxj49OWnrvzO3PT8B5FlFikMwzAMwzAMwzAMwzAMw9hjmCHrTlC4hZWl5onlmebkQDJUP3hg38Ha

1: CLIENT -> SERVER: UH04joo4K9ouo3I3dy7PI1H05hmyFF4hHDlZqUU9sSieqS9GXMQVDyybiMFL4yLZWlCSXEtp4Oqg

1: CLIENT -> SERVER: CutuqbLabxg7ntVz3F+rbGTeyzOojp3BdfrIKB2DVWng7TZkybekqopL8I0/YsIqcnmvtfmeaxeu

1: CLIENT -> SERVER: 1XKuDSm4Eqvm3NjQsLur79B0fDH55IWjE++an174MKowI5ZhGIZhGIZhGIZhGIZh7FHMkHXnaKet

1: CLIENT -> SERVER: dHx5ZmUiadfzoeGhg30DtQOtrBk12ykincu8UOnLtQxJzJUNhYujSAxXtGqJsYkf2TKQqbgaSxXL

1: CLIENT -> SERVER: qnwul3cpmkxlHa5nvNqIQt8wthJ5BtaRXrLV5d9ueP5ed18g/j3CDU35NpE1VNVudtm+mYYXpqsk

1: CLIENT -> SERVER: Q5qwm6kY3vm3jLyG+HYqXIb3U5pCWoVrNfEiDGdiIW1/X80dHhlbrk/0fe7i01d+f35m4RNFUVzV

1: CLIENT -> SERVER: Ug3DMAzDMAzDMAzDMAzD2IuYIevO0srSbGJpdulie669MDY6Njx0oO+uZtZMWu3UFboDV2c1Fr7U

1: CLIENT -> SERVER: LhWVV6EQjzqDvreqoPbJhKAO9mGSpvIJYYaxU7hd83XXPRfh3RCkYirSnoZ3iV46hAz4xqVajMBt

1: CLIENT -> SERVER: TfFOkjeKjBkkxpsJL7IcL7Usz107cy5r05qPaLjJwEDdHR474AYmRj518cnJ356bmv8o8kwiim9C

1: CLIENT -> SERVER: wzAMwzAMwzAMwzAMwzD2KGbIuvOkeZ5PrCw2zzVnWtMj9bG+0f0j++O+fKjIqb+NZCsuGrMoOa8I

1: CLIENT -> SERVER: FRVz1FEU64qsUvUsumPGlcp3XspIEIIZT3cQXkIew9gB3K75uuuei/DsByrvBw32AWUaOjoiH5QR

1: CLIENT -> SERVER: hqXM7ld1yXes4TRitfE6a6W5bCPI87C42pSpeCbW8OCQO9J/YHrw6tDnLj01+VtzU/MfRJ4pZoUY

1: CLIENT -> SERVER: hmEYhmEYhmEYhmEYhrGHMUPW9oALqWZay62zi1eXxvtdf7pvbGxoYKhvOEmSepa3XZrmLuMqBkqh

1: CLIENT -> SERVER: imFqkKlIlq0GqU2OuAoiRlFcocXojpJZ9MHe2FVF1M1hQRdFir02nWFsV27XfN11z0V45gU4aDLy

1: CLIENT -> SERVER: YdJVf75eBx/pJcZH3zvMWIErshDOFaRMmuNdlea5a6aFa9KIBeFqLNbXX6+5fcOj7nDt4OX8Qvyx

1: CLIENT -> SERVER: S09P/Nb89CJXYk1LWYZhGIZhGIZhGIZhGIZh7HnMkLW9WG630lMLV5fOF0vR0nD/aGNoeGDERe1+

1: CLIENT -> SERVER: np2Vpk62G8z8Rls8J4sKYzkvi1fZbzBYpSQIEpTMuIoTgRW9sxiymFyzqN8wdhBmyNogaxmq6OdF

1: CLIENT -> SERVER: rmvEV0Q+cHaGhefz+RgE6mosNWK1aMRKc1mJVdCIBfrrkdvXP5IfTA5eXjmdffDyc+PvWppf/hii

1: CLIENT -> SERVER: FjWFYRiGYRiGYRiGYRiGYRiGGbK2I3me5ZNL88vnWnPt6f64rzF8uO+evNYeaKaZbC/octUcRzE8

1: CLIENT -> SERVER: vINBt4yvgquu/NZeqlXOGapJ/IosFlHCZFQ6U/jpaKWvQVaBrcGuU/Abe4Jy3ldkL6Gvicoz7d8F

1: CLIENT -> SERVER: +rKg8P3h3xchrLxgvPiJ4UKAZqPZqnA5hAZ0fjJZjeVcO8tdmwYsb4Rv1Gtu/8iI218/MNU8lf7p

1: CLIENT -> SERVER: pefGf2dlqfkQopqawjAMwzAMwzAMwzAMwzAMQzFD1vYkL4piprncurAwtXi+Lxrou/u+wy92jWIw

1: CLIENT -> SERVER: 5yFZUS7KYjqpKOZWg7LdIJXEFGqeqZjnBQF61W+hqqzmAi5xhji9rDZarWfEInvNAGDsDvb8vGX3

1: CLIENT -> SERVER: yyHo8njrlSc8+z5aho3vF4qsCkU8Bem4jaC8k/AeSvFSaqeFnIuV4cpiEuQdaPS5Q2P73aHo4Pnl

1: CLIENT -> SERVER: F1rvu/DCxLuay81HUOqKVGAYhmEYhmEYhmEYhmEYhlHBDFnbm6Uszc4tzaxMRs16emjswHDf8MBw

1: CLIENT -> SERVER: XEvradFy7dy5Qs7NKlwOd05LVqEnZHG3Qb3yLBuaqegLa7M8opBWZ8zlGdRQV6JvFjNkGTsRM2R5

1: CLIENT -> SERVER: Ebo8Cu1XDArX6uotIKnxJTuaYixzxNPQLiuwaMBqq4SVWDWkGxkccncN3b00PDf0xOTTM++9fHLy

1: CLIENT -> SERVER: d1vN9qNI0WJxhmEYhmEYhmEYhmEYhmEYqzFD1vYnz9L8wsL04snWTDo13BhJRvcNjtQGosFW3oq5

1: CLIENT -> SERVER: 6sFlYr+SxVg0VYkRC5LEsRiyxJRVMAbpxFgFl2ihO9Aren2mFwfL7FZcE1mFsUoMw9iByKMrDz0d

1: CLIENT -> SERVER: 8uyvS5ksOChFuYspr3z/yEqstHAZ3kntFsJSRkeur5a4scGR4sjAkZlkova5i09OvOvqpZn3ZWn2

1: CLIENT -> SERVER: NLIxq2EYhmEYhmEYhmEYhmEYxpqYIWtnUBR5MbW80Dy7Mr0yUW83mvv2j+2vj0T723k7EnWyNzrp

1: CLIENT -> SERVER: KiyeUUOfX4HloyVFiONXqbgOVwZ13DmXeXnMaGUYuwx5niFijQp+ULVfBzeiGB3eA3QzW8FVWIiW

1: CLIENT -> SERVER: 7QRTrg7VLQXp5usjjmI31DdQHOjfnx+I9p/PLrhPXnx6/A/mpxY+hHfaBS3cMAzDMAzDMAzDMAzD

1: CLIENT -> SERVER: MAxjfcyQtbNYbjXbFxZnli8WS0VraGB4ePjgyL4kKRq0VEU8NIurJHKujChcnlGZHPltB1UjTQW0

1: CLIENT -> SERVER: rNKixHFHeQ2YQnxIG9IHzJBlGLsLbifKlZrhI/YsfYX4lwFD1Tiu7wtc5UwsREMyJOJWgnIuVlq4

1: CLIENT -> SERVER: VLYRzF2aIp5GLG4lODDk7ho+2BpYGjm6cHLpQ5ePTbxnaW75c0VRTPlaDMMwDMMwDMMwDMMwDMMw

1: CLIENT -> SERVER: rosZsnYWVPy28iyfXJpZPrE82bw0UgxnIwMjfQOD9bEkKpI8z1yb59SElRFwc7UE101QAR3jjsfh

1: CLIENT -> SERVER: AC1RVFNVDaoqZaY3Q5Zh7GrKZ78EfrFmeZFnnhf6fXCi4VzpyXcE3y80XLWazrUhXInFd0kN75nR

1: CLIENT -> SERVER: wWF3qP/wYjxe//SVZ6Z+78r5q+9rrbSeQIpZTWUYhmEYhmEYhmEYhmEYhnFjzJC1M+EiiNnWSvvE

1: CLIENT -> SERVER: 4tXlS27RzYz1j9X2jQ0diGppf1a0JEFecNUENcZwxIWLxIilhiwxTIlm2hPUyqsMWAEzZBnG7qLr

1: CLIENT -> SERVER: +b8GGqz4J+6k49l6eHfwDcHtBGUlFo3lLefSNgLwskkQ31dP3L7hUXf3wJGF1pn8YxefuvTO+asL

1: CLIENT -> SERVER: H86z/DRSMaVhGIZhGIZhGIZhGIZhGMZNY4asnU07S7MLS/PLZ1ZmmlcarhYPjw6NDA3W+uNaXNPF

1: CLIENT -> SERVER: FTxBiwpozSCGqoqxii5N5pXVnmC4qophGLuH0kBVQd4F4mBsNQXXdNIkHrkML42wEitrI5wGrNy5

1: CLIENT -> SERVER: vnrNjQ4Ouv1DY81DfUemV05lD54/eum3ludXPowCuArLMAzDMAzDMAzDMAzDMAzjljFD1s4nL4pi

1: CLIENT -> SERVER: trXSOjd3ZelUNh/N7B892D8w3DdS66/151EeZUUmZ9lkst0gMqRUPlMx7Q1ZPPsm8kpsBARltgo+

1: CLIENT -> SERVER: otRWf+moyqbpGNZ6VKBh7C569qx16BSnLqkCXypReZYeI2jE4halfH+08f5otXPXbiGM66vwIumv

1: CLIENT -> SERVER: JW7f0LDb13dotn9h6OjM84sfuvDc5d9rLjY/ixSLLN8wDMMwDMMwDMMwDMMwDGMjmCFr97CSZ/nE

1: CLIENT -> SERVER: 8lzz1PLV1mTSbMyNDezvGzjQf6iVN+N2lorSuYDwylUUur7ClVsOkqhra0HdVowKbSIx6txCtrwC

1: CLIENT -> SERVER: w9h5bMFjoZsEEl5VoogSNhREpT5JlucuzXLXzmjE0u0Ec75P8B6p4d0x2j/gDiVHJtJz7s8uP3Pl

1: CLIENT -> SERVER: D6fOT3+w3WzzPKwFLcEwDMMwDMMwDMMwDMMwDGNjmCFrd5EVRTHTXG6enZ9aemFlpn1lqN7fP7x/

1: CLIENT -> SERVER: 5EDS7/rbaSqrsWQpFolowNKzs9RWVbgixHlFtqzG8kp0Xqqrs1R8ZM/odXmGcYfQvT1VNjmt9bnr

1: CLIENT -> SERVER: 7bOhpQVjlsLVmYxhHG3aPGePqznTInMpr1zRiXcEDVjcjrS/0XAHR0bd4frB8ZWT2R+fe3r8txZn

1: CLIENT -> SERVER: lz6ZZ/kZFNFiaYZhGIZhGIZhGIZhGIZhGJvBDFm7k5U8zydWFlZOL11ZGe9L+9r7hvc3BgYaA/VG

1: CLIENT -> SERVER: 0hfHiYvjyG8pyBUYVEoXroBwy0F+aM+ScC8l4qFQ460RVIUHIdXkN0co69ZzGsb2pTKfNzm1ZYu/

1: CLIENT -> SERVER: myA8RVVZDykz9k9tJYO8Byh5Xq7ESnHlO4HGrQQvjkat4UaHRtzhoQPL+9sjZ+ePtz5w4fnx/95c

1: CLIENT -> SERVER: bn4OyZYghmEYhmEYhmEYhmEYhmEYPcEMWbubpXYzPbFwdelMPpfPDMeDrdGB0cbgcN9A7OIkrhWR

1: CLIENT -> SERVER: LrvIXZ46OUOLqy0yBBViW4rwh9sPchMyVYnrWo2OqNmrY8TSFJqWoSy+yrUK+e7ytjfVzmz3thp3

1: CLIENT -> SERVER: nsocueXp0j3XymcKl3Khl79cc64dvkq3FKP5qx99tn1CPusxnlW6kT7DOyDFS6ANR4Yrhe8FUksi

1: CLIENT -> SERVER: N9DocweGD6YH3P7LydXkS1een/nTiZNTf9Bqth9BEp/SMAzDMAzDMAzDMAzDMAyjN5gha/eT51k+

1: CLIENT -> SERVER: tTS/fGJ+YumFYtnNDzUG+/sG+4brjbgvz1tx2kpdljrHXQczZMgiVZaL+SpSBXdMvxihEoTHXptO

1: CLIENT -> SERVER: CpfDGdTuTCPJ5IuhuazwYGnlh2n8h+VEUXkijyCppfyOdPkq+cOH5RSssyuhXm4Z1r1mxtDLwIZK

1: CLIENT -> SERVER: N3pNda706Jasmn5aNK/ETwOacPWZWBuZjx6Zo1LIOmXj0oEVVOcaYiWTj+EqKnhjhEU5nPQGQXx4

1: CLIENT -> SERVER: mqROX1n1IylwocjWovKM63Mu2whmEJTbpnHbG7gJz8Ia7Otz+wf3ZcPN0ZNLJ5sfvfTM+Ltnx+c+

1: CLIENT -> SERVER: mKXZMSTxKQ3DMAzDMAzDMAzDMAzDMHqHGbL2Brkr3EKWZuPLs8vnl6ablxppY2FkYKQ2ONp3KM/T

1: CLIENT -> SERVER: JMvaosjmSqycdqrC6cos6r2DUh2XXBJJoPiDAlyJVEHufZrP5/VK9NLQJcCBzGIY6wSCsP6rQ5e/

1: CLIENT -> SERVER: K20FBq+KWiflDUCuNTOGvpA1KjPuEJX70KtbskY5axV9PUNWNUfpomONLNcrpSsTHhUReOXJqU5J

1: CLIENT -> SERVER: wOasblPsM/DDJ4tZ5BvPLo3Q3DSQz3o4A4siqzOZBGlpwOpvxG50YNAdHjrUbkyPPDL11Ox7xk9N

1: CLIENT -> SERVER: vm9lceURvCsuI5kZsQzDMAzDMAzDMAzDMAzD2BLMkLW3yIqimGott84sziydXZ5uTTSy/ubY6L4B

1: CLIENT -> SERVER: /Bmq1WtJVFNVt5yRUzjZUqygUhvXsPUg42jpUpuWarup8BZVuXcriBMhqkhf05DVnQmYIcu4FSr3

1: CLIENT -> SERVER: oVe3ZI1y1ir6thuyqk4+O9UpCeRRWtUmee68G48vZjGf7Vye4xTXdla4Vhq5dluNWHzuaSBLarEb

1: CLIENT -> SERVER: 6htwh/ftd0cGDsyPtPefXT6VfvLy01feffXSzJ+k7fQZFGfnYRmGYRiGYRiGYRiGYRiGsaWYIWtv

1: CLIENT -> SERVER: 0syz/GJzsXl64cri8WzBTQ03Rt3Q0ED/0HCjvxYnSZ7zfJzc5VRsB0OWN2JxeZecneW3JaPiXLcz

1: CLIENT -> SERVER: i10Md0eN7rXsDGB4DOmKhysYsrxXuZEhy1/h6NLjM3xVxtXl3BzItWbGam1rVGbcISr3oVe3ZI1y

1: CLIENT -> SERVER: 1ir6hoYs+VOZN/SvkeV6pWisT1F1ympGOiDhUYObWxrSS5Hksi+o+ml85gosPsMZDVlixHKu3Ypk

1: CLIENT -> SERVER: G0E+51y/1V9vuLHBEXdw8ODywOLw8dZZ98nJ52f+9PLJK+9dnlv+dJEXF30VhmEYhmEYhmEYhmEY

1: CLIENT -> SERVER: hmEYW4oZsvY2S1man12aWz6xcGXpUrqQz+8bGhsYGh4aiuO4nudpVOR5xDOuuEqDSnAqxKPYuTgq

1: CLIENT -> SERVER: 5Hwd6si5dRk/EaaTGrSI13EzvReJEOEX8AV2mbYkiGtGeO0WGs0qSVUxr04fzkTiK6E3tLtb8AUR

1: CLIENT -> SERVER: Q0RVJLFPsyaMCJHrJjJuB903v7e3Y42yVgeJn3OmpGyQwihIjOfHO/00U1/4hInMUIWJ/DWIZAxO

1: CLIENT -> SERVER: zSdnZGmACt0QTmFfpAQFQxYlGLEYKyuyMr8KC8LgBGn7aw23r28sPzhweD6/VDw6fnTqj8ZPXHnv

1: CLIENT -> SERVER: /NXFP8f74lmkXIYYhmEYhmEYhmEYhmEYhmHcFsyQZVCBvdhupqeWZlZONOezlYYbcEMDAwONRjJY

1: CLIENT -> SERVER: JK7moszRuCT68hji9eJcucFDdgpqziUimLGCGl19qmeHWzxeeBhXGY+0FBLc1bQQLcPHd8FAvUj0

1: CLIENT -> SERVER: agnJ6akiBfrLKtG2rwUjq2LcUVbdDp1jHdkMq4oWKfEBMnuvifBzh1FeZBLijzjLtvl1WoXG0fok

1: CLIENT -> SERVER: 5ZUZGen9weUL7HzE6yNVtDh+fPkhHJcM18wbsmRlZU4jVlSuwqonsRvuH3QHhg5kw9nIhexi/vCF

1: CLIENT -> SERVER: oxN/ODM+976snb2AJAsQKdYwDMMwDMMwDMMwDMMwDON2QTWnYQSiKI7u6+tvfMX+u/Z93f77R78h

1: CLIENT -> SERVER: PpR/1XL/0j0r2XJ9qbXimu2myzJdoRXnzMBJFLkkSVycxLKiI44zhFDfHV+jaFfgKBAXVj8JSE8t

1: CLIENT -> SERVER: PK5FRFW7mMnETzS7ukOYKutDOq584XdI0yGXRvjqQ5XewlW2oFo0ZPXmhmVT/ZWX7hQKV68Zd4bV

1: CLIENT -> SERVER: xqubvhdd81DpzLXOXFidjDOPZ8RVa4nFpyEFjbskz30JeFLYRkSHEPHwD58H+PR5UVMUA9RcVaXb

1: CLIENT -> SERVER: z3aW3Wa5eDDFSAWBF/UgGAk4FhniKAxnYp59VyBBgvj+er8b7h92w9HYTHwleWz61Myfz4zPfqG5

1: CLIENT -> SERVER: 1HwCeScki2EYhmEYhmEYhmEYhmEYxh1gtZbUMEgUx/GL+of6vnrk0NBf2HfP2FcN3FN7Vbt/+f7p

1: CLIENT -> SERVER: bHZ4aXHRNduZS9tq0JIMiXNJErlaDZIUDk5MrpgliaKd8Trb+BXO1NLpR3tDQY06hQp2pkC+UuFO

1: CLIENT -> SERVER: v4ivLOSTEHUTbuHG0NVQkR/yKJ10ZWhw+CgzZO08tochq0OZnoYscfv5KhlCJDz8Q0MWgjQdy0Qg

1: CLIENT -> SERVER: /WU6T97tj2KW7VuACw1YwWCVwc8dA2ncErc3XLGEBM8j21qPa26kf9SNuH1XanO1EzNnZh+euTz/

1: CLIENT -> SERVER: yZX5lS/meX4eSViEYRiGYRiGYRiGYRiGYRjGHWOVltQwumhEcXSo0Vd/YOzQyBv2fdnYNw4cib96

1: CLIENT -> SERVER: pa9113JzoW9+ZbnWbKcuLXKXU6GeFK6WOFeLIaKEV+uV33VQZhsNVNTWdxuyCjVkcdMzMT4gXjKU

1: CLIENT -> SERVER: Kv1VhGnbPX0jyXttarUOeNNE+aXpyhKqRSHKDFk7j9ttyKKXhqwqOmt9eimjOz4YsrqKkiRqyFL8

1: CLIENT -> SERVER: rIe/y5AlxWl+9aK0SA1ZFHaXaxkzPEpcNZnCTysUV17RkMXS+NzV49jV65EbqPe5oWJsqW9l6PTi

1: CLIENT -> SERVER: 2eXPXD0386mF2cWH8yw/g8Qt5jAMwzAMwzAMwzAMwzAMw7jT0NJgGOuRucLNZ2l2cWlh5ezilaWz

1: CLIENT -> SERVER: +WI8NeAGWwP1wXhwqG+w1ler1etxFGMmcdVVFFOpjpxecU683l3x2vpODBXwqrjnh4iJi+mYyIsa

1: CLIENT -> SERVER: EUIAURV/VdZF6lw7xfr5VsUEr7/ysn5e406w2pB181ybrzvE+9YqflWYen0gprM+BvQHISFCKef7

1: CLIENT -> SERVER: KjRIw0sbrYgP8+VocCHbCObeoBXSa9nc8jN2fbW6Gx4YcKNDw8XY4Gg+6sauJhP9X7zy3PQfTZ6+

1: CLIENT -> SERVER: 8r7lxeXPF3lxETltFZZhGIZhGIZhGIZhGIZhGNsGM2QZNwP15ItpO7uwPLd8Zml65XK6mE0P1Ibc

1: CLIENT -> SERVER: /tF9A7WRvsEiKuI0T12aZdxJTaQ8k4eGKlGssxgpTcU75DtChojKe1Xqh5Vbosznlzjo9tLtFFiS

1: CLIENT -> SERVER: +jVGfOLkFX6JRG1cRaNJusWjdXYLL/qlrFqIY+xkKve5I9U5Qjcdgc7NL5PgK6SQK7NIshjXMlWZ

1: CLIENT -> SERVER: porM92qMTy7GLS/8yDNE/JWrr/hsZUUuz1kqK7EgqXMpJIebeVhELY7dUN+gOzR20O2PxqaSmYHn

1: CLIENT -> SERVER: Z08sfWr8+Svvn5mY/Qie7WMocklLNgzDMAzDMAzDMAzDMAzD2D5QZWoYt8ponMT3DI0Nfu2h+w68

1: CLIENT -> SERVER: aeCuvtcVB6OvXKzNHZpfnHHLzRWXZq48PyuJ/VaDuNIdxXJ6lirw6ZAw9ccuEaW9KOtldmoh/PbF

1: CLIENT -> SERVER: qXber0rpwDBm6YRLnpjf1bT0r82NjFPVKs2QtUsp77HMno5TZuzNIUWU80ML7HhL1yoqMxcOblmo

1: CLIENT -> SERVER: ISoy5XNuvQkvDcXczhNpigxXGrEQTkMW4/wunQ6PmWvUIPW6Gx4cdiO1/Uu1xcYLC2eXH5mbXHhq

1: CLIENT -> SERVER: dnLukbTVfh5lTiOHYRiGYRiGYRiGYRiGYRjGtqTUnRrGLRO5fbVa7SV9w41X7btn39eP3Dvy+mx/

1: CLIENT -> SERVER: 65ULbmb/UmvJpUXhMh7Yk2dUxctki4M9gAp5CcAFwq0Ja0mshqwIqamMZ7Tq8SU5RRCtfunzaCJR

1: CLIENT -> SERVER: /jMPoOFJ13v5AGF1vg5myDI6U4U32N9kudyCIatrbmiBZdC6E6c6uZi+s7qwwMTTVY2FrHQsclzx

1: CLIENT -> SERVER: gMj5XHDLKiw+ZhAxDiM9z8Hqr9fcUF+/G44HVvrSsYuLl5qPTp6++omF6cUvpu3svN9G0DAMwzAM

1: CLIENT -> SERVER: wzAMwzAMwzAMY1tT0Z4axobpT2rJS4f2DX3d/vvGvmng3r7XJaP5kZUkHWzlS4PtotlI01akq0cg

1: CLIENT -> SERVER: 3Aot01UkouGPnUtqNGRFYrjitoJU3vMjftoQKjM1WsOQVXD/NObhlWnplWTd6dZDivdJeRH/KsyQ

1: CLIENT -> SERVER: tQfwc0dnAcRfGMhPCcPglShSOnx2gebbVWDicIp2gURitw2JpVwarmi1itR4hXkcDFkUponKSciW

1: CLIENT -> SERVER: Ja6GB6WWJK4R9eWDtcGVwWhgPmrGV1autE/NX1p67Orl2U+tLDcfQ9G2AsswDMMwDMMwDMMwDMMw

1: CLIENT -> SERVER: jB3DapWqYWwEzqNaFEVjcRLf3T/U98r99+x73eDh/lfUD0SviA+kD7Rca6Tdart2q+VW0hXXStsQ

1: CLIENT -> SERVER: XU1CA1HEFVk0aEFkVYlo+zuGLLnKh8p7CC8aKCLrV6QgH0ao/M8RE/T9ZYQmVUc1VGHy1WHGHoE3

1: CLIENT -> SERVER: Xm6+nzS8iEVUZ18XmGsSTXfFYFqm8vEdaMTiTF1VDg1UnKuVxGrI4hlzariiTYtbCEoaZOczkeCa

1: CLIENT -> SERVER: 4IGpJTXXl/S5vkafG0j686Rdnyiu1J9fvrzyxNXx2ScWZpdeyNrZhTzPJ5Cb52B1N8swDMMwDMMw

1: CLIENT -> SERVER: DMMwDMMwDGMbk/irYWwWrhNZKvLiarvZPrM4vXh8YXLxVLZQTA/Xx+KR0dGBvnq9L6q5GldlZXkG

1: CLIENT -> SERVER: 0TN/RFGvZZRWgGACCKaCGMIt02JkqBoKSgFFMGyVIK+kxwdONUXoRxLSmuUrDtmkNvEglTi88I+U

1: CLIENT -> SERVER: oaJfxq6j6waXHpkY3qXQkiTzLsyncirpHKID8XkoAiJTFc7Y5+gIDVQ55hfnqs/NBwN/+GxUJZOC

1: CLIENT -> SERVER: vRELTWgkiRuo97nR4TF3sLF/ub48cHz++MqfX3xu8v1XLkx/cHlh5ZEszU4XRXEV2Vqa2zAMwzAM

1: CLIENT -> SERVER: wzAMwzAMwzAMY+dAPaphbBX9SS3+sqGxoa8ZPTL0FwYO9H35wIHGS+NR9+JWfenA3PK8W1xedsut

1: CLIENT -> SERVER: No/6kdlI+0CNTlwlCGFwinCVFhX4XInFcG4nGDGAbgR7HT9gIlK4CAXHXE2T0U8DQuQKX3YuSeDC

1: CLIENT -> SERVER: H5YnXgriJWWnQATQkObdQI1dxq6D97WcPp15RAtS1y33hiyZL/Tjq9AZVeaXHPij00aNVDTI0pCl

1: CLIENT -> SERVER: QYWsGJQpyDOvfGG88nlYLQGeM9dXj9xQ34Ab69uX9+WDM/lCfH7p0vIz///2zrNLjuM6w5U6TNiE

1: CLIENT -> SERVER: tAAIkpYoiTJNpSPb/99fbNlHVuARLYqSSJPgQgSwcXYndKgq33ure7Z3ANASJYgI7zNzu6pupZ7u

1: CLIENT -> SERVER: mi/9nls9e7T89emj2X/Uy+Y3McajrgsAAAAAAAAAAAAAAAC8tFx5NgvA80BrtWes2Xe5uzvdnXx/

1: CLIENT -> SERVER: 9/bOTyZ3ih+qrfbt2ix257HKV9VKV02jvG+pR+Tn+cn4ENJC5Qf4bLoTssSylGcun/WzDJWOIh4E

1: CLIENT -> SERVER: LZa4FLLS+HS87MjVUpTtDZMnASHr9YDuK7+jjZG1J1AmhMv1IBluQ2uJ8pfLgnKXnahE9eyShROo

1: CLIENT -> SERVER: zFFX3JNXJWVCt7Umt+mM1zqnLIlxymubAw0tLfwsy8icKvIsliqr8mZyHObZZ82j9reH949/fn6y

1: CLIENT -> SERVER: +LVv2oMQ4gPq3pABAAAAAAAAAAAAAADAS8/62SwAfw+01jdc7r5dTov3pjdGP9p5e+vH5W7xps/q

1: CLIENT -> SERVER: 67NmPqn9hWvaSjeBtx8kaxWlSdgS4UqErJQXUcullGUFca6DYuhjtIgGImQNlKdeyJJ87CJiunKC

1: CLIENT -> SERVER: 2vNcXReu4zNIc/Bhsz34RljfhO6mDO5ZjwiVfwHp/Wxyp7vh6SgLZDCOzMGHJGRdgV9m1TVlIYu3

1: CLIENT -> SERVER: A0yRWknI4mG4i0RZeTKq4vx6eG5Kedl+kBo6WohFlqlxWcYy3/KFzs9d5Q7rY/W/ZwfnH8yO5r9d

1: CLIENT -> SERVER: zla/barmo277QAAAAAAAAAAAAAAAAHil2HwMC8DzhlWCnKwwRt8op+UPdve3f7x1e/zD/Lp9z2z5

1: CLIENT -> SERVER: e3VYjZZhZaq6VnXTioUYVOgFKDpoE5No0QtZ7OvqErwNIdvwjUQdmtWCJB6EyNExHd0Y3J7H7Ltw

1: CLIENT -> SERVER: PQsiMt9gGPANM7jXfSL3aMDXEbKMCFlpoCQ+dWM8ce+7tdP700JJJlnqzUKV7AuYFCppInXs79LO

1: CLIENT -> SERVER: yefOc1v6i2TGkjkRsSblOBZ6fB7P1GeLw+Z351+ufj07PP/lcr76KIZ4SvPMaQSOwJINNAEAAAAA

1: CLIENT -> SERVER: AAAAAAAAAOBV4olHswD8nZkaa+643N2b7I5/sP/23r+WN8p3sm11r7XV7ko1o2W9tHVoVB0b1fpW

1: CLIENT -> SERVER: IrVEEmAVQAQtMhakAqVJoxKM1coaK5FZrBXwYk/bA3L/TlAIJkXVUIGTJGHQh0UzckhzhuaCkPWC

1: CLIENT -> SERVER: sb453U2h5LkJWVTcHEnKfOjqpAdnaB1yl0jrNFCG12XXOiHrMa3JSIuM166ltWqMUbnNVOlKNSmn

1: CLIENT -> SERVER: Kqvzman0kZ+bg/ODiw8fHxz/52pe/8E3/iD48Ii6X8h4AAAAAAAAAAAAAAAA8Aqz8dgXgG8Mo7W+

1: CLIENT -> SERVER: mZf5u6Np8Z1s7N4od/K3tm5M3xnfHH3Lj+u9RVhsXTQXpm5qEbTa4FUMHK2lVORYFI5wYUvjKWOV

1: CLIENT -> SERVER: stbQQSexi3wsZHEq4pWUKaNZukr+FL9Fn6cJWaxvgBeH9c3pb6bcyiv8rYQsfsXacCQWUr0sOJ4j

1: CLIENT -> SERVER: mYikbOSWaCtP/XhB0pfh9cRbVkoEIWVYaNXKKWecynOnJqOp2iqmjTrJDmYPzn938Xj5+2beHtTz

1: CLIENT -> SERVER: 5vPlxerjpm4/pmFmaTQAAAAAAAAAAAAAAAB4Pdh47AvAN46lVbmllS6MNfvj7dH7127v/iTbdW8V

1: CLIENT -> SERVER: 1/Pvxm3/VmVXW01oslWz0NVqqerap/cNkXnWDVhMYLGAE0eL3CYTeYIFB1Y7WFDgsmKBisULKrOI

1: CLIENT -> SERVER: IdOzj2oH/w4WM7Qlx1AY6dUwUS8Sg1rwvFlf7O4+UPKkkNVliBQDlXLPQpbGYBCJ/aNBfOfiEdh8

1: CLIENT -> SERVER: 9CJkiU7FQhULqV0li6oiZHWW1hzV0ZISXZUsd0blea5G+Vg5O24Llde2cY/isf796f3ZLx7fP/q3

1: CLIENT -> SERVER: ZtX8kfqf0PxL6s3bB/IMAAAAAAAAAAAAAAAA8Frx7Ce6ALwAaK32rHNv29zemuxN3r92d/en49vl

1: CLIENT -> SERVER: u37U3Iqj5ub54jxfNAvta6/aNugmROXJZEs3jsJiEYsVKzJOeMGLqEDGZaqWetat+J1ahr1Ux2KG

1: CLIENT -> SERVER: tOugkSSKptcSRCCBkPXCwTFOQ4b3488SsuSQ2vFR1hEZR2QxvWYV+MN+cjwhZPU+ylvqqGmBsXjl

1: CLIENT -> SERVER: aLE5Z2OeOZXrPE7ysi711sxV2fHqtPni4R+P/n1+tPjvetl84lvP0Vc1GQAAAAAAAAAAAAAAALzW

1: CLIENT -> SERVER: PPuJLgAvBrxGMzJrjLlVjIt3R9vlu/l2/q3J9eJ745vFd8wk7jehKpvos2Vb2WVTqbqtVOCYGRYW

1: CLIENT -> SERVER: bBIgIh+pLO/RYtGBRuYgqyRiUcrKFeUZ3mJw+O9ggYSFrD5ah4Us3l4ulfqG3aBDNorPYrOZCGXE

1: CLIENT -> SERVER: E/4uBQOGF2lwgXr32tXdnvV943UwgKtTTbdA6OvpwB9ZR9yIYFGLI7T4HvWRV4byrH/xGmK/vPeK

1: CLIENT -> SERVER: Psbye69yNSoKVeZZpPpm5ItaV+5xdRI+XR5Wn6zO6y/mp4uPyf4rhPAnmqLpDAAAAAAAAAAAAAAA

1: CLIENT -> SERVER: AF575HkuAC8RE631ljZ622b29nR38k+7+zvv5VPzhhu5G2aqb6txdaey9ZTFrNp7VUevmsDv1GpU

1: CLIENT -> SERVER: CEGFNpIlIYKjsVibYiFLNKoUkEV2+dfo3CJK9JFa1JXSmPp0bYfHddKlm3D/Hm5yOR/V8LdrMOzO

1: CLIENT -> SERVER: rmG/V42nXqpnXL8rDNqk65au0vqKDi6cvPeMHFLs9aq+jlLfNQ6sSvV11Ie3rOxhVy94cj3Pw9F8

1: CLIENT -> SERVER: jhaTM1Y561RmM5W7TGVZoXKVz90iPwyr+Li58A/b8/bhxdHyo9nh+YfVsr4fQzgPMZ7QwGdpVAAA

1: CLIENT -> SERVER: AAAAAAAAAAAAAAA9g0fAALx8aK33rLP3bGb3bWauTXZH37nx5t5Pd+6N3/O2vdZkYbTwy7JWVbZs

1: CLIENT -> SERVER: FqppG9U0tWrrkN6nxYN0YoTsFLgWspKfjTULqbL8Li0y3o+QnEbHlO96pE8Hb0PIX1E9iHVFohdP

1: CLIENT -> SERVER: mL53IlVwlA+z0W0ziOiVYvO3Ck91DkgXL0GXjkWqdUGOlK4vmr7cKpCL3IQysg0gweuBhSwuctSV

1: CLIENT -> SERVER: 3Ds2Hp+dlOci31reKpAj+Xg9WFoEmYhXTo3yUk1GE5WZ0cpWdhaX8fHJ5xe/OXkw+6C6qD8PbThp

1: CLIENT -> SERVER: a/+obdr7McSH3QwAAAAAAAAAAAAAAAAAnkH/CBiAlx1ey1YbfWc0Hf1o98bWj7KJfcOV7lq2k90t

1: CLIENT -> SERVER: 9rK3wqS+UVVLt1KtbUPtqpq3IGxU66OK/F4tGkBUBR6JBREudE52cXSViBeW8myUZ0Ej0UdrdVFa

1: CLIENT -> SERVER: 3DByOdUO/2mSHcgXXB5IYEKvx1z1Xun2TC7FnL8N/XaKzF8zNo/zVf03f6vwVOdVIl9qybBIRTcs

1: CLIENT -> SERVER: hV2JT+ZbT/kMIctLc9k+kF91JdsGksl2gVQWsYrbspGH33VVOqcKlyvn8mhs5kuVt0XuvF5ls/rc

1: CLIENT -> SERVER: /6k+bb9oLpqD+sIfHH158rNqWf+K+h/TACx9tjwSAAAAAAAAAAAAAAAAgP+fP+MxMQAvF1qrXW3M

1: CLIENT -> SERVER: da31VBs9Hk3Ld3b2d34wvTn5XjZVd+xEXYuluVbpxc4qVK5uKtW0rfKejLceZLGDUsn7mCJ2OiGD

1: CLIENT -> SERVER: xSvWqFiO4Hz/D2KtR4Qs8vV5rpR8arKGuzGXfm63IWVxgefc6Ny7Gam6UkhsikVSJefT8ZQ+zEbx

1: CLIENT -> SERVER: stmg71Vh6OlcTn+1Id0L6b9xek8wrOaZn2xOnoGTRSe+RYGcIl/J/ZKczHVlvmFZGpBRe0noIF1Z

1: CLIENT -> SERVER: aqJztXQzMzF52xW5KKWbX7hMTYqRylW5NK05iyt14ufmyC/D0dmjs4+Pvzz9Zb1sPqN5FjHEefDy

1: CLIENT -> SERVER: 3qsLMgAAAAAAAAAAAAAAAAB/IZvPrgF4VRA5gk1rvWUze68o87dtYW/Zwlyzub02uTH69va97e/b

1: CLIENT -> SERVER: LXXTZ37Hh1W5rBZqVVcq+NBtQ+gp9SJmiSgyVKEoz+KHQGUWuHohS8p04HzfhX2pircoTHlB8qnt

1: CLIENT -> SERVER: un1X2Q+fHL3YFS/H7JFJuXUScNYDENJT6onB+W6y6VrP3fcleiHrKd0FqV53XGcSNE4S2Tb8BAtI

1: CLIENT -> SERVER: DNekPOXoy/NcjpdIvlTPVdyejbcFlKado69LzgFc7nxyvbsy56Oja0w3x1irMpepaVaqSTZWzjil

1: CLIENT -> SERVER: vWnzWFzoeThcHtafnx2e/6FetI98HU99E4597Y+qZfVp2/ovaLwFjcrT8+iIwAIAAAAAAAAAAAAA

1: CLIENT -> SERVER: AICvybOeRwPwqsHC1khrXVKa08ovXGbf2Lm1/c/T65Pvuqm9W0zNXbetb8ex3ouxKX302bJaqVVd

1: CLIENT -> SERVER: q6ppVO1rFWJQLQsmIW1DJ0IWG/+T2Ax9WWWivLioTopDH31slxe6vDGdmNX52HoRh/skV0rXQlbX

1: CLIENT -> SERVER: 7hKOS2LWLVKTgRglbBSZTVc3NXeWRMrdCa3fH7WBuNf+QQPKptLAN6DTnqTWy7HrwImoUZfnJylP

1: CLIENT -> SERVER: Ql+uku0A2djFfbhAcHYNdyIHJ72xmMjm6FIVNlNZlilDZl3GWwYqOrZulZ3EeXysKnXeLONxmMeH

1: CLIENT -> SERVER: i5PlJ7Oj2YerefW7GOM5jdvQcDXlK0rnZFemBgAAAAAAAAAAAAAAAPD14ee5ALy2aK1v28zeMVbv

1: CLIENT -> SERVER: 2NzuT/cm7968u/uPbpzddKXaU6Xfa23calVdLvUyD9HnLGjVbava4GX7Qc/v1wqKLKaILVZ5+n9W

1: CLIENT -> SERVER: L57IIQkt3ITfu9Q3WaeUEZNCsktRKPVLQpa+lKlYnpMOfUNOu84DtChpl3Ta1J8HnwclMkM3jQhZ

1: CLIENT -> SERVER: rCI9ZZwnhCxKOIJKoqikYwf35bqUSL8kZnEpDdwLhb0nXYO4FtKuCFlk7NPkZIGKWrFH3mnG4qKJ

1: CLIENT -> SERVER: KRLO0sFqq5w1ylqnSpeRjXyh85UKbhVWemYpXx83Dx5/dvyr80cXH8QQF8HH89iGU9+GhyHIdoEs

1: CLIENT -> SERVER: XAEAAAAAAAAAAAAAAAB4jqQnvQAAQRv9Rjkqvu9yez0vs/1s5Pbd2N7MJ9n1ye74drFlb4fC767i

1: CLIENT -> SERVER: IgsmZHXrXYytqbw3ddtqjtjymqOiQrcdIcsy3dubqK4XZuSPx/meQZ7FFm4QyEQU6upE5Iqa0oGQ

1: CLIENT -> SERVER: lZQdYtBQHOJcsylc/U2ErH66DeSchW4SKl8RsoZzc11X5ir6Xhm2H4ub8Dn3P1d+f1cXtFGBLhqP

1: CLIENT -> SERVER: w9fHGKMcNWbxjqPcrNUqtzbm1vG7roK2ytu2bJ12rTNZqxt9MT+s7jdn9YN2FY6bpT+OrZrNT5d/

1: CLIENT -> SERVER: nM8WP48hfppmAgAAAAAAAAAAAAAAAPD3pnuEDADocGQF/TMyrfQopaowmb0x3R5/d7Iz+YdyO3sz

1: CLIENT -> SERVER: m2T7bmT2XBl3dK52Qq62V6qeBBszH71qPVloVUv56Hk7wkZ5KovFqAKHD7EQQ4OzWCMCF4cXdXBR

1: CLIENT -> SERVER: rM8wItSQdf9aSfjQlZ/gGf4rItYw38+zCbXpxab+xETIYp7SpxefNuvEz+PweOLgA9GNLVVdfZes

1: CLIENT -> SERVER: 27Cft2NkkY/nljy10MYqbR2ZlUaG8o58jtLMOWpnlPG6LaNbGZMt48qf+0rPwjLOfK1mYRVOZ4/n

1: CLIENT -> SERVER: nxz/6fhnTdV+QufI77Nia2KMc5qftwrEO64AAAAAAAAAAAAAAADgG0KeFQMAvhL+n+Ra621jzR7Z

1: CLIENT -> SERVER: devMrrF6oo0eaae3prvjd66/ee39fFrsm0JNfeZHKlPTOIqTEFq7qBdq2SxU01ayHWETvAqU8naE

1: CLIENT -> SERVER: wQcRecQ4iouNZlzrWizmdILOpvizDs0a+jfbbjL81w/zT2vP9Ztt2L6q37PmfRrdOCxUiUjFRv0l

1: CLIENT -> SERVER: 8oqFKS5TnlOJrmKfMcpybBWleVaqUTGmNFfGWrpu1pvGLUwdL0KrFi5k1fxocXD8xfH/zE8Xn9C1

1: CLIENT -> SERVER: XUXPFhZ0+ReUXrRN+9C34YCmueBzAQAAAAAAAAAAAAAAAPDiwM+IAQB/GfxmKo7c6t9QlRlr7oy3

1: CLIENT -> SERVER: xu8Xo/y2zcy2zszUFnbH5GrHlnqr3C33y918P+Zq2qomC7rN6li7aLXzrdcx8vu2WhVaft8Wv3fL

1: CLIENT -> SERVER: q9o3ijwqcrgWC16UsNjFAhenPDELXqJlifiV3i7Vi2Jr0WnIV/3jN9sy/V5+zHC83icnkbJCl+dX

1: CLIENT -> SERVER: cvG7vNaRXISIVGSG2sg5c5kVKsrwO6zoIqrCZiqzjuqtMjQIv88qCVqU19ZbT5dE5z6nX6yta+sL

1: CLIENT -> SERVER: dVKdrh62q3YWvVmqJizosp23VXva1nFG12W5nC0/X1wsPww+PKDJ+l8xfLUWIq4AAAAAAAAAAAAA

1: CLIENT -> SERVER: AADgBWXwmBkA8FeypbUe07+qoDTv0lJrVZbT8p3dWzvvjrby/ejU2BZmSzkz0YWautxMQx4KY/Qo

1: CLIENT -> SERVER: 6OBUbG3QjQsu5I1SNoQoQpdSUbdN1MGQBX7nVLfDn7yMi7/8Dq4gWxd6Ubboy8laTaJClxWhSzJd

1: CLIENT -> SERVER: ysgYl0jTXqpjuJKMxSg+pE9C+lGBt/sTc0mAYoWqb8MRVYZ8VBVNqyNHVBln6BRtpGliobPWeF07

1: CLIENT -> SERVER: pVtq5bU3japjxZpe9Hrl67jQLFR5s6Qf3tAlWRwdHH90dnj+QWjDKU3R0u9q6MdVlK4ipeILcUYp

1: CLIENT -> SERVER: oq0AAAAAAAAAAAAAAADgJaR/xgwAeL5sW2fv8paESuuC0m3jzJTNZmZLW10Yq0fKqtIYNcom2d7e

1: CLIENT -> SERVER: 7e23ip1yh/6krOo4ZULWxui0MZlS0SkVXMuKUgw6mmBN1LZRtVXKWBayogta0ZeFrBipLMFHCRGe

1: CLIENT -> SERVER: 6NAJWlpzhiwVmV6IIienPdRASuRbfziqqtWRm1k6eRrFWzoFqonRWjrR6KPnej4J7Y3SLFix+RhN

1: CLIENT -> SERVER: Y7TxJuiqOm9Ozr48u7+8qA5jG5d0ulXwcRVDbChdBh/I4rzzVdGHeV03n1KetwUEAAAAAAAAAAAA

1: CLIENT -> SERVER: AAAA8AoyeEINAHiO8H+t346Qd9Zjs6IEdT7KyI57kVJjza2ta9N/me5O3rCZGVNN7nK3ZTI9crkZ

1: CLIENT -> SERVER: m9xMrNWl19rSx2mjMirnUcciZqrQmZmoXGXKq2hUCJ7jn0zrgnUyB2O80q0NRmltOLTLceRXV8ew

1: CLIENT -> SERVER: kNVSX2tNCEEHcXYNROTyIVoWo1SknPY0VxNjrLXXdfCh1pFmMBwc5hvfqNrwJolNrH0T56H2y7aO

1: CLIENT -> SERVER: y9iGVWgDpWoxP1s8ODs8/wW1vk9jLmkaPtf+lHh+VtpYjUv5y20BsTUgAAAAAAAAAAAAAAAAAAAA

1: CLIENT -> SERVER: AAAAAAAAAAAAAAAAAAAAAAAAAAAAAAAAAAAAAAAAeK1R6v8A3x9BRlKGeaIAAAAASUVORK5CYII=

1: CLIENT -> SERVER: 

1: CLIENT -> SERVER: --b1=_Kd73vGWdsb2G1mDHo2WTn2o1iuvxLt3tmffvNJzg--

1: CLIENT -> SERVER: 

1: CLIENT -> SERVER: .

2: SERVER -> CLIENT: 250 2.0.0 OK  1763714520 d9443c01a7336-29b5b1070c3sm50469355ad.12 - gsmtp

1: CLIENT -> SERVER: QUIT

2: SERVER -> CLIENT: 221 2.0.0 closing connection d9443c01a7336-29b5b1070c3sm50469355ad.12 - gsmtp

